n,figure,as_said,where_in_the_video,what_it_is,how_we_got_it,source
1,5 of 40,the five of his forty years; all five matched; test five of his forty years; the answer is five of forty; all five of those forty years; On five of his forty years; the answer was five of forty; all five landed,Cold open; Part 3; Part 4; Part 8; Close,"the years of his table our data could reach (2008-2012), of his 40; all 5 landed inside the limit",counted,"Faber's paper (2013 update), Figure 14, 1973-2012; Our reproduction gate (the rule's positions May 2007 to December 2012)"
2,40,Over his forty years; all forty years; In his forty years too,Part 1; Part 5,"the yearly rows in his table, 1973-2012",counted,"Faber's paper (2013 update), Figure 14, 1973-2012"
3,13,ran the thirteen years after; Over the thirteen years; the thirteen-year results; In the thirteen years after,Cold open; Part 7; Part 8,"the years we ran after his last update, 2013-2025",counted,"Our 2013-2025 run (156 months, 5 basis points on every switch into or out of a fund)"
4,-5.63%,minus five point six three percent,Cold open; Part 6; Part 8,"the rule's worst fall, 2013-2025 (early 2020)",computed by our run,"Our 2013-2025 run (156 months, 5 basis points on every switch into or out of a fund)"
5,-20.66%,minus twenty point six six,Cold open; Part 6; Part 8,"the worst fall of holding the five funds, 2013-2025 (early 2020)",computed by our run,"Our 2013-2025 run (156 months, 5 basis points on every switch into or out of a fund)"
6,5.05%,five point zero five percent,Cold open; Part 7; Part 8,"the rule's return a year, 2013-2025, after costs",computed by our run,"Our 2013-2025 run (156 months, 5 basis points on every switch into or out of a fund)"
7,5.90%,five point nine zero,Cold open; Part 7; Part 8,"the return a year of holding the five funds, 2013-2025",computed by our run,"Our 2013-2025 run (156 months, 5 basis points on every switch into or out of a fund)"
8,1/5 (20%),equal fifths; that fifth; fixed fifths,Cold open; Part 4,each of the five equal slices of the money,read from the source,Faber's paper (2013 update): the rule
9,5,across five kinds; on five funds; those five kinds; all five investments; the five funds; all five funds; five funds that all still trade,Cold open; Part 1; Part 6; Part 7; Part 8,"the five kinds of investment in his rule, and the five funds standing in for them",counted,"Faber's paper (2013 update): the rule; Our price data: Yahoo Finance adjusted closes (GSG, the youngest fund, starts in July 2006)"
10,once a month,Once a month,Cold open,how often the rule checks each slice (at the month-end close),read from the source,Faber's paper (2013 update): the rule
11,10,ten-month moving average; last ten month-end prices,Cold open,the months in the moving average,read from the source,Faber's paper (2013 update): the rule
12,10.48%,ten point four eight percent,Part 1,"the rule's return a year in his table, 1973-2012 (he reports)",read from the source,"Faber's paper (2013 update), Figure 14, 1973-2012"
13,9.92%,nine point nine two,Part 1,"holding all five, a year, in his table, 1973-2012 (he reports)",read from the source,"Faber's paper (2013 update), Figure 14, 1973-2012"
14,-46.00%,minus forty-six percent,Part 1,"holding's worst fall in his table, 1973-2012 (he reports)",read from the source,"Faber's paper (2013 update), Figure 14, 1973-2012"
15,-9.54%,minus nine point five four,Part 1,"the rule's worst fall in his table, 1973-2012 (he reports)",read from the source,"Faber's paper (2013 update), Figure 14, 1973-2012"
16,2006,appeared in two thousand six; so two thousand six to,Part 2,the year his paper first appeared; his test years start there,read from the source,"Faber's paper: a May 2006 working paper, updated February 2013 (its title page)"
17,2006,mid two thousand six,Part 3,the year our youngest fund (GSG) began trading,read from the source,"Our price data: Yahoo Finance adjusted closes (GSG, the youngest fund, starts in July 2006)"
18,2012,to twenty twelve,Part 2; Part 3,"the last year of his table: his test years (2006-2012) and our checked years (2008-2012, 5 of his 40) end there",read from the source,"Faber's paper (2013 update), Figure 14, 1973-2012"
19,6.01%,six point zero one percent,Part 2,"the rule's return a year in his table, 2006-2012 (he reports)",read from the source,"Faber's paper (2013 update), Figure 16, 2006-2012"
20,3.94%,three point nine four,Part 2,"holding, a year, in his table, 2006-2012 (he reports)",read from the source,"Faber's paper (2013 update), Figure 16, 2006-2012"
21,3 of 7,three out of seven years,Part 2,"the years of 2006-2012 the rule beat holding, in his words",read from the source,"Faber's paper (2013 update), his words on the Figure 16 page"
22,over 2 points a year,over two percentage points per year,Part 2,"how much it beat holding by in 2006-2012, in his words",read from the source,"Faber's paper (2013 update), his words on the Figure 16 page"
23,2009,two thousand nine,Part 2,"the year of his book, The Ivy Portfolio",read from the source,"Faber's blog, 2015-06-02: “our book in 2009”, The Ivy Portfolio"
24,1 rule,one published rule; this is one rule,Part 2; Part 8,the one published rule this test covers,counted,"Our test plan, written and approved before our first recorded run"
25,3 points,within three points,Part 3,the pass mark: our figure within 3 points of his,read from the source,"Our test plan, written and approved before our first recorded run"
26,4 of 5,at least four of the five years,Part 3,the pass mark: within 3 points in at least 4 of the 5 years,read from the source,"Our test plan, written and approved before our first recorded run"
27,4 points,within four in the crash year,Part 3,the pass mark in 2008: within 4 points,read from the source,"Our test plan, written and approved before our first recorded run"
28,2008,"the crash year, two thousand eight; two thousand eight to; In two thousand eight",Part 3; Part 4,"the crash year, and the first of the 5 checked years",read from the source,"Faber's paper (2013 update), Figure 14, 1973-2012; Our reproduction gate (the rule's positions May 2007 to December 2012)"
29,35,other thirty-five,Part 3,his rows outside the check (40 - 5),counted,"Faber's paper (2013 update), Figure 14, 1973-2012"
30,2007,two thousand seven was only part of a year,Part 3,a part year for us: the rule's first position is May 2007,read from the source,Our reproduction gate (the rule's positions May 2007 to December 2012)
31,34,the thirty-four years before it,Part 3,"his rows for 1973-2006, which need his index data",counted,"Faber's paper (2013 update), Figure 14, 1973-2012"
32,1 attempt,the one attempt on record,Part 4,the gate attempts on record (the plan allowed 2),counted,"The lab's repository history: one commit holds the gate's result, and no later commit edits it"
33,-0.59%,minus zero point five nine percent,Part 4,his table's 2008 for the rule,read from the source,"Faber's paper (2013 update), Figure 14, 1973-2012"
34,-1.48%,minus one point four eight,Part 4,our 2008 for the rule,computed by our gate,Our reproduction gate (the rule's positions May 2007 to December 2012)
35,2011,in twenty eleven,Part 4,the year of the widest gap,computed by our gate,Our reproduction gate (the rule's positions May 2007 to December 2012)
36,1.74 points,one point seven four points,Part 4,"the widest gap of the ten cells (the rule, 2011: 2.49% his, 0.75% ours)",computed by our gate,Our reproduction gate (the rule's positions May 2007 to December 2012)
37,2013,early twenty thirteen,Part 5,"his last update came out in early 2013 (February); our run starts in January 2013, the month after his table ends",read from the source,"Faber's paper: a May 2006 working paper, updated February 2013 (its title page)"
38,3 conditions,three conditions; None of the three; all three conditions,Part 5; Part 8,"the pass conditions for 2013-2025, written before our first recorded run",counted,"Our test plan, written and approved before our first recorded run"
39,1 point,at least one percentage point a year,Part 5,condition 1: beat Treasury bills by at least 1 point a year,read from the source,"Our test plan, written and approved before our first recorded run"
40,2/3,within two thirds of holding,Part 5,condition 2: a worst fall within two thirds of holding's (the plan writes 0.67),read from the source,"Our test plan, written and approved before our first recorded run"
41,10%,within ten percent,Part 5,"condition 2, the other way to meet it: a worst fall within 10%",read from the source,"Our test plan, written and approved before our first recorded run"
42,5 of 13,in five of the thirteen years,Part 5,the years of 2013-2025 the rule beat holding,counted,"Our 2013-2025 year-by-year rows, from the same run (computed after the results)"
43,17,it led in seventeen,Part 5,"the years of his 40 the rule beat holding, by our count of his table",counted,"Faber's paper (2013 update), Figure 14, 1973-2012"
44,2019,in twenty nineteen,Part 5,the year of the rule's biggest shortfall against holding,read from the source,"Our 2013-2025 year-by-year rows, from the same run (computed after the results)"
45,5.29%,five point two nine percent,Part 5,the rule in 2019,computed by our run,"Our 2013-2025 year-by-year rows, from the same run (computed after the results)"
46,21.27%,twenty-one point two seven,Part 5,holding in 2019,computed by our run,"Our 2013-2025 year-by-year rows, from the same run (computed after the results)"
47,3 falling periods,all three falling periods; lucky in three falls,Part 6,"the falling periods the plan named (Aug 2015-Feb 2016, Jan-Apr 2020, 2022)",counted,"Our test plan, written and approved before our first recorded run"
48,2020,the early twenty twenty crash,Part 6,the crash in which both worst falls of the run came,read from the source,"Our 2013-2025 run (156 months, 5 basis points on every switch into or out of a fund)"
49,1 fund,that one fund was not carrying it,Part 6,the plan's check for one fund carrying the result,read from the source,"Our test plan, written and approved before our first recorded run"
50,4 funds,the other four funds; holding those four,Part 6,the funds left when US stocks are taken out,counted,"Our test plan, written and approved before our first recorded run"
51,1/4 (25%),at a quarter each,Part 6,"each of the four funds, in that check","set by the lab’s code (the plan names the check, not the weights)","The lab’s 2013-2025 run, in the plan’s check without the largest contributor (the quarter-each weights are the code’s choice, not the plan’s)"
52,-6.06%,minus six point zero six percent,Part 6,"the rule's worst fall without US stocks, 2013-2025",computed by our run,"Our 2013-2025 run (156 months, 5 basis points on every switch into or out of a fund)"
53,-20.98%,minus twenty point nine eight,Part 6,"the worst fall of holding the four, 2013-2025",computed by our run,"Our 2013-2025 run (156 months, 5 basis points on every switch into or out of a fund)"
54,1.67%,one point six seven,Part 7,"Treasury bills, a year, 2013-2025",computed by our run,"Our 2013-2025 run (156 months, 5 basis points on every switch into or out of a fund); FRED (Federal Reserve Bank of St. Louis), 3-month Treasury bill rate (TB3MS)"
55,0.85 points,zero point eight five percentage points,Part 7,"the return the rule gave up a year, before taxes",derived: 5.90 - 5.05,"Our 2013-2025 run (156 months, 5 basis points on every switch into or out of a fund)"
56,15.03 points,fifteen point zero three percentage points,Part 7,how much shallower its worst fall was,derived: 20.66 - 5.63,"Our 2013-2025 run (156 months, 5 basis points on every switch into or out of a fund)"
57,0.58,zero point five eight,Part 7,"the rule's Sharpe ratio, 2013-2025",computed by our run,"Our 2013-2025 run (156 months, 5 basis points on every switch into or out of a fund)"
58,0.44,zero point four four,Part 7,"holding's Sharpe ratio, 2013-2025",computed by our run,"Our 2013-2025 run (156 months, 5 basis points on every switch into or out of a fund)"
59,2/3,about two thirds of the money,Part 7,"the share of the money in the funds on average, 2013-2025 (66.4%)",computed by our run,"Our 2013-2025 run (156 months, 5 basis points on every switch into or out of a fund)"
60,3.76%,three point seven six percent,Part 7,"the rule's return a year without US stocks, 2013-2025",computed by our run,"Our 2013-2025 run (156 months, 5 basis points on every switch into or out of a fund)"
61,3.70%,three point seven zero,Part 7,"the return a year of holding the four, 2013-2025",computed by our run,"Our 2013-2025 run (156 months, 5 basis points on every switch into or out of a fund)"
62,2 decimal places,to two decimal places,Part 8,"how closely the rebuild from our store matched the 2013-2025 return a year and worst fall, for the rule and for holding",counted,Our rebuild of the five funds from our own survivorship-free store (after the results)
63,1 source,one Treasury bill source,Part 8,the Treasury bill series both runs share,counted,"FRED (Federal Reserve Bank of St. Louis), 3-month Treasury bill rate (TB3MS)"
64,4 problems,four problems; All four are fixed,Part 8,the problems the re-check found in the lab's printouts,counted,Our port audit of the lab (after the results)
65,2 falls,two falls measured a month late,Part 8,"the falling periods whose printed figures the lab’s month-late measurement changed (2 of the 3 periods, 4 of the 6 figures; 2022 came out the same)",counted,Our port audit of the lab (after the results)
66,2 limits,two limits,Part 8,the two limits said in Part 8,counted,This report: What this does not tell you
67,1 stretch of time,over one stretch of time,Part 8,"the one window we ran, 2013-2025",counted,"Our 2013-2025 run (156 months, 5 basis points on every switch into or out of a fund)"
68,5 things,Five things would reopen,Close,the things that would reopen this test,counted,This report: What would change our mind
