year,the_rule_pct,holding_the_five_pct,the_rule_led,computed
2013,6.06,9.06,no,after the results
2014,7.02,0.89,yes,after the results
2015,-2.40,-6.27,yes,after the results
2016,1.01,7.08,no,after the results
2017,9.61,11.38,no,after the results
2018,-1.11,-7.12,yes,after the results
2019,5.29,21.27,no,after the results
2020,4.77,2.01,yes,after the results
2021,21.73,22.63,no,after the results
2022,-3.63,-10.64,yes,after the results
2023,4.11,10.96,no,after the results
2024,6.47,8.30,no,after the results
2025,9.03,13.16,no,after the results
