row,hold_weeks,variant,market,registration,run,crowded_short_weeks,crowded_long_weeks,r_s_pct,r_l_pct,gap_pct,ci95_low_pct,ci95_high_pct,pctile_gap_vs_random_weeks,pctile_gap_vs_shuffled_timing,pctile_short_leg_vs_random_weeks
1,4,as run,"S&P 500 (E-mini positions, priced on the cash index)",registered primary hold,"2026-09-24 18:11 UTC, corrected engine",218,199,+1.30,+0.28,+1.02,+0.10,+1.90,100,98,99
2,4,as run,Gold,registered primary hold,"2026-09-24 18:11 UTC, corrected engine",148,277,+0.78,+1.40,-0.62,-1.50,+0.26,6,9,33
3,4,as run,Crude oil (WTI),registered primary hold,"2026-09-24 18:11 UTC, corrected engine",137,269,-0.75,+0.69,-1.43,-3.39,+0.46,8,10,2
4,4,as run,10-year Treasury note,registered primary hold,"2026-09-24 18:11 UTC, corrected engine",208,203,+0.18,-0.21,+0.39,+0.12,+0.66,100,99,80
5,4,as run,Euro,registered primary hold,"2026-09-24 18:11 UTC, corrected engine",175,238,-0.74,+0.61,-1.35,-1.92,-0.79,0,0,0
6,4,as run,"All five, pooled",registered primary hold,"2026-09-24 18:11 UTC, corrected engine",886,1186,+0.23,+0.62,-0.39,-0.83,+0.07,8,11,7
7,4,crude splice excluded,"S&P 500 (E-mini positions, priced on the cash index)",registered primary hold,"2026-09-24 18:11 UTC, corrected engine",218,199,+1.30,+0.28,+1.02,+0.13,+1.94,99,99,99
8,4,crude splice excluded,Gold,registered primary hold,"2026-09-24 18:11 UTC, corrected engine",148,277,+0.78,+1.40,-0.62,-1.55,+0.24,8,10,32
9,4,crude splice excluded,Crude oil (WTI),registered primary hold,"2026-09-24 18:11 UTC, corrected engine",73,255,+0.88,-0.06,+0.94,-1.56,+3.62,76,75,44
10,4,crude splice excluded,10-year Treasury note,registered primary hold,"2026-09-24 18:11 UTC, corrected engine",208,203,+0.18,-0.21,+0.39,+0.12,+0.66,100,99,79
11,4,crude splice excluded,Euro,registered primary hold,"2026-09-24 18:11 UTC, corrected engine",175,238,-0.74,+0.61,-1.35,-1.91,-0.78,0,0,0
12,4,crude splice excluded,"All five, pooled",registered primary hold,"2026-09-24 18:11 UTC, corrected engine",822,1172,+0.45,+0.45,-0.00,-0.41,+0.42,69,68,45
13,1,as run,"S&P 500 (E-mini positions, priced on the cash index)","registered hold; run 2026-09-24, after the four-week result and the correction","2026-09-24 21:18 UTC, same engine, frozen prices",219,199,+0.35,+0.04,+0.31,-0.18,+0.80,92,90,89
14,1,as run,Gold,"registered hold; run 2026-09-24, after the four-week result and the correction","2026-09-24 21:18 UTC, same engine, frozen prices",148,277,+0.25,+0.30,-0.04,-0.50,+0.42,44,44,56
15,1,as run,Crude oil (WTI),"registered hold; run 2026-09-24, after the four-week result and the correction","2026-09-24 21:18 UTC, same engine, frozen prices",139,269,-0.01,-0.01,-0.00,-1.19,+1.16,50,51,28
16,1,as run,10-year Treasury note,"registered hold; run 2026-09-24, after the four-week result and the correction","2026-09-24 21:18 UTC, same engine, frozen prices",208,203,+0.04,-0.01,+0.05,-0.09,+0.19,77,74,65
17,1,as run,Euro,"registered hold; run 2026-09-24, after the four-week result and the correction","2026-09-24 21:18 UTC, same engine, frozen prices",175,238,-0.20,+0.16,-0.36,-0.64,-0.08,0,0,0
18,1,as run,"All five, pooled","registered hold; run 2026-09-24, after the four-week result and the correction","2026-09-24 21:18 UTC, same engine, frozen prices",889,1186,+0.10,+0.10,-0.01,-0.26,+0.26,54,53,37
19,1,crude splice excluded,"S&P 500 (E-mini positions, priced on the cash index)","registered hold; run 2026-09-24, after the four-week result and the correction","2026-09-24 21:18 UTC, same engine, frozen prices",219,199,+0.35,+0.04,+0.31,-0.18,+0.81,92,90,90
20,1,crude splice excluded,Gold,"registered hold; run 2026-09-24, after the four-week result and the correction","2026-09-24 21:18 UTC, same engine, frozen prices",148,277,+0.25,+0.30,-0.04,-0.50,+0.40,41,43,54
21,1,crude splice excluded,Crude oil (WTI),"registered hold; run 2026-09-24, after the four-week result and the correction","2026-09-24 21:18 UTC, same engine, frozen prices",73,255,+0.56,-0.06,+0.63,-0.93,+2.21,80,81,68
22,1,crude splice excluded,10-year Treasury note,"registered hold; run 2026-09-24, after the four-week result and the correction","2026-09-24 21:18 UTC, same engine, frozen prices",208,203,+0.04,-0.01,+0.05,-0.09,+0.19,79,75,66
23,1,crude splice excluded,Euro,"registered hold; run 2026-09-24, after the four-week result and the correction","2026-09-24 21:18 UTC, same engine, frozen prices",175,238,-0.20,+0.16,-0.36,-0.63,-0.07,0,0,0
24,1,crude splice excluded,"All five, pooled","registered hold; run 2026-09-24, after the four-week result and the correction","2026-09-24 21:18 UTC, same engine, frozen prices",823,1172,+0.16,+0.09,+0.06,-0.17,+0.29,79,79,70
25,2,as run,"S&P 500 (E-mini positions, priced on the cash index)","registered hold; run 2026-09-24, after the four-week result and the correction","2026-09-24 21:18 UTC, same engine, frozen prices",218,199,+0.60,+0.16,+0.43,-0.21,+1.09,94,92,92
26,2,as run,Gold,"registered hold; run 2026-09-24, after the four-week result and the correction","2026-09-24 21:18 UTC, same engine, frozen prices",148,277,+0.36,+0.66,-0.30,-0.97,+0.34,16,18,34
27,2,as run,Crude oil (WTI),"registered hold; run 2026-09-24, after the four-week result and the correction","2026-09-24 21:18 UTC, same engine, frozen prices",139,269,-0.21,+0.11,-0.32,-1.89,+1.25,34,36,13
28,2,as run,10-year Treasury note,"registered hold; run 2026-09-24, after the four-week result and the correction","2026-09-24 21:18 UTC, same engine, frozen prices",208,203,+0.06,-0.04,+0.10,-0.09,+0.28,85,82,59
29,2,as run,Euro,"registered hold; run 2026-09-24, after the four-week result and the correction","2026-09-24 21:18 UTC, same engine, frozen prices",175,238,-0.38,+0.31,-0.69,-1.09,-0.29,0,0,0
30,2,as run,"All five, pooled","registered hold; run 2026-09-24, after the four-week result and the correction","2026-09-24 21:18 UTC, same engine, frozen prices",888,1186,+0.11,+0.26,-0.15,-0.49,+0.18,26,28,14
31,2,crude splice excluded,"S&P 500 (E-mini positions, priced on the cash index)","registered hold; run 2026-09-24, after the four-week result and the correction","2026-09-24 21:18 UTC, same engine, frozen prices",218,199,+0.60,+0.16,+0.43,-0.21,+1.09,93,91,93
32,2,crude splice excluded,Gold,"registered hold; run 2026-09-24, after the four-week result and the correction","2026-09-24 21:18 UTC, same engine, frozen prices",148,277,+0.36,+0.66,-0.30,-0.98,+0.33,17,20,35
33,2,crude splice excluded,Crude oil (WTI),"registered hold; run 2026-09-24, after the four-week result and the correction","2026-09-24 21:18 UTC, same engine, frozen prices",73,255,+0.63,-0.12,+0.75,-1.28,+2.79,79,78,56
34,2,crude splice excluded,10-year Treasury note,"registered hold; run 2026-09-24, after the four-week result and the correction","2026-09-24 21:18 UTC, same engine, frozen prices",208,203,+0.06,-0.04,+0.10,-0.09,+0.28,84,83,57
35,2,crude splice excluded,Euro,"registered hold; run 2026-09-24, after the four-week result and the correction","2026-09-24 21:18 UTC, same engine, frozen prices",175,238,-0.38,+0.31,-0.69,-1.11,-0.27,0,0,0
36,2,crude splice excluded,"All five, pooled","registered hold; run 2026-09-24, after the four-week result and the correction","2026-09-24 21:18 UTC, same engine, frozen prices",822,1172,+0.21,+0.21,-0.00,-0.31,+0.31,62,61,40
37,8,as run,"S&P 500 (E-mini positions, priced on the cash index)","registered hold; run 2026-09-24, after the four-week result and the correction","2026-09-24 21:18 UTC, same engine, frozen prices",218,199,+2.36,+0.05,+2.31,+1.08,+3.55,100,100,100
38,8,as run,Gold,"registered hold; run 2026-09-24, after the four-week result and the correction","2026-09-24 21:18 UTC, same engine, frozen prices",148,277,+1.61,+2.37,-0.77,-2.07,+0.53,9,12,29
39,8,as run,Crude oil (WTI),"registered hold; run 2026-09-24, after the four-week result and the correction","2026-09-24 21:18 UTC, same engine, frozen prices",133,269,+0.30,+2.59,-2.29,-5.23,+0.54,6,8,12
40,8,as run,10-year Treasury note,"registered hold; run 2026-09-24, after the four-week result and the correction","2026-09-24 21:18 UTC, same engine, frozen prices",208,203,+0.54,-0.56,+1.11,+0.73,+1.49,100,100,100
41,8,as run,Euro,"registered hold; run 2026-09-24, after the four-week result and the correction","2026-09-24 21:18 UTC, same engine, frozen prices",175,238,-1.18,+1.11,-2.28,-3.09,-1.45,0,0,0
42,8,as run,"All five, pooled","registered hold; run 2026-09-24, after the four-week result and the correction","2026-09-24 21:18 UTC, same engine, frozen prices",882,1186,+0.79,+1.28,-0.48,-1.10,+0.17,16,17,21
43,8,crude splice excluded,"S&P 500 (E-mini positions, priced on the cash index)","registered hold; run 2026-09-24, after the four-week result and the correction","2026-09-24 21:18 UTC, same engine, frozen prices",218,199,+2.36,+0.05,+2.31,+1.01,+3.59,100,100,100
44,8,crude splice excluded,Gold,"registered hold; run 2026-09-24, after the four-week result and the correction","2026-09-24 21:18 UTC, same engine, frozen prices",148,277,+1.61,+2.37,-0.77,-2.05,+0.53,10,13,30
45,8,crude splice excluded,Crude oil (WTI),"registered hold; run 2026-09-24, after the four-week result and the correction","2026-09-24 21:18 UTC, same engine, frozen prices",73,255,+3.92,+1.02,+2.90,-0.78,+6.69,92,92,84
46,8,crude splice excluded,10-year Treasury note,"registered hold; run 2026-09-24, after the four-week result and the correction","2026-09-24 21:18 UTC, same engine, frozen prices",208,203,+0.54,-0.56,+1.11,+0.74,+1.49,100,100,100
47,8,crude splice excluded,Euro,"registered hold; run 2026-09-24, after the four-week result and the correction","2026-09-24 21:18 UTC, same engine, frozen prices",175,238,-1.18,+1.11,-2.28,-3.06,-1.46,0,0,0
48,8,crude splice excluded,"All five, pooled","registered hold; run 2026-09-24, after the four-week result and the correction","2026-09-24 21:18 UTC, same engine, frozen prices",822,1172,+1.15,+0.92,+0.23,-0.36,+0.83,94,93,85
49,13,as run,"S&P 500 (E-mini positions, priced on the cash index)","registered hold; run 2026-09-24, after the four-week result and the correction","2026-09-24 21:18 UTC, same engine, frozen prices",218,199,+2.67,+0.12,+2.55,+1.00,+4.10,100,100,95
50,13,as run,Gold,"registered hold; run 2026-09-24, after the four-week result and the correction","2026-09-24 21:18 UTC, same engine, frozen prices",148,277,+2.27,+3.90,-1.63,-3.19,-0.01,1,3,9
51,13,as run,Crude oil (WTI),"registered hold; run 2026-09-24, after the four-week result and the correction","2026-09-24 21:18 UTC, same engine, frozen prices",128,269,+2.57,+5.26,-2.69,-6.61,+1.30,8,10,36
52,13,as run,10-year Treasury note,"registered hold; run 2026-09-24, after the four-week result and the correction","2026-09-24 21:18 UTC, same engine, frozen prices",208,203,+0.98,-0.77,+1.75,+1.27,+2.23,100,100,100
53,13,as run,Euro,"registered hold; run 2026-09-24, after the four-week result and the correction","2026-09-24 21:18 UTC, same engine, frozen prices",175,238,-1.62,+1.29,-2.90,-3.81,-1.97,0,0,0
54,13,as run,"All five, pooled","registered hold; run 2026-09-24, after the four-week result and the correction","2026-09-24 21:18 UTC, same engine, frozen prices",877,1186,+1.33,+2.25,-0.92,-1.76,-0.09,5,7,20
55,13,crude splice excluded,"S&P 500 (E-mini positions, priced on the cash index)","registered hold; run 2026-09-24, after the four-week result and the correction","2026-09-24 21:18 UTC, same engine, frozen prices",218,199,+2.67,+0.12,+2.55,+1.01,+4.10,100,100,96
56,13,crude splice excluded,Gold,"registered hold; run 2026-09-24, after the four-week result and the correction","2026-09-24 21:18 UTC, same engine, frozen prices",148,277,+2.27,+3.90,-1.63,-3.21,-0.04,1,2,10
57,13,crude splice excluded,Crude oil (WTI),"registered hold; run 2026-09-24, after the four-week result and the correction","2026-09-24 21:18 UTC, same engine, frozen prices",73,255,+8.65,+2.79,+5.87,+0.76,+11.05,99,99,99
58,13,crude splice excluded,10-year Treasury note,"registered hold; run 2026-09-24, after the four-week result and the correction","2026-09-24 21:18 UTC, same engine, frozen prices",208,203,+0.98,-0.77,+1.75,+1.27,+2.22,100,100,100
59,13,crude splice excluded,Euro,"registered hold; run 2026-09-24, after the four-week result and the correction","2026-09-24 21:18 UTC, same engine, frozen prices",175,238,-1.62,+1.29,-2.90,-3.84,-1.97,0,0,0
60,13,crude splice excluded,"All five, pooled","registered hold; run 2026-09-24, after the four-week result and the correction","2026-09-24 21:18 UTC, same engine, frozen prices",822,1172,+1.79,+1.67,+0.11,-0.65,+0.90,91,89,84
61,26,as run,"S&P 500 (E-mini positions, priced on the cash index)","registered hold; run 2026-09-24, after the four-week result and the correction","2026-09-24 21:18 UTC, same engine, frozen prices",218,199,+4.92,+2.12,+2.80,+0.71,+4.87,100,99,95
62,26,as run,Gold,"registered hold; run 2026-09-24, after the four-week result and the correction","2026-09-24 21:18 UTC, same engine, frozen prices",148,277,+4.15,+7.94,-3.78,-5.72,-1.79,0,0,1
63,26,as run,Crude oil (WTI),"registered hold; run 2026-09-24, after the four-week result and the correction","2026-09-24 21:18 UTC, same engine, frozen prices",127,259,+2.92,+5.07,-2.15,-7.14,+2.74,21,21,14
64,26,as run,10-year Treasury note,"registered hold; run 2026-09-24, after the four-week result and the correction","2026-09-24 21:18 UTC, same engine, frozen prices",208,203,+1.50,-1.19,+2.69,+2.01,+3.37,100,100,100
65,26,as run,Euro,"registered hold; run 2026-09-24, after the four-week result and the correction","2026-09-24 21:18 UTC, same engine, frozen prices",175,233,-1.05,+2.02,-3.06,-4.38,-1.73,0,0,0
66,26,as run,"All five, pooled","registered hold; run 2026-09-24, after the four-week result and the correction","2026-09-24 21:18 UTC, same engine, frozen prices",876,1171,+2.50,+3.55,-1.06,-2.14,+0.01,18,18,9
67,26,crude splice excluded,"S&P 500 (E-mini positions, priced on the cash index)","registered hold; run 2026-09-24, after the four-week result and the correction","2026-09-24 21:18 UTC, same engine, frozen prices",218,199,+4.92,+2.12,+2.80,+0.76,+4.85,100,100,95
68,26,crude splice excluded,Gold,"registered hold; run 2026-09-24, after the four-week result and the correction","2026-09-24 21:18 UTC, same engine, frozen prices",148,277,+4.15,+7.94,-3.78,-5.78,-1.76,0,0,1
69,26,crude splice excluded,Crude oil (WTI),"registered hold; run 2026-09-24, after the four-week result and the correction","2026-09-24 21:18 UTC, same engine, frozen prices",73,255,+15.13,+4.11,+11.02,+4.92,+16.83,100,100,100
70,26,crude splice excluded,10-year Treasury note,"registered hold; run 2026-09-24, after the four-week result and the correction","2026-09-24 21:18 UTC, same engine, frozen prices",208,203,+1.50,-1.19,+2.69,+2.06,+3.34,100,100,100
71,26,crude splice excluded,Euro,"registered hold; run 2026-09-24, after the four-week result and the correction","2026-09-24 21:18 UTC, same engine, frozen prices",175,233,-1.05,+2.02,-3.06,-4.43,-1.76,0,0,0
72,26,crude splice excluded,"All five, pooled","registered hold; run 2026-09-24, after the four-week result and the correction","2026-09-24 21:18 UTC, same engine, frozen prices",822,1167,+3.55,+3.34,+0.21,-0.80,+1.24,98,96,92
