ticker,start,peak,year,raw_trough,gain_x,ndays,cum_dvol,shares,mcap,k,so_end
SSH,2012-07-05,2012-07-10,2012,3.01,4.418604651162791,4,30150757.048100002,6277538.0,18895389.38,1.5956674108030477,2012-06-30
USU,2013-07-15,2013-07-22,2013,3.73,4.115281501340482,6,53411318.4087,4960046.48,18500973.3704,2.8869463967854583,2013-04-30
DGLY,2014-08-15,2014-08-29,2014,3.35,5.570149253731343,11,1292665500.6284401,2706791.0,9067749.85,142.55636977330602,2014-08-14
NERV,2016-05-25,2016-06-02,2016,3.54,4.048022598870056,6,619222369.6238999,27942145.0,98915193.3,6.260134049840652,2016-04-28
DRYS,2016-11-09,2016-11-15,2016,5.1,14.313725490196079,5,1174019949.2096715,496851.68333333335,2533943.585,463.317319359212,2016-06-30
SGY,2017-02-23,2017-03-01,2017,6.21,4.188405797101449,5,43531434.29359999,5679765.0,35271340.65,1.234187118815967,2017-02-23
PETZ,2017-09-21,2017-10-03,2017,6.41,4.444617784711388,9,30191757.697400004,7900000.0,50639000.0,0.5962155196074173,2016-12-31
SIEB,2017-12-12,2017-12-20,2017,4.75,4.2105263157894735,7,203262068.9593,22085126.0,104904348.5,1.9375943120155787,2017-11-08
NETE,2017-12-15,2017-12-20,2017,4.5,4.308888888888889,4,440635940.09339994,2454457.0,11045056.5,39.89440344586738,2017-11-11
RKDA,2018-03-08,2018-03-14,2018,6.2800012275,7.641718181097282,5,585136356.8308583,2136031.0,13414277.301978052,43.620416043179226,2018-03-01
GEVO,2018-06-08,2018-06-19,2018,3.43,5.685131195335277,8,683934861.6789,1209717.6500000001,4149331.539500001,164.83013111102588,2018-04-30
TA,2019-07-25,2019-08-01,2019,3.49,4.70487106017192,6,1754481.4536,8087000.0,28223630.0,0.06216356484265135,2019-06-30
FRAN,2019-09-05,2019-09-13,2019,4.26,4.258215962441315,7,490122949.5366,3056042.0,13018738.92,37.64749816002916,2019-08-30
NNVC,2020-01-22,2020-01-27,2020,3.82,4.136125654450262,4,870046972.8136001,3870572.0,14785585.04,58.84427098825169,2019-12-31
APT,2020-02-21,2020-02-27,2020,5.7,4.4298245614035086,5,1385635512.488,13502684.0,76965298.8,18.003379887976216,2019-12-31
AHPI,2020-02-24,2020-02-28,2020,3.13,7.667731629392971,5,351528718.999,4013537.0,12562370.809999999,27.982673359647475,2020-01-31
CODX,2020-02-24,2020-03-02,2020,3.93,4.531806615776081,6,2505624469.312263,17342922.0,68157683.46000001,36.76217180683304,2019-12-31
ABIO,2020-05-21,2020-05-28,2020,3.78,5.082010582010582,5,1121998806.200046,1594070.0,6025584.6,186.20580087781792,2020-05-05
COHN,2020-06-11,2020-06-19,2020,3.3601,4.020713669236034,7,326413539.6573,1246710.0,4189070.271,77.92028267393559,2020-05-05
APVO,2020-11-02,2020-11-11,2020,6.300000000000001,7.6761904761904765,8,2035589222.6245363,3232811.0,20366709.3,99.94688845608142,2020-09-30
FPRX,2020-11-06,2020-11-12,2020,5.0,4.486,5,2211555894.7595,38037666.0,190188330.0,11.628241831449385,2020-10-30
GLSI,2020-12-02,2020-12-10,2020,5.6,12.896428571428572,7,1631055389.863,12019089.0,67306898.39999999,24.23310876947199,2020-11-16
SLS,2020-12-03,2020-12-10,2020,3.71,4.7601078167115904,6,2070429325.7541,9461978.0,35103938.38,58.979972655538255,2020-11-13
KOSS,2021-01-22,2021-01-29,2021,3.34,19.16167664670659,6,3046808123.2402,7447489.0,24874613.259999998,122.48665301420651,2020-12-31
AUVI,2021-02-02,2021-02-09,2021,4.92,4.0060975609756095,6,2605948384.775,7945034.0,39089567.28,66.66608422929055,2020-12-31
SCKT,2021-02-09,2021-02-16,2021,3.03,6.8250825082508255,5,4314868527.1308,6102630.0,18490968.9,233.35005052822302,2020-12-31
OCG,2021-03-10,2021-03-22,2021,3.44,4.125,9,3257228409.0667167,30054712.0,103388209.28,31.504834368930435,2020-12-31
TKAT,2021-03-11,2021-03-22,2021,3.93,12.468193384223918,8,4864262809.3707,11271379.0,44296519.47,109.8113998023037,2020-12-31
DLPN,2021-03-12,2021-03-24,2021,4.51,4.248337028824834,9,3993508337.4205003,6618785.0,29850720.349999998,133.78264546371327,2020-12-31
RHE,2021-04-27,2021-05-05,2021,4.4,4.429545454545454,7,3040876247.4082003,1688000.0,7427200.000000001,409.4243116394065,2021-03-31
RGC,2021-08-19,2021-08-25,2021,6.3004,7.353437876960193,5,1150325365.5707998,10000000.0,63004000.0,18.257973550422193,2021-06-30
ISPC,2021-11-19,2021-11-29,2021,4.920000000000001,4.150406504065041,6,4498605678.705,6996758.0,34424049.36000001,130.68205984889974,2021-11-01
ISIG,2021-12-03,2021-12-09,2021,4.94,4.757085020242915,5,3290190334.1751003,1768114.0,8734483.16,376.6897564406204,2021-11-03
SOPA,2021-12-14,2021-12-22,2021,3.86,4.225388601036269,7,3760422771.3439045,19182569.0,74044716.34,50.78583533329671,2021-12-08
INDO,2022-02-18,2022-03-07,2022,4.49,13.697104677060134,11,6751570038.9285,7447955.0,33441317.950000003,201.8930608244314,2021-12-31
NERV,2022-08-19,2022-08-30,2022,3.105,4.241545893719807,8,2557628727.4978,5340193.0,16581299.265,154.24778762038704,2022-08-04
ATXI,2022-09-26,2022-10-04,2022,3.52,4.119318181818182,7,1247865760.827325,1475652.2666666666,5194295.978666667,240.23770804597893,2022-08-08
KALA,2022-12-23,2022-12-30,2022,3.88,9.832474226804123,5,1849057536.9062,1518424.0,5891485.12,313.85253450427115,2022-11-07
BAOS,2023-04-25,2023-05-01,2023,3.18,5.031446540880503,5,45829847.863299996,1524468.6666666665,4847810.359999999,9.453721259694655,2022-12-31
OMH,2023-05-05,2023-05-15,2023,6.1991000000000005,4.981368263134971,7,387231849.1766,16250000.0,100735375.00000001,3.8440503068222056,2022-12-31
SLNO,2023-09-21,2023-09-29,2023,4.11,7.180048661800487,7,1332280078.8283,9992178.0,41067851.580000006,32.44094900443048,2023-08-03
VVOS,2023-11-22,2023-11-29,2023,3.99,10.275689223057643,5,783366797.8337001,1197258.0,4777059.42,163.9851483852173,2023-11-13
CRBP,2024-01-23,2024-01-26,2024,7.3,4.03972602739726,4,848727561.4498,4423683.0,32292885.9,26.282183762641047,2023-12-31
AVTX,2024-03-21,2024-03-28,2024,4.6,4.728260869565218,6,819489293.0164,801746.0,3688031.5999999996,222.20235125328102,2023-12-31
IZM,2024-03-28,2024-04-15,2024,8.42,5.880047505938242,12,512958017.7592,10326374.0,86948069.08,5.899590677364356,2023-06-30
NNE,2024-06-13,2024-06-25,2024,7.07,4.115983026874116,8,623977830.9521999,26007013.0,183869581.91,3.3935892194371933,2024-03-31
MLGO,2024-06-17,2024-06-27,2024,3.5500000000000003,4.833802816901408,8,2501991952.062297,5160670.600000001,18320380.630000003,136.56877564897496,2023-12-31
RGS,2024-06-20,2024-06-27,2024,4.71,5.095541401273885,6,751196173.6467,2279948.0,10738555.08,69.95318905108228,2024-04-26
TIL,2024-09-06,2024-09-13,2024,14.25,5.931228070175439,6,400719794.7305,6503913.0,92680760.25,4.323656750868096,2024-08-09
MNPR,2024-10-15,2024-10-24,2024,5.15,6.341747572815533,8,468528845.0437,3525079.0,18154156.85,25.808350611650685,2024-09-30
QMCO,2024-11-20,2024-11-25,2024,3.02,7.208609271523178,4,939225661.0767,4848482.0,14642415.64,64.14417430624854,2024-11-10
UMAC,2024-11-22,2024-11-29,2024,4.4,4.256818181818182,5,1531203417.8954,8300480.0,36522112.0,41.92537983278185,2024-11-13
QMCO,2024-12-06,2024-12-18,2024,13.75,4.36509090909091,9,1542836887.069,4848482.0,66666627.5,23.142566902293055,2024-11-10
PDYN,2024-12-19,2024-12-30,2024,3.13,4.252396166134186,7,1859042673.3305001,30112399.0,94251808.86999999,19.724212146364724,2024-11-06
DOMH,2025-02-07,2025-02-13,2025,3.22,4.037267080745341,5,566594259.846,7037022.0,22659210.84,25.00503057440106,2024-12-31
AIFF,2025-02-10,2025-02-13,2025,3.1,4.987096774193549,4,3182217463.1240997,8122060.0,25178386.0,126.38687257888968,2024-12-31
JNVR,2025-04-04,2025-04-15,2025,4.0,18.6125,8,993600420.0349001,1430222.0,5720888.0,173.67940432235346,2025-03-31
KDLY,2025-05-07,2025-05-15,2025,3.09,4.485436893203883,7,1736509071.4193,6050148.0,18694957.32,92.88649563064635,2025-03-31
LYRA,2025-05-28,2025-06-03,2025,4.39,6.28246013667426,5,874156258.4388999,1325344.5,5818262.3549999995,150.24352720837388,2025-05-02
CYN,2025-06-23,2025-06-27,2025,4.06,4.022167487684729,5,3948174854.7077,1751906.0,7112738.359999999,555.0850677864242,2025-05-07
BMNR,2025-06-23,2025-07-03,2025,4.4,30.68181818181818,9,10278210346.9981,2053366.0,9034810.4,1137.6232474118217,2025-05-31
ARTL,2025-06-27,2025-07-10,2025,6.79,4.197349042709868,9,711225731.7850944,546838.6666666666,3713034.5466666664,191.54837447542442,2025-05-12
INKT,2025-07-08,2025-07-11,2025,7.2,8.9125,4,2465707410.874,3990278.0,28730001.6,85.8234345129309,2025-06-30
CYCC,2025-07-14,2025-07-24,2025,3.31,5.181268882175226,9,1335261281.3244,1583965.0,5242924.15,254.6787333027505,2025-06-30
ANPA,2025-07-16,2025-07-25,2025,4.7,5.92127659574468,8,59359043.4892,11250000.0,52875000.0,1.1226296640983453,2024-09-30
VAPE,2025-07-21,2025-07-28,2025,8.41,6.847205707491082,6,909728426.6642001,802346.0,6747729.86,134.81992396539124,2025-05-15
QMMM,2025-09-04,2025-09-09,2025,7.12,29.073033707865168,4,893593381.3134,17206342.0,122509155.04,7.2940947231383335,2025-03-31
APLM,2025-09-12,2025-10-17,2025,6.83,5.366032210834553,7,44967634.582100004,1103348.0,7535866.84,5.967148244102997,2025-04-03
FOFO,2025-09-18,2025-09-26,2025,10.62,4.237288135593221,7,77722329.6607,5290000.0,56179799.99999999,1.383456859239442,2024-12-31
SPRB,2025-09-26,2025-10-07,2025,7.75,23.561290322580643,8,1448053623.9160001,563042.0,4363575.5,331.85025076706023,2025-08-12
STI,2025-10-08,2025-10-14,2025,5.08,5.511811023622047,5,1786619734.6455,2874326.0,14601576.08,122.35800607118433,2025-09-30
AQMS,2025-10-08,2025-10-14,2025,5.355,5.531279178338002,5,1194980643.0088,1856815.0,9943244.325000001,120.18015488207365,2025-09-30
AFJK,2025-12-05,2025-12-09,2025,8.0,11.0625,2,252244199.00880003,6121733.0,48973864.0,5.150588056698978,2025-11-18
BNAI,2026-01-13,2026-01-28,2026,3.61,17.451523545706372,11,4678803079.3005,5783524.0,20878521.64,224.0964738775681,2025-12-31
BATL,2026-02-26,2026-03-03,2026,4.15,6.669879518072289,4,3139308645.437557,16456563.0,68294736.45,45.96706581825541,2025-12-31
STI,2026-06-01,2026-06-05,2026,4.93,7.245436105476673,5,3751090216.3973465,7745683.0,38186217.19,98.23152153912909,2026-05-19
