dir,R,risk,entry,exit_m,reason,date
1,2.0,0.10000000000000142,36.93,639,target,2004-01-29
1,-1.0,0.0799999999999983,36.69,618,stop,2004-02-23
1,2.0,0.08099999999999596,34.251,641,target,2004-03-22
-1,-1.0,0.09199999999999875,35.828,677,stop,2004-03-29
1,2.0,0.09600000000000364,35.706,621,target,2004-03-31
1,-1.0,0.07499999999999574,37.095,669,stop,2004-04-08
1,-1.0,0.08099999999999596,36.971,630,stop,2004-04-13
-1,-1.0,0.11599999999999966,36.714,637,stop,2004-04-14
1,2.0,0.11999999999999744,35.91,669,target,2004-04-16
1,-1.0,0.1109999999999971,36.421,682,stop,2004-04-28
-1,2.0,0.17300000000000182,35.467,591,target,2004-05-07
1,2.0,0.10300000000000153,34.743,654,target,2004-05-14
1,-1.0,0.0799999999999983,36.33,621,stop,2004-06-02
1,-1.0,0.059000000000004604,36.389,613,stop,2004-06-17
-1,-1.0,0.07600000000000051,36.63,618,stop,2004-06-18
-1,-1.0,0.04999999999999716,37.34,630,stop,2004-06-29
1,-1.0,0.0519999999999996,37.362,625,stop,2004-07-01
1,-1.0,0.07000000000000028,36.7,597,stop,2004-07-02
1,-1.0,0.09700000000000131,36.4,602,stop,2004-07-06
-1,2.0,0.03399999999999892,36.216,639,target,2004-07-07
1,-1.0,0.0799999999999983,35.35,635,stop,2004-07-12
-1,-1.0,0.044000000000004036,33.406,630,stop,2004-08-18
-1,-1.0,0.04899999999999949,34.261,627,stop,2004-09-01
-1,-1.0,0.04999999999999716,34.39,635,stop,2004-09-02
-1,-1.0,0.0800000000000054,35.44,629,stop,2004-09-16
1,-1.0,0.07000000000000028,35.2,645,stop,2004-09-22
-1,-1.0,0.060000000000002274,34.76,630,stop,2004-09-29
-1,2.0,0.1110000000000042,35.159,699,target,2004-09-30
-1,-1.0,0.08300000000000551,35.797,653,stop,2004-10-01
-1,-1.0,0.0799999999999983,36.54,613,stop,2004-10-04
-1,-1.0,0.10999999999999943,37.12,600,stop,2004-10-29
-1,-1.0,0.07600000000000051,37.374,630,stop,2004-11-02
1,-0.5535714285714332,0.11199999999999477,37.562,720,time,2004-11-03
1,0.7391304347825057,0.06900000000000261,38.389,720,time,2004-11-16
-1,-1.0,0.09000000000000341,39.15,653,stop,2004-11-17
1,-1.0,0.10999999999999943,39.11,612,stop,2004-11-19
1,2.0,0.0899999999999963,54.91,662,target,2011-03-23
1,2.0,0.10999999999999943,55.93,635,target,2011-03-24
-1,-1.0,0.060000000000002274,56.73,615,stop,2011-03-29
1,-1.0,0.060000000000002274,57.28,658,stop,2011-04-04
-1,2.0,0.10999999999999943,57.49,637,target,2011-04-07
1,0.5490000000000272,0.10000000000000142,57.18,720,time,2011-04-08
1,-1.0,0.03999999999999915,56.87,617,stop,2011-04-11
1,-1.0,0.0800000000000054,55.52,605,stop,2011-04-18
-1,-1.0,0.054999999999999716,57.865,634,stop,2011-04-20
-1,2.0,0.05999999999999517,58.67,614,target,2011-05-05
1,2.0,0.11999999999999744,58.36,609,target,2011-05-12
-1,2.0,0.0899999999999963,55.06,636,target,2011-06-15
1,-1.0,0.07499999999999574,54.05,662,stop,2011-06-17
-1,-1.0,0.054999999999999716,54.67,624,stop,2011-06-21
1,-1.0,0.08500000000000085,54.71,626,stop,2011-06-24
-1,2.0,0.060000000000002274,56.9,647,target,2011-06-30
1,2.0,0.14000000000000057,57.63,605,target,2011-07-12
1,2.0,0.0799999999999983,57.39,644,target,2011-07-15
1,-1.0,0.11999999999999744,57.25,654,stop,2011-07-18
-1,-1.0,0.0799999999999983,58.47,606,stop,2011-07-19
1,-1.0,0.0800000000000054,58.81,612,stop,2011-07-20
-1,-1.0,0.07000000000000028,59.44,642,stop,2011-07-25
1,-1.0,0.2700000000000031,57.75,664,stop,2011-08-01
1,-1.0,0.17999999999999972,55.99,631,stop,2011-08-03
1,-1.0,0.35999999999999943,53.73,600,stop,2011-08-05
-1,2.0,0.27999999999999403,52.84,616,target,2011-08-08
-1,-1.0,0.18999999999999773,51.82,615,stop,2011-08-09
1,2.0,0.17600000000000193,51.216,632,target,2011-08-10
-1,-1.0,0.19999999999999574,52.27,642,stop,2011-08-11
1,1.2812500000000104,0.3200000000000003,51.04,720,time,2011-08-18
-1,-0.21145588592724313,1.2342999999999975,53.38,720,time,2011-09-02
-1,-1.0,0.12999999999999545,53.34,607,stop,2011-09-12
-1,-1.0,0.18000000000000682,53.66,637,stop,2011-09-23
1,-1.0,0.12999999999999545,53.41,638,stop,2011-09-26
-1,2.0,0.10010000000000474,52.7499,621,target,2011-10-03
1,-1.0,0.10000000000000142,57.15,628,stop,2011-10-26
1,2.0,0.22999999999999687,56.94,645,target,2011-11-03
1,-1.0,0.13000000000000256,56.85,615,stop,2011-11-10
1,-1.0,0.134999999999998,54.175,630,stop,2011-11-21
1,-1.0,0.07500000000000284,53.575,627,stop,2011-11-23
-1,2.0,0.13000000000000256,53.54,697,target,2011-11-25
-1,-1.0,0.07000000000000028,54.6,609,stop,2011-11-28
-1,2.0,0.10000000000000142,56.78,636,target,2011-12-01
1,-1.0,0.17499999999999716,56.54,626,stop,2011-12-07
-1,2.0,0.10000000000000142,56.69,627,target,2011-12-09
1,2.0,0.05999999999999517,56.01,643,target,2011-12-12
1,-1.0,0.09000000000000341,55.14,622,stop,2011-12-14
-1,2.0,0.0899999999999963,55.52,693,target,2011-12-16
1,-1.0,0.13999999999999346,55.16,596,stop,2011-12-21
1,-1.0,0.11999999999999744,58.01,643,stop,2012-01-12
1,2.0,0.07000000000000028,57.75,655,target,2012-01-13
-1,2.0,0.060000000000002274,60.15,629,target,2012-01-23
1,-1.0,0.11990000000000123,60.0299,597,stop,2012-01-25
-1,-1.0,0.09000000000000341,60.29,630,stop,2012-01-27
1,2.0,0.0799999999999983,60.51,625,target,2012-01-31
1,2.0,0.0899999999999963,63.18,606,target,2012-02-23
-1,-1.0,0.1150000000000091,64.315,623,stop,2012-02-28
1,2.0,0.07000000000000028,63.3,637,target,2012-03-06
1,0.74330469934306,0.19790000000000418,66.5479,720,time,2012-03-15
-1,2.0,0.0799999999999983,66.98,617,target,2012-03-22
1,2.0,0.04999999999999716,66.61,617,target,2012-03-23
-1,2.0,0.12000000000000455,67.81,597,target,2012-03-29
1,-1.0,0.06929999999999836,67.71,612,stop,2012-03-30
-1,2.0,0.03499999999999659,67.825,634,target,2012-04-02
-1,-1.0,0.04999999999999716,66.95,633,stop,2012-04-12
1,-1.0,0.18999999999999773,65.61,612,stop,2012-04-16
-1,-1.0,0.08499999999999375,66.215,628,stop,2012-04-17
-1,2.0,0.0799999999999983,66.81,600,target,2012-04-19
-1,-1.0,0.04729999999999279,67.1627,612,stop,2012-05-01
1,-1.0,0.060000000000002274,65.29,631,stop,2012-05-04
-1,-1.0,0.08900000000001285,64.701,601,stop,2012-05-07
1,-1.0,0.06759999999999877,64.2276,620,stop,2012-05-10
-1,-1.0,0.1599999999999966,64.39,618,stop,2012-05-11
1,2.0,0.10999999999999943,62.55,616,target,2012-05-17
-1,-1.0,0.0799999999999983,61.39,627,stop,2012-05-21
1,2.0,0.12010000000000076,62.21,632,target,2012-05-24
1,2.0,0.0799999999999983,61.67,634,target,2012-05-31
1,2.0,0.1600000000000037,60.2,616,target,2012-06-04
-1,-1.0,0.14999999999999858,61.03,615,stop,2012-06-05
-1,-1.0,0.11999999999999744,62.0,635,stop,2012-06-06
1,-1.0,0.12000000000000455,62.92,608,stop,2012-06-11
-1,-1.0,0.0799999999999983,63.2,618,stop,2012-06-18
1,-1.0,0.03999999999999915,62.28,626,stop,2012-06-25
1,-1.0,0.0799999999999983,64.24,608,stop,2012-07-06
1,-1.0,0.0799999999999983,64.0,635,stop,2012-07-10
1,-1.0,0.08460000000000178,62.1846,597,stop,2012-07-12
-1,-1.0,0.06700000000000017,63.05,648,stop,2012-07-13
1,-1.0,0.1600000000000037,63.14,631,stop,2012-07-17
-1,-1.0,0.09000000000000341,63.8,592,stop,2012-07-18
1,1.700499999999974,0.20000000000000284,62.71,720,time,2012-07-23
1,2.0,0.0799999999999983,64.83,639,target,2012-08-01
-1,-1.0,0.15000000000000568,64.53,608,stop,2012-08-02
1,-1.0,0.12999999999999545,67.97,611,stop,2012-08-23
1,-1.0,0.12999999999999545,68.41,600,stop,2012-08-27
1,2.0,0.10989999999999611,67.5799,615,target,2012-08-31
-1,-1.0,0.10999999999999943,68.65,590,stop,2012-09-06
-1,-1.0,0.10000000000000853,70.13,604,stop,2012-09-14
1,-1.0,0.07989999999999498,68.3399,622,stop,2012-09-26
-1,2.0,0.12999999999999545,69.2,717,target,2012-10-01
1,-1.0,0.1599999999999966,67.86,614,stop,2012-10-09
-1,-1.0,0.0799999999999983,68.14,609,stop,2012-10-17
1,-1.0,0.1280000000000001,66.858,617,stop,2012-10-19
-1,2.0,0.060000000000002274,65.98,639,target,2012-10-22
-1,-1.0,0.05680000000000973,65.7032,637,stop,2012-11-01
1,-1.0,0.12000000000000455,64.61,650,stop,2012-11-07
-1,2.0,0.08990000000000009,63.3501,643,target,2012-11-13
1,2.0,0.10000000000000142,61.65,618,target,2012-11-16
1,-1.0,0.09000000000000341,65.09,627,stop,2012-12-05
-1,-1.0,0.12000000000000455,64.97,637,stop,2012-12-06
1,-1.0,0.10999999999999943,65.24,627,stop,2012-12-07
-1,-1.0,0.0799999999999983,65.15,607,stop,2012-12-10
-1,-1.0,0.06989999999998986,65.8901,606,stop,2012-12-11
-1,2.0,0.0799999999999983,66.08,652,target,2012-12-13
1,2.0,0.10899999999999466,66.039,608,target,2012-12-20
-1,-1.0,0.13000000000000256,63.98,596,stop,2012-12-31
-1,1.784897025171579,0.2185000000000059,66.88,720,time,2013-01-02
1,-1.0,0.04999999999999716,66.89,628,stop,2013-01-22
-1,-1.0,0.060000000000002274,67.05,604,stop,2013-01-24
-1,2.0,0.04999999999999716,67.14,603,target,2013-01-25
-1,-1.0,0.12690000000000623,67.1331,663,stop,2013-01-28
1,2.0,0.05000000000001137,66.68,616,target,2013-01-29
-1,2.0,0.09999999999999432,67.25,654,target,2013-01-31
1,2.0,0.07000000000000739,67.14,604,target,2013-02-01
-1,-1.0,0.060000000000002274,67.05,637,stop,2013-02-05
-1,-1.0,0.06999999999999318,67.95,594,stop,2013-02-08
1,-1.0,0.0799999999999983,66.69,600,stop,2013-02-21
-1,-1.0,0.0899999999999892,67.54,615,stop,2013-02-28
1,2.0,0.07800000000000296,68.578,640,target,2013-03-08
1,2.0,0.10999999999999943,68.5,645,target,2013-03-13
1,0.6864406779661568,0.117999999999995,68.509,720,time,2013-03-15
-1,-1.0,0.09000000000000341,68.1,614,stop,2013-03-18
-1,-1.0,0.10999999999999943,69.071,647,stop,2013-04-02
-1,-1.0,0.09999999999999432,69.5,633,stop,2013-04-10
1,-1.0,0.09629999999999939,68.3163,639,stop,2013-04-17
1,-1.0,0.14000000000000057,67.98,591,stop,2013-04-18
-1,-1.0,0.0999000000000052,67.77,618,stop,2013-04-19
-1,-1.0,0.0589999999999975,70.281,637,stop,2013-04-29
-1,-1.0,0.0688999999999993,70.8901,622,stop,2013-05-02
1,0.38568129330256745,0.12989999999999213,72.2199,720,time,2013-05-07
-1,2.0,0.0589999999999975,73.0,622,target,2013-05-10
-1,-1.0,0.04000000000000625,73.38,597,stop,2013-05-14
-1,2.0,0.041400000000010095,74.3586,638,target,2013-05-20
-1,-1.0,0.09000000000000341,74.77,628,stop,2013-05-22
-1,-1.0,0.13700000000000045,73.233,622,stop,2013-05-23
-1,-1.0,0.09000000000000341,73.94,652,stop,2013-05-30
1,-1.0,0.10899999999999466,73.009,602,stop,2013-06-03
1,-1.0,0.06900000000000261,72.599,619,stop,2013-06-12
1,2.0,0.1599999999999966,69.36,653,target,2013-06-24
1,-1.0,0.09000000000000341,69.91,626,stop,2013-06-25
-1,-0.0,0.09000000000000341,72.21,720,time,2013-07-01
-1,-1.0,0.0799999999999983,72.06,659,stop,2013-07-02
-1,-1.0,0.07000000000000739,71.85,629,stop,2013-07-03
1,2.0,0.09999999999999432,71.96,655,target,2013-07-05
1,-1.0,0.03999999999999204,74.63,625,stop,2013-07-23
1,2.0,0.059899999999998954,74.4599,617,target,2013-07-24
1,2.0,0.09600000000000364,74.631,595,target,2013-07-25
-1,2.0,0.05000000000001137,75.49,611,target,2013-07-29
1,-1.0,0.060000000000002274,76.7,629,stop,2013-08-06
1,-1.0,0.060000000000002274,75.93,630,stop,2013-08-07
1,2.0,0.04999999999999716,76.38,628,target,2013-08-08
-1,-1.0,0.045000000000001705,76.47,585,stop,2013-08-12
1,-1.0,0.05000000000001137,76.37,615,stop,2013-08-13
1,-1.0,0.06999999999999318,75.6,608,stop,2013-08-15
-1,-1.0,0.06999999999999318,75.98,623,stop,2013-08-19
-1,-1.0,0.06999999999999318,75.75,603,stop,2013-08-21
-1,-1.0,0.06999999999999318,76.03,641,stop,2013-08-22
-1,-1.0,0.04999999999999716,77.02,656,stop,2013-08-26
-1,2.0,0.10000000000000853,76.08,616,target,2013-08-27
-1,-1.0,0.09000000000000341,75.36,591,stop,2013-08-28
-1,-1.0,0.0799999999999983,75.86,601,stop,2013-08-29
1,-1.0,0.0899999999999892,75.63,642,stop,2013-08-30
-1,-1.0,0.07000000000000739,76.44,624,stop,2013-09-04
1,-1.0,0.20000000000000284,76.5,603,stop,2013-09-06
1,-1.0,0.10999999999999943,77.75,628,stop,2013-09-13
1,-1.0,0.08899999999999864,78.359,602,stop,2013-09-16
1,-1.0,0.0899999999999892,78.85,652,stop,2013-09-23
1,2.0,0.09500000000001307,78.665,629,target,2013-09-24
1,-1.0,0.2599999999999909,78.71,610,stop,2013-09-25
-1,2.0,0.060000000000002274,79.3,645,target,2013-09-26
-1,-1.0,0.069500000000005,78.5205,615,stop,2013-09-30
-1,-1.0,0.12999999999999545,79.09,620,stop,2013-10-01
1,-1.0,0.0799999999999983,79.21,621,stop,2013-10-03
-1,-1.0,0.08500000000000796,79.115,635,stop,2013-10-04
-1,-1.0,0.07500000000000284,79.095,607,stop,2013-10-07
1,-1.0,0.1599999999999966,77.0,604,stop,2013-10-09
-1,-1.0,0.12999999999999545,78.12,640,stop,2013-10-10
-1,2.0,0.07399999999999807,78.861,648,target,2013-10-11
-1,-1.0,0.06989999999998986,80.26,658,stop,2013-10-16
1,2.0,0.10999999999999943,82.81,630,target,2013-10-29
1,2.0,0.09000000000000341,82.73,627,target,2013-11-04
1,-1.0,0.07989999999999498,82.2799,618,stop,2013-11-07
-1,-1.0,0.059899999999998954,82.51,627,stop,2013-11-12
-1,-1.0,0.05999999999998806,82.4,615,stop,2013-11-13
1,-1.0,0.08010000000000161,86.06,606,stop,2013-12-11
1,-1.0,0.07000000000000739,85.12,590,stop,2013-12-13
-1,2.0,0.08500000000000796,85.725,622,target,2013-12-16
1,2.0,0.08099999999998886,84.951,632,target,2013-12-18
1,2.0,0.12000000000000455,85.64,645,target,2013-12-19
-1,-1.0,0.05900000000001171,86.091,618,stop,2013-12-20
1,-1.0,0.0899999999999892,87.24,603,stop,2014-01-02
1,-1.0,0.0799999999999983,86.32,601,stop,2014-01-06
-1,-1.0,0.08990000000000009,86.9701,622,stop,2014-01-07
1,-1.0,0.08679999999999666,87.2468,622,stop,2014-01-09
1,2.0,0.07000000000000739,86.81,621,target,2014-01-10
-1,-1.0,0.07000000000000739,87.41,646,stop,2014-01-13
-1,-1.0,0.06500000000001194,86.57,606,stop,2014-01-14
-1,-1.0,0.09069999999999823,88.2893,666,stop,2014-01-15
1,-1.0,0.1799999999999926,88.27,606,stop,2014-01-23
1,-1.0,0.14000000000000057,87.79,631,stop,2014-01-24
1,-1.0,0.11599999999999966,86.191,627,stop,2014-01-27
1,-1.0,0.15000000000000568,85.39,625,stop,2014-02-03
1,2.0,0.23990000000000578,83.9799,695,target,2014-02-05
-1,-1.0,0.0899999999999892,85.51,619,stop,2014-02-06
-1,-1.0,0.09000000000000341,89.1,646,stop,2014-02-13
1,2.0,0.13000000000000966,90.15,623,target,2014-02-25
-1,-1.0,0.18000000000000682,90.66,603,stop,2014-02-28
-1,2.0,0.20999999999999375,89.7,699,target,2014-03-03
1,-1.0,0.18999999999999773,90.55,661,stop,2014-03-07
-1,-1.0,0.10999999999999943,89.66,601,stop,2014-03-17
-1,-1.0,0.11490000000000578,89.955,600,stop,2014-03-18
-1,-1.0,0.04999999999999716,90.27,632,stop,2014-03-20
1,-1.0,0.1950000000000074,89.685,620,stop,2014-03-21
1,-1.0,0.18000000000000682,88.68,606,stop,2014-03-24
1,2.0,0.269999999999996,86.67,605,target,2014-03-27
-1,-1.0,0.10999999999999943,87.71,590,stop,2014-03-28
-1,-1.0,0.0799999999999983,88.84,630,stop,2014-04-01
1,2.0,0.18999999999999773,88.21,605,target,2014-04-04
-1,2.0,0.18999999999999773,86.44,630,target,2014-04-07
1,-1.0,0.12009999999999366,87.21,604,stop,2014-04-10
-1,2.0,0.20999999999999375,85.0,608,target,2014-04-11
1,-1.0,0.289599999999993,87.2196,603,stop,2014-04-24
-1,-1.0,0.14000000000000057,87.59,642,stop,2014-05-05
1,-1.0,0.269999999999996,86.42,608,stop,2014-05-07
-1,-1.0,0.23000000000000398,86.7,600,stop,2014-05-08
-1,-1.0,0.0799999999999983,87.9,648,stop,2014-05-12
1,-1.0,0.1599999999999966,87.36,602,stop,2014-05-15
1,-1.0,0.1699999999999875,86.85,626,stop,2014-05-16
1,-1.0,0.0799999999999983,91.09,597,stop,2014-06-02
-1,-1.0,0.06999999999999318,91.26,616,stop,2014-06-03
-1,-1.0,0.10999999999999943,92.81,605,stop,2014-06-11
1,-1.0,0.1700000000000017,92.28,601,stop,2014-06-13
-1,-1.0,0.11999999999999034,92.4,603,stop,2014-06-16
-1,2.0,0.07000000000000739,92.63,647,target,2014-06-17
-1,-1.0,0.08499999999999375,93.18,619,stop,2014-06-24
-1,-1.0,0.08990000000000009,92.7801,593,stop,2014-06-25
1,2.0,0.10999999999999943,92.73,621,target,2014-06-26
-1,-1.0,0.07000000000000739,94.66,633,stop,2014-07-01
1,-1.0,0.06999999999999318,94.77,602,stop,2014-07-08
1,-1.0,0.09999999999999432,96.41,603,stop,2014-07-28
1,-1.0,0.12999999999999545,95.91,631,stop,2014-07-31
-1,2.0,0.10000000000000853,95.24,610,target,2014-08-01
-1,-1.0,0.1799999999999926,94.31,604,stop,2014-08-06
1,2.0,0.07189999999999941,99.342,641,target,2014-08-29
1,-1.0,0.12999999999999545,100.16,595,stop,2014-09-03
-1,-1.0,0.13000000000000966,100.02,611,stop,2014-09-04
1,-1.0,0.21999999999999886,99.255,641,stop,2014-09-05
-1,-1.0,0.060000000000002274,100.11,587,stop,2014-09-08
1,-1.0,0.14999999999999147,99.85,620,stop,2014-09-09
1,-1.0,0.09499999999999886,99.625,602,stop,2014-09-12
1,-1.0,0.1799000000000035,98.7499,643,stop,2014-09-15
-1,-1.0,0.10999999999999943,98.51,610,stop,2014-09-16
-1,-1.0,0.07899999999999352,99.131,621,stop,2014-09-23
1,-1.0,0.15370000000000061,98.3437,633,stop,2014-09-25
1,2.0,0.19000000000001194,98.51,638,target,2014-09-30
1,-1.0,0.1700000000000017,98.06,600,stop,2014-10-01
-1,2.0,0.08199999999999363,98.308,624,target,2014-10-03
1,-1.0,0.14500000000001023,95.385,630,stop,2014-10-10
1,2.0,0.25,92.98,613,target,2014-10-14
-1,-1.0,0.2600999999999942,92.23,614,stop,2014-10-15
-1,-1.0,0.29999999999999716,91.11,592,stop,2014-10-16
1,-1.0,0.10999999999999943,101.48,596,stop,2014-11-05
1,-1.0,0.0969000000000051,101.4169,614,stop,2014-11-07
-1,-1.0,0.0799999999999983,103.03,599,stop,2014-11-13
-1,-1.0,0.0799999999999983,103.47,609,stop,2014-11-18
1,-1.0,0.16899999999999693,103.319,592,stop,2014-11-19
-1,-1.0,0.1039999999999992,103.296,630,stop,2014-11-20
1,-0.3333333333333333,0.5100000000000051,104.93,720,time,2014-12-01
1,2.0,0.0799999999999983,104.91,613,target,2014-12-03
-1,2.0,0.05999999999998806,105.51,612,target,2014-12-08
-1,-1.0,0.06999999999999318,104.34,604,stop,2014-12-11
-1,-1.0,0.28990000000000293,103.49,596,stop,2014-12-12
1,-1.0,0.20000000000000284,102.84,635,stop,2014-12-15
-1,-1.0,0.09000000000000341,102.84,625,stop,2015-01-08
1,-1.0,0.20999999999999375,103.24,622,stop,2015-01-09
1,-1.0,0.23510000000000275,102.175,588,stop,2015-01-12
-1,-1.0,0.2109000000000094,103.255,599,stop,2015-01-13
-1,2.0,0.14289999999999736,101.34,620,target,2015-01-14
1,-1.0,0.21999999999999886,100.67,589,stop,2015-01-15
1,-1.0,0.20000000000000284,100.81,641,stop,2015-01-20
1,2.0,0.18999999999999773,101.83,601,target,2015-01-22
1,2.0,0.2400000000000091,100.2,608,target,2015-01-29
1,-1.0,0.17900000000000205,100.569,598,stop,2015-02-02
-1,-1.0,0.11899999999999977,109.06,611,stop,2015-03-02
1,-1.0,0.13100000000000023,108.091,590,stop,2015-03-04
1,2.0,0.14000000000000057,107.33,608,target,2015-03-09
1,-1.0,0.1337999999999937,106.5238,614,stop,2015-03-10
-1,-1.0,0.0799999999999983,105.56,594,stop,2015-03-12
-1,-1.0,0.15400000000001057,106.216,662,stop,2015-03-16
1,-1.0,0.18990000000000862,107.42,677,stop,2015-03-25
-1,2.0,0.14509999999999934,105.0949,596,target,2015-03-26
-1,-1.0,0.16110000000000468,106.6139,600,stop,2015-03-30
1,-1.0,0.21999999999999886,104.6,596,stop,2015-04-01
-1,-1.0,0.12999999999999545,105.28,617,stop,2015-04-06
-1,-1.0,0.09000000000000341,106.46,630,stop,2015-04-07
-1,2.0,0.13000000000000966,106.52,635,target,2015-04-08
-1,2.0,0.28999999999999204,106.84,680,target,2015-04-09
1,-1.0,0.14999999999999147,106.77,636,stop,2015-04-14
1,-1.0,0.15000000000000568,106.12,663,stop,2015-04-17
-1,-1.0,0.060000000000002274,107.08,599,stop,2015-04-20
1,-1.0,0.18000000000000682,107.87,615,stop,2015-04-22
-1,2.0,0.11990000000000123,108.7401,653,target,2015-04-23
1,-1.0,0.14000000000000057,109.95,599,stop,2015-04-28
-1,2.0,0.19999999999998863,109.87,621,target,2015-04-29
-1,2.0,0.14000000000000057,108.54,640,target,2015-05-01
1,-1.0,0.14000000000000057,108.28,613,stop,2015-05-05
1,-1.0,0.22000000000001307,106.93,602,stop,2015-05-06
-1,2.0,0.14000000000000057,107.22,595,target,2015-05-07
1,2.0,0.16100000000000136,106.961,592,target,2015-05-12
1,2.0,0.125,109.55,617,target,2015-05-20
1,-1.0,0.1700000000000017,109.63,605,stop,2015-05-26
-1,-1.0,0.23000000000000398,109.97,626,stop,2015-05-27
1,2.0,0.10009999999999764,109.8801,602,target,2015-06-01
1,2.0,0.1700000000000017,109.64,610,target,2015-06-02
-1,2.0,0.0799999999999983,110.4,617,target,2015-06-04
1,2.0,0.29000000000000625,108.92,623,target,2015-06-05
1,-1.0,0.1799999999999926,107.55,605,stop,2015-06-09
-1,-1.0,0.07900000000000773,108.961,633,stop,2015-06-10
1,2.0,0.20879999999999654,107.5188,660,target,2015-06-15
-1,-1.0,0.05000000000001137,110.07,600,stop,2015-06-18
-1,2.0,0.14999999999999147,108.51,622,target,2015-06-29
1,-1.0,0.20999999999999375,107.16,648,stop,2015-06-30
-1,-1.0,0.14000000000000057,107.73,632,stop,2015-07-06
1,-1.0,0.14000000000000057,107.37,595,stop,2015-07-07
1,-1.0,0.23000000000000398,106.78,601,stop,2015-07-08
-1,-1.0,0.12999999999999545,109.06,614,stop,2015-07-13
-1,-1.0,0.23000000000000398,112.69,595,stop,2015-07-22
1,-1.0,0.060000000000002274,112.15,630,stop,2015-07-24
1,-1.0,0.1490000000000009,110.14,589,stop,2015-07-28
1,2.0,0.19899999999999807,110.82,630,target,2015-07-30
1,0.8500000000000568,0.19999999999998863,112.07,720,time,2015-07-31
-1,-1.0,0.14999999999999147,112.56,609,stop,2015-08-05
1,-1.0,0.1600000000000108,111.93,590,stop,2015-08-06
1,-1.0,0.1898999999999944,108.835,612,stop,2015-08-12
1,-1.0,0.23000000000000398,108.15,679,stop,2015-08-20
-1,2.0,0.1799999999999926,106.29,613,target,2015-08-21
1,0.33783247320365306,12.594999999999999,97.335,720,time,2015-08-24
-1,-1.0,0.1910000000000025,106.05,627,stop,2015-09-18
1,-1.0,0.16679999999999495,101.78,599,stop,2015-09-28
1,-1.0,0.23619999999999663,101.17,600,stop,2015-10-01
1,2.0,0.1700000000000017,108.09,655,target,2015-10-21
1,-1.0,0.23999999999999488,115.07,613,stop,2015-11-04
1,-1.0,0.1349999999999909,114.71,626,stop,2015-11-05
1,2.0,0.2599999999999909,114.02,632,target,2015-11-06
1,-1.0,0.09510000000000218,113.715,630,stop,2015-11-09
1,2.0,0.09900000000000375,113.119,624,target,2015-11-11
1,-1.0,0.14999999999999147,110.77,637,stop,2015-11-13
-1,-1.0,0.18999999999999773,110.16,619,stop,2015-11-16
1,-1.0,0.13500000000000512,114.025,620,stop,2015-12-03
-1,2.0,0.12990000000000634,113.7301,609,target,2015-12-04
1,-1.0,0.2400000000000091,113.84,645,stop,2015-12-17
1,-1.0,0.2400000000000091,108.76,635,stop,2016-01-04
1,-1.0,0.16339999999999577,109.4534,630,stop,2016-01-05
-1,-1.0,0.23000000000000398,107.88,589,stop,2016-01-06
1,-1.0,0.28000000000000114,104.36,617,stop,2016-01-11
-1,2.0,0.23000000000000398,105.85,624,target,2016-01-12
1,-1.0,0.15050000000000807,105.3905,631,stop,2016-01-13
1,2.0,0.33199999999999363,101.002,617,target,2016-01-14
-1,2.0,0.23000000000000398,101.71,597,target,2016-01-15
1,2.0,0.5,100.32,610,target,2016-01-21
1,-1.0,0.21999999999999886,100.8,629,stop,2016-01-28
1,-1.0,0.37000000000000455,100.93,628,stop,2016-02-03
1,-1.0,0.22999999999998977,100.27,618,stop,2016-02-05
-1,-1.0,0.5170000000000101,96.835,602,stop,2016-02-09
-1,2.0,0.30000000000001137,96.32,641,target,2016-02-11
1,2.0,0.16500000000000625,105.135,636,target,2016-03-04
-1,-1.0,0.18000000000000682,107.6,612,stop,2016-03-22
1,2.0,0.14999999999999147,107.07,619,target,2016-03-28
-1,-1.0,0.10999999999999943,109.29,636,stop,2016-04-01
1,-1.0,0.14000000000000057,108.17,623,stop,2016-04-12
-1,-1.0,0.2600000000000051,110.74,621,stop,2016-04-14
-1,-1.0,0.14000000000000057,111.02,625,stop,2016-04-18
1,-1.0,0.11499999999999488,110.765,592,stop,2016-04-19
1,-1.0,0.1389999999999958,105.72,618,stop,2016-04-29
-1,2.0,0.1700000000000017,105.08,601,target,2016-05-06
-1,-1.0,0.18500000000000227,106.03,609,stop,2016-05-09
1,-1.0,0.09000000000000341,106.09,619,stop,2016-05-12
1,-1.0,0.14000000000000057,104.89,662,stop,2016-05-19
-1,2.0,0.0799999999999983,106.56,627,target,2016-05-20
-1,-1.0,0.125,107.44,602,stop,2016-05-24
1,2.0,0.1700000000000017,109.7,622,target,2016-06-02
1,-1.0,0.14999999999999147,109.94,600,stop,2016-06-03
-1,-1.0,0.12000000000000455,108.71,601,stop,2016-06-13
-1,-1.0,0.1599999999999966,108.23,601,stop,2016-06-14
1,-1.0,0.09999999999999432,106.78,622,stop,2016-06-16
1,-1.0,0.12999999999999545,107.02,589,stop,2016-06-17
-1,-1.0,0.09999999999999432,108.12,669,stop,2016-06-20
-1,-1.0,0.28000000000000114,105.86,595,stop,2016-06-24
1,-1.0,0.2160999999999973,103.0461,589,stop,2016-06-27
-1,2.0,0.09629999999999939,104.0,639,target,2016-06-28
-1,2.0,0.060000000000002274,108.33,631,target,2016-07-01
-1,2.0,0.1110000000000042,114.089,653,target,2016-07-26
1,2.0,0.0899999999999892,114.96,629,target,2016-07-29
-1,-1.0,0.10000000000000853,115.69,625,stop,2016-08-01
1,-1.0,0.10000000000000853,115.2,616,stop,2016-08-02
-1,-1.0,0.08520000000000039,116.8548,617,stop,2016-08-05
1,2.0,0.0589999999999975,116.339,636,target,2016-08-08
1,-1.0,0.10000000000000853,116.7,688,stop,2016-08-17
-1,2.0,0.060000000000002274,117.49,675,target,2016-08-22
-1,2.0,0.12000000000000455,117.03,600,target,2016-08-26
-1,2.0,0.2400000000000091,116.85,634,target,2016-08-30
1,-1.0,0.14999999999999147,117.3,610,stop,2016-09-08
-1,-1.0,0.14000000000000057,114.45,596,stop,2016-09-12
-1,-1.0,0.09499999999999886,116.265,630,stop,2016-09-14
-1,-1.0,0.09719999999998663,116.68,626,stop,2016-09-15
-1,2.0,0.08599999999999852,118.119,634,target,2016-09-27
1,-1.0,0.1700000000000017,118.47,697,stop,2016-10-07
1,-1.0,0.10000000000000853,118.54,601,stop,2016-10-11
1,2.0,0.12000000000000455,117.18,593,target,2016-10-12
1,-1.0,0.12000000000000455,116.09,601,stop,2016-10-13
1,-1.0,0.08500000000000796,118.31,635,stop,2016-10-27
1,-1.0,0.07000000000000739,116.7,630,stop,2016-11-01
-1,2.0,0.1700000000000017,114.09,590,target,2016-11-04
-1,-1.0,1.1260000000000048,115.874,590,stop,2016-11-09
1,-1.0,0.12000000000000455,117.62,602,stop,2016-11-10
1,-1.0,0.13000000000000966,115.01,602,stop,2016-11-14
-1,2.0,0.1599999999999966,116.39,635,target,2016-11-15
-1,-1.0,0.22999999999998977,116.37,624,stop,2016-11-16
1,2.0,0.12999999999999545,118.25,670,target,2016-11-30
1,-1.0,0.2150000000000034,116.78,618,stop,2016-12-01
-1,2.0,0.28000000000000114,115.88,613,target,2016-12-02
-1,-1.0,0.15749999999999886,120.1705,590,stop,2016-12-13
1,-1.0,0.1700000000000017,120.09,691,stop,2016-12-22
-1,-1.0,0.10949999999999704,121.4,602,stop,2016-12-27
1,-1.0,0.18000000000000682,120.5,610,stop,2016-12-28
1,-1.0,0.21999999999999886,118.98,623,stop,2016-12-30
-1,2.0,0.1799999999999926,119.81,649,target,2017-01-03
-1,-1.0,0.13000000000000966,120.6,596,stop,2017-01-05
1,2.0,0.0799999999999983,121.78,628,target,2017-01-12
1,-1.0,0.17499999999999716,124.61,606,stop,2017-01-30
-1,-1.0,0.0700000000000216,129.39,629,stop,2017-02-17
-1,-1.0,0.0549999999999784,130.365,622,stop,2017-02-21
1,-1.0,0.10000000000002274,130.3,608,stop,2017-02-23
-1,-1.0,0.1740999999999815,129.6759,672,stop,2017-02-24
-1,-1.0,0.09000000000000341,130.89,625,stop,2017-03-08
1,-1.0,0.09000000000000341,131.27,616,stop,2017-03-15
-1,-1.0,0.04999999999998295,132.05,625,stop,2017-03-20
1,-1.0,0.11100000000001842,131.901,626,stop,2017-03-21
-1,-1.0,0.08100000000001728,131.159,665,stop,2017-03-24
-1,-1.0,0.15000000000000568,130.06,627,stop,2017-03-27
1,-1.0,0.13999999999998636,131.35,590,stop,2017-04-11
-1,-1.0,0.12000000000000455,131.18,602,stop,2017-04-13
-1,-1.0,0.09659999999999513,131.4134,596,stop,2017-04-18
1,2.0,0.0800000000000125,136.74,624,target,2017-05-03
1,-1.0,0.14069999999998117,136.76,594,stop,2017-05-04
1,-1.0,0.11000000000001364,137.09,625,stop,2017-05-05
-1,-1.0,0.07929999999998927,138.5107,605,stop,2017-05-09
1,-1.0,0.060000000000002274,138.08,600,stop,2017-05-10
1,-1.0,0.14000000000001478,137.65,603,stop,2017-05-11
-1,-1.0,0.13999999999998636,138.83,643,stop,2017-05-15
1,-1.0,0.0771000000000015,139.1071,632,stop,2017-05-16
1,-1.0,0.3400000000000034,138.16,636,stop,2017-05-17
-1,-1.0,0.1875,136.4,586,stop,2017-05-18
-1,-1.0,0.14990000000000236,138.06,627,stop,2017-05-19
-1,-1.0,0.07999999999998408,138.55,601,stop,2017-05-22
1,2.0,0.10999999999998522,138.95,624,target,2017-05-23
1,2.0,0.19900000000001228,140.769,659,target,2017-05-31
1,2.0,0.10730000000000928,141.0873,668,target,2017-06-01
1,-1.0,0.30000000000001137,143.52,587,stop,2017-06-08
1,-1.0,0.585000000000008,138.285,591,stop,2017-06-12
1,2.0,0.22499999999999432,137.715,657,target,2017-06-15
1,-1.0,0.12999999999999545,137.99,653,stop,2017-06-16
-1,-1.0,0.14690000000001646,140.19,631,stop,2017-06-19
1,-1.0,0.20999999999997954,138.64,605,stop,2017-06-29
1,-1.0,0.1799999999999784,137.48,635,stop,2017-07-03
-1,-0.7115384615384174,0.2600000000000193,143.51,720,time,2017-07-28
1,-1.0,0.19110000000000582,143.58,625,stop,2017-07-31
1,2.0,0.12999999999999545,143.25,649,target,2017-08-01
1,-1.0,0.17500000000001137,143.995,616,stop,2017-08-02
1,-1.0,0.17499999999998295,143.57,605,stop,2017-08-03
1,-1.0,0.30999999999997385,142.42,705,stop,2017-08-10
-1,-1.0,0.21999999999999886,141.84,647,stop,2017-08-11
1,0.13636363636364224,0.21999999999999886,142.82,720,time,2017-08-17
1,2.0,0.18999999999999773,140.84,607,target,2017-08-18
1,2.0,0.15000000000000568,140.33,643,target,2017-08-21
-1,-1.0,0.054099999999976944,142.5859,629,stop,2017-08-22
1,-1.0,0.160000000000025,142.36,608,stop,2017-08-24
-1,-1.0,0.13999999999998636,141.84,600,stop,2017-08-29
1,1.7000000000001136,0.19999999999998863,145.81,720,time,2017-09-01
-1,2.0,0.09000000000000341,146.03,635,target,2017-09-11
1,-1.0,0.18999999999999773,144.47,608,stop,2017-09-21
1,-1.0,0.22999999999998977,143.39,634,stop,2017-09-25
1,-1.0,0.186300000000017,147.3864,716,stop,2017-10-10
1,-1.0,0.11999999999997613,148.89,605,stop,2017-10-18
1,-1.0,0.21000000000000796,147.52,602,stop,2017-10-19
1,-1.0,0.11530000000001905,148.6853,605,stop,2017-10-23
1,2.0,0.19999999999998863,147.64,640,target,2017-10-24
-1,2.0,0.11930000000000973,148.0607,592,target,2017-10-25
1,2.0,0.15000000000000568,147.07,634,target,2017-10-26
-1,-1.0,0.10999999999998522,149.8,598,stop,2017-10-27
-1,-1.0,0.21000000000000796,151.44,585,stop,2017-10-30
1,-1.0,0.12000000000000455,152.3,639,stop,2017-11-01
1,2.0,0.18999999999999773,151.32,642,target,2017-11-02
1,2.0,0.13999999999998636,151.98,658,target,2017-11-03
-1,-1.0,0.09999999999999432,153.68,648,stop,2017-11-06
-1,-1.0,0.1449999999999818,153.745,679,stop,2017-11-13
1,2.0,0.2400000000000091,152.81,639,target,2017-11-14
1,2.0,0.24989999999999668,152.0299,624,target,2017-11-15
-1,-1.0,0.04070000000001528,153.9193,618,stop,2017-11-16
-1,-1.0,0.125,155.105,595,stop,2017-11-21
1,-1.0,0.18999999999999773,155.92,586,stop,2017-11-29
-1,-1.0,0.5200000000000102,154.39,612,stop,2017-12-01
1,-1.0,0.3199999999999932,154.2,613,stop,2017-12-04
-1,-1.0,0.2400000000000091,153.84,658,stop,2017-12-05
-1,-1.0,0.2599999999999909,152.93,598,stop,2017-12-06
1,-1.0,0.28999999999999204,157.29,641,stop,2017-12-20
1,-1.0,0.09999999999999432,156.44,654,stop,2017-12-29
-1,-1.0,0.20000000000001705,157.14,598,stop,2018-01-02
-1,-1.0,0.1349999999999909,159.495,637,stop,2018-01-03
1,-1.0,0.23999999999998067,162.48,592,stop,2018-01-09
1,-1.0,0.1904999999999859,161.4305,601,stop,2018-01-10
-1,-1.0,0.15000000000000568,163.39,588,stop,2018-01-12
-1,2.0,0.18500000000000227,166.23,632,target,2018-01-16
1,-1.0,0.3300000000000125,164.36,669,stop,2018-01-17
-1,-1.0,0.12990000000002055,167.1101,633,stop,2018-01-22
1,1.7642067369503691,0.3889000000000067,168.5489,720,time,2018-01-25
-1,-1.0,0.1449999999999818,168.995,602,stop,2018-02-01
1,-1.0,0.28479999999998995,166.5348,600,stop,2018-02-02
-1,-1.0,0.34499999999999886,163.76,603,stop,2018-02-05
-1,-1.0,1.009999999999991,159.65,605,stop,2018-02-06
-1,-1.0,0.25,160.91,631,stop,2018-02-14
1,-1.0,0.29999999999998295,164.48,632,stop,2018-03-27
1,2.0,0.6299999999999955,157.22,593,target,2018-03-28
1,-1.0,0.39500000000001023,155.055,619,stop,2018-04-03
1,-1.0,0.3400000000000034,161.29,632,stop,2018-04-24
1,-1.0,0.5900000000000034,157.62,598,stop,2018-04-25
1,-1.0,0.37000000000000455,162.91,598,stop,2018-04-27
-1,-1.0,0.22849999999999682,162.7115,625,stop,2018-05-04
1,2.0,0.21000000000000796,167.31,620,target,2018-05-15
-1,2.0,0.17499999999998295,167.9,641,target,2018-05-23
1,-1.0,0.30000000000001137,168.83,599,stop,2018-05-24
-1,2.0,0.19999999999998863,169.72,623,target,2018-05-29
-1,-1.0,0.18000000000000682,171.94,650,stop,2018-06-01
1,-1.0,0.16579999999999018,175.01,620,stop,2018-06-07
-1,-1.0,0.1699999999999875,177.3,620,stop,2018-06-14
1,2.0,0.2799999999999727,176.39,620,target,2018-06-15
-1,-1.0,0.21999999999999886,174.99,586,stop,2018-06-19
1,-1.0,0.27000000000001023,176.72,617,stop,2018-06-21
1,-1.0,0.23999999999998067,175.35,597,stop,2018-06-22
1,-1.0,0.2547999999999888,173.0948,585,stop,2018-06-25
1,2.0,0.22690000000000055,172.3544,633,target,2018-07-03
-1,-1.0,0.2539999999999907,178.276,610,stop,2018-07-17
1,-1.0,0.2750000000000057,180.565,597,stop,2018-07-27
1,-1.0,0.4300000000000068,176.02,594,stop,2018-07-30
-1,2.0,0.5500000000000114,176.26,619,target,2018-07-31
-1,-1.0,0.1699999999999875,176.78,605,stop,2018-08-02
-1,-1.0,0.0700999999999965,181.8399,625,stop,2018-08-13
1,-1.0,0.34499999999999886,179.035,616,stop,2018-08-15
1,2.0,0.22210000000001173,178.49,679,target,2018-08-17
1,-1.0,0.17849999999998545,179.3885,614,stop,2018-08-20
-1,-1.0,0.12000000000000455,181.78,621,stop,2018-08-23
-1,-1.0,0.14000000000001478,186.91,610,stop,2018-08-31
1,2.0,0.25,185.1,600,target,2018-09-04
1,-1.0,0.37989999999999213,184.04,620,stop,2018-09-05
1,-1.0,0.44999999999998863,182.94,608,stop,2018-09-06
-1,-1.0,0.3599999999999852,182.02,625,stop,2018-09-07
1,-1.0,0.37000000000000455,181.57,593,stop,2018-09-10
-1,-1.0,0.11050000000000182,182.1595,615,stop,2018-09-11
1,-1.0,0.22999999999998977,181.91,621,stop,2018-09-12
-1,2.0,0.2300000000000182,184.57,616,target,2018-09-13
1,-1.0,0.28999999999999204,182.95,595,stop,2018-09-17
-1,-1.0,0.2699000000000069,182.4101,585,stop,2018-09-18
1,2.0,0.18999999999999773,181.7,667,target,2018-09-19
1,-0.274509803921567,1.0200000000000102,185.02,720,time,2018-09-21
-1,-1.0,0.1449999999999818,186.025,609,stop,2018-09-27
1,-1.0,0.2600000000000193,184.21,601,stop,2018-10-04
1,-1.0,0.46000000000000796,181.71,648,stop,2018-10-05
-1,-1.0,0.21999999999999886,180.33,625,stop,2018-10-08
1,-1.0,0.5038000000000125,177.8238,587,stop,2018-10-10
-1,-1.0,0.3300000000000125,172.73,597,stop,2018-10-11
1,-1.0,0.31989999999998986,172.2899,614,stop,2018-10-15
1,-1.0,0.4124999999999943,176.9,600,stop,2018-10-17
1,2.0,0.4200000000000159,169.24,647,target,2018-10-23
-1,2.0,0.4650000000000034,167.295,601,target,2018-10-26
-1,2.0,0.8500000000000227,164.67,644,target,2018-10-30
1,2.0,0.23999999999998067,167.32,632,target,2018-11-05
1,-1.0,0.35249999999999204,164.8125,621,stop,2018-11-19
1,-0.40763658758321036,3.4098999999999933,172.92,720,time,2018-12-03
-1,-1.0,0.610100000000017,152.9799,644,stop,2019-01-02
-1,2.0,0.28999999999999204,161.86,630,target,2019-01-15
1,-0.5750000000000071,0.39999999999997726,162.26,720,time,2019-01-28
-1,2.0,0.18000000000000682,168.42,653,target,2019-02-01
1,-1.0,0.28000000000000114,170.09,623,stop,2019-02-06
1,-1.0,0.22999999999998977,171.66,608,stop,2019-02-15
-1,-1.0,0.15000000000000568,172.25,705,stop,2019-02-19
1,-1.0,0.27000000000001023,171.09,612,stop,2019-02-21
-1,-1.0,0.09999999999999432,173.79,626,stop,2019-02-26
1,-1.0,0.2972000000000037,172.2472,624,stop,2019-02-27
1,-1.0,0.18249999999997613,173.7325,683,stop,2019-03-01
1,2.0,0.23499999999998522,173.92,601,target,2019-03-05
1,-1.0,0.3300000000000125,171.97,602,stop,2019-03-07
-1,-1.0,0.144299999999987,172.72,587,stop,2019-03-11
-1,-1.0,0.15000000000000568,178.75,610,stop,2019-03-18
-1,-1.0,0.2400000000000091,180.01,585,stop,2019-03-21
1,2.0,0.3400000000000034,180.87,618,target,2019-03-22
-1,2.0,0.19999999999998863,180.49,616,target,2019-03-26
1,2.0,0.2849999999999966,186.92,639,target,2019-04-17
1,-1.0,0.24500000000000455,186.7825,621,stop,2019-04-18
-1,-1.0,0.13990000000001146,187.2201,634,stop,2019-04-22
-1,-1.0,0.19499999999999318,189.245,680,stop,2019-04-23
1,-1.0,0.2869000000000028,190.68,612,stop,2019-04-25
1,-1.0,0.3499999999999943,189.35,594,stop,2019-04-26
-1,2.0,0.1599999999999966,189.69,628,target,2019-05-02
-1,2.0,0.1799999999999784,188.3,590,target,2019-05-06
1,-1.0,0.4399999999999977,183.04,601,stop,2019-05-09
1,-1.0,0.3299999999999841,182.95,632,stop,2019-05-10
1,-1.0,0.5100000000000193,179.52,676,stop,2019-05-13
-1,-1.0,0.2599999999999909,180.53,613,stop,2019-05-15
-1,-1.0,0.14000000000001478,184.57,608,stop,2019-05-16
-1,-1.0,0.25,184.34,645,stop,2019-05-17
1,-1.0,0.4450000000000216,172.58,598,stop,2019-06-03
1,-1.0,0.3229000000000042,175.61,613,stop,2019-06-05
-1,-1.0,0.3400000000000034,179.35,596,stop,2019-06-07
-1,-1.0,0.15000000000000568,183.22,585,stop,2019-06-10
-1,-1.0,0.2600000000000193,183.92,635,stop,2019-06-17
-1,-1.0,0.3199999999999932,187.1,601,stop,2019-06-18
1,-1.0,0.26139999999998054,187.14,638,stop,2019-06-25
-1,2.0,0.21999999999999886,187.11,593,target,2019-06-26
1,-1.0,0.14000000000001478,189.56,634,stop,2019-07-01
1,-1.0,0.23500000000001364,189.215,587,stop,2019-07-08
-1,-1.0,0.07990000000000919,189.75,619,stop,2019-07-09
-1,-1.0,0.29999999999998295,192.36,588,stop,2019-07-10
-1,-1.0,0.29999999999998295,191.77,621,stop,2019-07-18
1,-1.0,0.15000000000000568,193.21,607,stop,2019-07-19
-1,-1.0,0.12999999999999545,192.33,600,stop,2019-07-22
1,-1.0,0.19999999999998863,192.97,609,stop,2019-07-23
-1,-1.0,0.25,193.8,630,stop,2019-07-24
1,-1.0,0.22999999999998977,193.47,627,stop,2019-07-25
-1,-0.7073170731707875,0.4099999999999966,194.98,720,time,2019-07-26
1,-1.0,0.18999999999999773,194.42,590,stop,2019-07-29
-1,-1.0,0.23999999999998067,193.8,692,stop,2019-07-30
-1,-1.0,0.28000000000000114,192.6,588,stop,2019-08-01
1,-1.0,0.31500000000002615,187.485,619,stop,2019-08-02
1,-1.0,0.5300000000000011,182.63,635,stop,2019-08-05
1,2.0,0.6400000000000148,180.53,610,target,2019-08-07
-1,-1.0,0.5900000000000034,185.25,585,stop,2019-08-13
-1,2.0,0.214999999999975,192.11,648,target,2019-09-05
1,2.0,0.28000000000000114,189.19,624,target,2019-09-10
-1,-1.0,0.30000000000001137,193.5,602,stop,2019-09-19
1,2.0,0.7099999999999795,186.92,656,target,2019-09-25
1,-1.0,0.36000000000001364,189.11,615,stop,2019-09-26
1,-1.0,0.28999999999999204,188.53,616,stop,2019-09-27
1,-1.0,0.3550000000000182,184.925,601,stop,2019-10-02
1,2.0,0.5500000000000114,182.37,626,target,2019-10-03
-1,-1.0,0.37000000000000455,188.48,619,stop,2019-10-10
-1,-1.0,0.18389999999999418,193.905,608,stop,2019-10-25
1,-0.0335570469798732,0.7450000000000045,196.035,720,time,2019-10-30
1,-1.0,0.20539999999999736,196.5854,623,stop,2019-10-31
1,2.0,0.28999999999999204,202.06,670,target,2019-11-18
1,-1.0,0.20010000000002037,203.2101,648,stop,2019-11-19
-1,-1.0,0.13000000000002387,203.39,590,stop,2019-11-25
1,-1.0,0.3300000000000125,204.12,590,stop,2019-12-02
1,2.0,0.36000000000001364,199.59,617,target,2019-12-03
1,0.8461538461538713,0.2599999999999909,202.1,720,time,2019-12-05
-1,2.0,0.11370000000002278,205.48,631,target,2019-12-09
-1,-1.0,0.5300000000000011,205.98,599,stop,2019-12-12
-1,2.0,0.27000000000001023,207.64,615,target,2019-12-13
-1,-1.0,0.08500000000000796,212.81,652,stop,2019-12-26
1,2.0,0.2953000000000259,213.58,682,target,2019-12-27
1,-1.0,0.3400000000000034,211.81,613,stop,2019-12-30
-1,-1.0,0.28999999999999204,212.22,589,stop,2019-12-31
-1,2.0,0.21999999999999886,214.94,614,target,2020-01-02
-1,2.0,0.21999999999999886,214.73,600,target,2020-01-03
-1,-1.0,0.18999999999999773,213.62,595,stop,2020-01-06
1,2.0,0.28999999999999204,215.14,613,target,2020-01-07
-1,-1.0,0.11650000000000205,216.2035,615,stop,2020-01-08
1,2.0,0.3299999999999841,220.07,631,target,2020-01-14
1,0.9019607843136512,0.5100000000000193,223.21,720,time,2020-01-23
-1,-1.0,0.3499999999999943,218.43,628,stop,2020-01-27
1,2.0,0.3299999999999841,221.16,646,target,2020-01-29
-1,2.0,0.3199999999999932,221.57,623,target,2020-01-30
1,-1.0,0.49029999999999063,222.0853,604,stop,2020-01-31
-1,-1.0,0.1599999999999966,221.24,585,stop,2020-02-03
1,-1.0,0.7399999999999807,228.92,613,stop,2020-02-05
-1,-1.0,0.21000000000000796,229.63,595,stop,2020-02-10
1,-1.0,0.3125,232.4225,585,stop,2020-02-21
-1,-1.0,0.6599999999999966,222.88,584,stop,2020-02-24
1,-1.0,0.6299999999999955,222.26,620,stop,2020-02-25
-1,-1.0,0.8600000000000136,218.88,635,stop,2020-02-26
-1,-1.0,7.0434999999999945,209.38,635,stop,2020-02-27
-1,-1.0,2.1399999999999864,200.78,681,stop,2020-02-28
1,-1.0,0.9879999999999995,207.138,622,stop,2020-03-02
1,2.0,0.9799999999999898,214.28,600,target,2020-03-03
-1,-1.0,0.9299999999999784,196.96,606,stop,2020-03-09
1,2.0,0.9099999999999966,183.24,617,target,2020-03-13
1,2.0,1.3100000000000023,171.09,617,target,2020-03-17
-1,-1.0,1.6500000000000057,175.96,601,stop,2020-03-18
1,-1.0,0.4000000000000057,213.97,644,stop,2020-04-28
-1,-1.0,0.4449999999999932,213.585,684,stop,2020-05-04
-1,-1.0,0.22999999999998977,225.36,613,stop,2020-05-11
1,2.0,0.4918999999999869,225.9519,632,target,2020-05-12
-1,2.0,0.3149999999999977,220.785,624,target,2020-05-15
1,-1.0,0.583200000000005,232.0332,643,stop,2020-05-26
1,-1.0,0.6599999999999966,226.74,637,stop,2020-05-27
-1,-1.0,0.5099999999999909,230.75,627,stop,2020-05-28
-1,-1.0,0.5500000000000114,238.1,638,stop,2020-06-05
-1,2.0,0.5089999999999861,234.681,639,target,2020-06-15
1,2.0,0.9800000000000182,242.12,628,target,2020-06-25
1,-1.0,0.7299999999999898,242.16,633,stop,2020-06-26
1,2.0,0.5194000000000187,237.8694,599,target,2020-06-29
1,2.0,0.4800000000000182,259.74,611,target,2020-07-10
-1,2.0,0.7024000000000115,258.6576,588,target,2020-07-14
1,-1.0,0.5300000000000296,266.04,637,stop,2020-07-21
1,-1.0,0.589999999999975,263.45,608,stop,2020-07-31
1,-1.0,0.3100000000000023,269.81,631,stop,2020-08-10
-1,-1.0,0.40999999999996817,269.74,615,stop,2020-08-12
-1,-1.0,0.4300000000000068,277.12,607,stop,2020-08-20
1,-1.0,0.8000000000000114,283.58,646,stop,2020-08-24
1,-1.0,1.0,291.62,606,stop,2020-08-27
1,-1.0,1.1800000000000068,299.79,688,stop,2020-09-02
1,-1.0,0.7699999999999818,296.77,612,stop,2020-09-03
-1,2.0,1.740000000000009,287.19,586,target,2020-09-04
-1,-1.0,0.9800999999999931,274.7899,608,stop,2020-09-08
1,-0.6734693877550957,1.4700000000000273,272.25,720,time,2020-09-11
-1,2.0,0.7100000000000364,270.7,625,target,2020-09-17
-1,-1.0,0.7300000000000182,265.94,617,stop,2020-09-24
-1,2.0,0.6400000000000432,279.34,663,target,2020-09-30
-1,-1.0,2.991199999999992,279.25,677,stop,2020-10-02
1,-1.0,0.6000000000000227,294.16,585,stop,2020-10-13
1,-1.0,0.6800000000000068,288.7,635,stop,2020-10-19
-1,2.0,0.5199999999999818,286.8,648,target,2020-10-21
1,-1.0,0.5600000000000023,282.9,631,stop,2020-10-22
1,-1.0,0.5799999999999841,282.81,699,stop,2020-10-23
-1,-1.0,0.5799999999999841,284.37,602,stop,2020-10-26
1,-1.0,0.4800000000000182,275.36,605,stop,2020-10-28
-1,-1.0,0.4500000000000455,275.28,630,stop,2020-10-29
1,-1.0,0.5699999999999932,271.18,623,stop,2020-10-30
-1,-1.0,0.5049999999999955,275.86,658,stop,2020-11-03
-1,2.0,0.5249000000000024,287.19,637,target,2020-11-04
1,2.0,0.8199999999999932,290.65,621,target,2020-11-06
1,2.0,1.589999999999975,295.33,617,target,2020-11-09
1,-1.0,0.5099999999999909,282.53,634,stop,2020-11-10
1,2.0,0.29000000000002046,305.24,636,target,2020-12-08
-1,-1.0,0.36000000000001364,301.43,597,stop,2020-12-10
-1,-1.0,0.34000000000003183,304.76,595,stop,2020-12-14
1,2.0,0.3699999999999477,309.78,619,target,2020-12-18
1,-1.0,0.5300000000000296,305.11,614,stop,2020-12-21
1,2.0,0.5600000000000023,310.92,656,target,2020-12-28
1,2.0,0.4701000000000022,312.5401,638,target,2020-12-29
1,-1.0,0.6499999999999773,313.94,611,stop,2021-01-04
-1,-1.0,0.47500000000002274,310.34,592,stop,2021-01-05
-1,2.0,0.38999999999998636,308.42,600,target,2021-01-06
-1,-1.0,0.4900000000000091,311.78,595,stop,2021-01-07
1,-1.0,0.6999999999999886,312.75,618,stop,2021-01-15
1,0.44166117336848965,4.550999999999988,321.06,720,time,2021-01-20
1,-1.0,1.1899999999999977,323.02,589,stop,2021-01-27
-1,-1.0,1.034599999999955,322.6154,650,stop,2021-01-28
1,2.0,1.0120000000000005,317.862,621,target,2021-01-29
1,-1.0,0.6999999999999886,327.2,629,stop,2021-02-03
1,-1.0,1.339999999999975,331.95,643,stop,2021-02-10
1,2.0,1.75,312.75,612,target,2021-02-23
1,2.0,1.1800000000000068,317.14,656,target,2021-02-24
-1,2.0,0.5599999999999454,323.47,599,target,2021-02-25
1,-1.0,1.349899999999991,314.28,609,stop,2021-02-26
1,-1.0,0.6299999999999955,313.34,631,stop,2021-03-03
1,-1.0,0.7599999999999909,305.96,619,stop,2021-03-04
1,-1.0,1.4899999999999523,302.84,621,stop,2021-03-05
-1,-1.0,0.29000000000002046,318.78,620,stop,2021-03-31
1,2.0,0.4600000000000364,340.54,609,target,2021-04-16
1,-1.0,0.8899999999999864,340.33,616,stop,2021-04-27
1,-1.0,0.4199999999999591,340.34,610,stop,2021-04-29
1,-1.0,0.7099999999999795,330.06,612,stop,2021-05-04
1,-1.0,0.7300000000000182,330.6,623,stop,2021-05-05
1,2.0,0.849899999999991,327.2999,689,target,2021-05-06
1,-1.0,0.6492000000000075,330.6492,593,stop,2021-05-10
-1,-1.0,0.8700000000000045,321.62,591,stop,2021-05-11
-1,-1.0,0.32000000000005,326.78,617,stop,2021-05-20
-1,-1.0,0.13999999999998636,332.38,630,stop,2021-05-24
1,-1.0,0.4200000000000159,332.73,650,stop,2021-06-01
1,2.0,0.5600000000000023,328.84,609,target,2021-06-03
-1,-1.0,0.3100000000000023,333.73,598,stop,2021-06-04
-1,-1.0,0.2740000000000009,339.155,585,stop,2021-06-10
-1,-1.0,0.7400000000000091,341.3,591,stop,2021-06-17
1,2.0,0.6450000000000387,340.795,594,target,2021-06-21
-1,-1.0,0.3199999999999932,352.61,638,stop,2021-06-28
1,-1.0,0.44999999999998863,361.01,629,stop,2021-07-07
1,0.7450980392158021,0.5099999999999909,361.34,720,time,2021-07-12
-1,-1.0,0.32499999999998863,363.805,616,stop,2021-07-13
1,2.0,0.6599999999999682,361.27,596,target,2021-07-15
1,-1.0,0.5400000000000205,359.74,664,stop,2021-07-16
1,-1.0,0.8300000000000409,353.16,635,stop,2021-07-19
1,2.0,0.5600000000000023,354.36,599,target,2021-07-20
1,-1.0,0.749499999999955,367.02,605,stop,2021-07-27
1,2.0,0.5299999999999727,363.77,595,target,2021-07-28
-1,-1.0,0.3100000000000023,367.04,586,stop,2021-07-29
-1,2.0,0.400100000000009,364.7699,625,target,2021-07-30
1,2.0,0.4449999999999932,364.555,612,target,2021-08-02
1,-1.0,0.5100000000000477,363.79,607,stop,2021-08-03
1,-1.0,0.5500000000000114,364.95,628,stop,2021-08-16
1,2.0,0.8299999999999841,365.34,644,target,2021-08-17
-1,-1.0,0.6200000000000045,361.51,611,stop,2021-08-19
-1,-1.0,0.2699999999999818,367.19,618,stop,2021-08-20
-1,-1.0,0.28010000000000446,370.5299,601,stop,2021-08-23
-1,2.0,0.4199999999999591,375.73,627,target,2021-08-27
-1,-1.0,0.22000000000002728,379.01,621,stop,2021-08-30
1,-1.0,0.7249999999999659,379.395,594,stop,2021-08-31
-1,2.0,0.5,381.45,640,target,2021-09-03
1,-1.0,0.8599999999999568,377.27,595,stop,2021-09-13
1,-1.0,0.5300000000000296,376.24,639,stop,2021-09-14
1,-1.0,0.49500000000000455,374.425,612,stop,2021-09-15
1,-1.0,0.6200000000000045,375.43,680,stop,2021-09-16
1,-1.0,0.4700000000000273,375.85,605,stop,2021-09-17
-1,-1.0,0.3050000000000068,373.275,615,stop,2021-09-23
-1,-0.15414516453321522,1.4921000000000504,371.53,720,time,2021-09-24
1,2.0,0.9749999999999659,368.705,645,target,2021-09-27
1,-1.0,0.5,363.57,606,stop,2021-09-28
1,-1.0,0.7699999999999818,356.68,615,stop,2021-10-01
1,-1.0,0.7299999999999613,355.9,602,stop,2021-10-04
-1,-1.0,0.35000000000002274,356.33,623,stop,2021-10-05
-1,-1.0,0.7099999999999795,356.92,630,stop,2021-10-06
-1,-1.0,0.3499999999999659,362.41,610,stop,2021-10-11
-1,2.0,0.19999999999998863,382.47,645,target,2021-10-26
1,1.674999999999945,0.8000000000000114,385.22,720,time,2021-11-01
-1,2.0,0.37999999999999545,388.87,608,target,2021-11-02
1,0.03488372093026868,0.8599999999999568,395.53,720,time,2021-11-09
-1,2.0,0.4200000000000159,394.94,636,target,2021-11-10
-1,-1.0,0.5799000000000092,395.6101,616,stop,2021-11-16
1,2.0,0.8000999999999863,398.2501,693,target,2021-11-18
-1,-1.0,0.410000000000025,407.59,600,stop,2021-11-22
1,-1.0,1.1599999999999682,394.03,655,stop,2021-11-26
-1,-1.0,0.8599999999999568,388.17,583,stop,2021-12-02
1,-1.0,1.1599999999999682,384.76,635,stop,2021-12-03
1,2.0,1.3449999999999704,380.645,612,target,2021-12-06
1,-1.0,0.8299999999999841,393.65,607,stop,2021-12-16
1,-1.0,0.37009999999997945,399.1201,634,stop,2022-01-04
-1,-1.0,0.9300000000000068,385.17,583,stop,2022-01-06
1,-1.0,0.7649999999999864,371.765,612,stop,2022-01-10
-1,-1.0,1.2199999999999704,378.86,619,stop,2022-01-14
1,2.0,1.2799999999999727,355.52,631,target,2022-01-21
1,-1.0,1.8899999999999864,342.81,619,stop,2022-01-24
-1,-1.0,0.9200000000000159,357.74,622,stop,2022-01-31
-1,-1.0,0.776800000000037,364.7732,638,stop,2022-02-10
-1,2.0,1.25,342.48,619,target,2022-02-22
1,-1.0,1.1399999999999864,338.37,624,stop,2022-02-23
-1,-1.0,1.5699999999999932,322.94,589,stop,2022-02-24
1,-1.0,0.5500000000000114,345.08,637,stop,2022-03-03
1,-1.0,0.8500000000000227,331.61,642,stop,2022-03-07
-1,2.0,0.5500000000000114,346.94,636,target,2022-03-18
-1,-1.0,0.6200999999999794,366.1499,611,stop,2022-04-04
1,-1.0,0.5550000000000068,364.27,638,stop,2022-04-05
1,-1.0,0.5,352.51,634,stop,2022-04-06
-1,2.0,1.0900000000000318,354.64,640,target,2022-04-07
1,2.0,0.8199999999999932,349.44,628,target,2022-04-08
-1,-1.0,0.410000000000025,342.94,630,stop,2022-04-13
1,-1.0,0.6800000000000068,342.5,638,stop,2022-04-14
-1,2.0,0.5189000000000306,340.5211,655,target,2022-04-18
-1,-1.0,0.7250000000000227,342.39,617,stop,2022-04-19
1,-1.0,0.6999999999999886,343.26,601,stop,2022-04-20
1,-1.0,0.875,322.665,615,stop,2022-04-26
-1,2.0,1.589999999999975,321.29,611,target,2022-04-27
1,-1.0,1.410000000000025,319.31,622,stop,2022-05-05
1,-1.0,1.1200000000000045,306.75,592,stop,2022-05-06
-1,2.0,1.92999999999995,302.16,676,target,2022-05-11
-1,-1.0,1.1450000000000387,292.515,655,stop,2022-05-12
1,2.0,0.6000999999999976,282.8501,629,target,2022-05-24
-1,-1.0,0.8399000000000001,295.1501,612,stop,2022-05-26
1,2.0,1.2300000000000182,305.56,643,target,2022-05-31
1,-1.0,0.8400000000000318,290.29,621,stop,2022-06-10
-1,2.0,0.8999999999999773,275.16,616,target,2022-06-17
-1,-1.0,0.5249999999999773,282.255,617,stop,2022-06-21
-1,2.0,0.7000000000000455,292.71,642,target,2022-06-24
1,2.0,0.9149999999999636,292.835,656,target,2022-06-27
1,-1.0,1.545000000000016,278.495,596,stop,2022-06-30
1,-1.0,0.7800000000000296,289.79,589,stop,2022-07-11
1,2.0,0.5900000000000318,287.49,632,target,2022-07-12
-1,-1.0,2.1200000000000045,282.87,632,stop,2022-07-13
-1,2.0,0.27899999999999636,302.001,625,target,2022-07-27
1,-1.0,0.9800000000000182,303.85,626,stop,2022-07-28
-1,2.0,0.5599000000000274,317.2401,620,target,2022-08-01
-1,2.0,0.4900000000000091,319.93,619,target,2022-08-03
-1,2.0,0.589999999999975,323.24,650,target,2022-08-05
-1,-1.0,0.3949999999999818,325.68,595,stop,2022-08-08
1,-1.0,0.6100000000000136,324.07,625,stop,2022-08-19
1,-1.0,0.40999999999996817,316.08,634,stop,2022-08-22
-1,2.0,0.5400999999999954,316.4599,629,target,2022-08-23
1,2.0,1.1200000000000045,317.64,609,target,2022-08-26
1,-1.0,0.6664000000000101,302.4464,631,stop,2022-08-30
1,2.0,0.7250000000000227,299.865,612,target,2022-09-02
1,2.0,0.8500000000000227,291.72,640,target,2022-09-06
-1,-1.0,0.3499999999999659,277.72,596,stop,2022-09-26
1,-1.0,0.8222000000000094,273.3022,601,stop,2022-09-29
-1,-1.0,0.3990000000000009,282.271,642,stop,2022-10-04
1,-1.0,0.5999999999999659,272.27,679,stop,2022-10-07
-1,-1.0,0.8899999999999864,257.74,608,stop,2022-10-13
1,-1.0,1.0,268.5,600,stop,2022-10-14
-1,-1.0,0.3299999999999841,273.62,618,stop,2022-10-20
-1,2.0,0.8799999999999955,271.5,626,target,2022-10-21
1,2.0,1.0399999999999636,273.01,653,target,2022-10-24
-1,-1.0,0.4600000000000364,276.27,630,stop,2022-10-28
1,-1.0,0.67999999999995,277.03,620,stop,2022-11-01
1,2.0,1.0400000000000205,261.61,600,target,2022-11-04
1,-1.0,0.4900000000000091,284.49,656,stop,2022-11-18
1,-1.0,0.6098999999999819,283.52,638,stop,2022-12-06
1,-1.0,1.2800000000000296,294.72,622,stop,2022-12-13
1,-1.0,0.6938000000000102,279.2538,631,stop,2022-12-15
1,-1.0,0.4311000000000149,266.7011,624,stop,2022-12-22
1,-1.0,0.8499999999999659,264.08,602,stop,2022-12-27
-1,-1.0,0.36499999999995225,265.725,635,stop,2022-12-29
1,-1.0,0.7200000000000273,264.74,630,stop,2023-01-03
1,2.0,0.6400000000000432,263.17,644,target,2023-01-04
1,2.0,0.7399000000000342,261.0799,600,target,2023-01-06
-1,-1.0,0.4600000000000364,273.395,633,stop,2023-01-09
-1,2.0,0.6480999999999995,272.2399,629,target,2023-01-10
1,2.0,1.089999999999975,274.83,611,target,2023-01-12
-1,-1.0,0.4701000000000022,285.8799,600,stop,2023-01-23
-1,2.0,0.5149999999999864,294.985,647,target,2023-01-27
-1,-1.0,0.8700000000000045,308.51,614,stop,2023-02-03
-1,2.0,1.080000000000041,306.64,635,target,2023-02-14
1,2.0,0.75,297.39,633,target,2023-03-07
-1,-1.0,0.5400000000000205,300.07,603,stop,2023-03-09
1,2.0,1.079999999999984,290.21,657,target,2023-03-10
-1,-1.0,1.3100000000000023,288.48,596,stop,2023-03-13
1,-1.0,0.7799999999999727,315.64,655,stop,2023-04-12
-1,-1.0,0.37999999999999545,319.88,604,stop,2023-04-14
-1,-1.0,0.26499999999998636,317.855,633,stop,2023-04-20
1,-1.0,0.5799999999999841,320.3,628,stop,2023-05-02
-1,-1.0,0.2300000000000182,320.69,631,stop,2023-05-05
-1,-1.0,0.3300000000000409,333.34,617,stop,2023-05-18
-1,2.0,0.3180000000000405,338.352,606,target,2023-05-22
1,-1.0,0.6500000000000341,337.6,589,stop,2023-05-25
-1,-1.0,0.339999999999975,342.97,600,stop,2023-05-26
1,2.0,0.5149999999999864,350.575,620,target,2023-05-30
-1,2.0,0.8100000000000023,349.79,617,target,2023-05-31
-1,-1.0,0.3100000000000023,356.94,605,stop,2023-06-09
1,2.0,0.48450000000002547,360.5145,635,target,2023-06-13
-1,-1.0,0.5800000000000409,366.89,627,stop,2023-06-15
1,-1.0,0.7300000000000182,370.25,594,stop,2023-06-16
1,-1.0,0.6988000000000056,363.4695,609,stop,2023-06-21
-1,-1.0,0.33609999999998763,363.0839,600,stop,2023-06-22
-1,-1.0,0.5349999999999682,364.225,606,stop,2023-06-26
-1,2.0,0.44999999999998863,370.04,690,target,2023-06-30
-1,-1.0,0.37000000000000455,370.78,602,stop,2023-07-05
1,2.0,0.5500000000000114,365.17,630,target,2023-07-11
-1,-1.0,0.34799999999995634,381.42,603,stop,2023-07-14
1,2.0,0.5400000000000205,380.54,602,target,2023-07-18
1,-1.0,0.7599999999999909,377.27,627,stop,2023-07-21
1,2.0,0.7600000000000477,375.1,621,target,2023-07-24
1,-1.0,0.5098999999999592,376.34,645,stop,2023-08-02
-1,-1.0,0.9800000000000182,373.59,678,stop,2023-08-03
1,2.0,0.6499999999999773,373.53,620,target,2023-08-04
1,-1.0,0.7899999999999636,370.71,611,stop,2023-08-08
1,-1.0,0.6999999999999886,370.5,642,stop,2023-08-09
-1,2.0,0.5400000000000205,373.82,637,target,2023-08-10
-1,-1.0,0.30989999999997053,367.56,625,stop,2023-08-14
1,-1.0,0.5400000000000205,367.38,624,stop,2023-08-15
1,-1.0,0.6349999999999909,362.05,625,stop,2023-08-17
-1,2.0,0.4900000000000091,362.12,622,target,2023-08-21
-1,-1.0,0.27799999999996317,367.252,622,stop,2023-08-23
1,-1.0,0.7838999999999601,369.804,607,stop,2023-08-24
-1,2.0,1.634999999999991,364.105,637,target,2023-08-25
-1,-1.0,0.46999999999997044,370.11,614,stop,2023-08-29
1,-1.0,0.8600000000000136,378.01,656,stop,2023-09-01
1,-1.0,0.3883000000000152,374.8983,630,stop,2023-09-06
-1,-1.0,0.6598999999999933,374.01,620,stop,2023-09-08
1,-1.0,0.5600000000000023,373.61,609,stop,2023-09-15
1,2.0,0.3288000000000011,354.9588,628,target,2023-09-26
-1,2.0,0.620399999999961,360.7796,630,target,2023-10-02
1,-1.0,0.6000000000000227,356.75,630,stop,2023-10-03
1,-1.0,0.5300000000000296,356.8,635,stop,2023-10-05
1,-1.0,0.464999999999975,353.885,626,stop,2023-10-25
1,-1.0,0.5299999999999727,346.0,638,stop,2023-10-26
-1,-1.0,0.4600000000000364,387.71,591,stop,2023-11-20
-1,2.0,0.7300000000000182,392.34,592,target,2023-11-22
1,-1.0,0.660000000000025,388.67,602,stop,2023-11-30
-1,-1.0,0.7799999999999727,386.93,622,stop,2023-12-05
1,-1.0,0.40500000000002956,388.37,600,stop,2023-12-06
-1,-1.0,0.36000000000001364,391.5399,615,stop,2023-12-08
-1,-1.0,0.5699999999999932,393.24,600,stop,2023-12-11
1,-1.0,0.45999999999997954,403.28,594,stop,2024-01-02
-1,-1.0,0.4089000000000169,397.96,649,stop,2024-01-04
-1,-1.0,0.7249999999999659,398.285,632,stop,2024-01-05
-1,-1.0,0.38999999999998636,399.68,597,stop,2024-01-08
1,2.0,0.6700000000000159,406.63,630,target,2024-01-11
1,-1.0,0.5500000000000114,403.95,597,stop,2024-01-17
-1,-1.0,0.9200000000000159,425.7,640,stop,2024-02-02
1,-1.0,0.410000000000025,427.17,610,stop,2024-02-06
1,2.0,1.0702999999999747,430.9203,672,target,2024-02-16
1,-1.0,0.75,426.82,591,stop,2024-02-20
-1,-1.0,0.5300000000000296,441.77,656,stop,2024-03-01
1,-1.0,0.5600000000000023,438.87,608,stop,2024-03-05
1,2.0,0.9600000000000364,437.85,659,target,2024-03-06
-1,-1.0,0.3499999999999659,447.86,613,stop,2024-03-08
1,2.0,0.7100000000000364,437.17,596,target,2024-03-12
1,2.0,0.6049999999999613,440.265,644,target,2024-03-13
1,-1.0,0.8029000000000224,438.8229,600,stop,2024-03-14
1,2.0,0.9599999999999795,434.26,638,target,2024-03-15
1,-1.0,0.35049999999995407,443.8701,600,stop,2024-03-27
-1,-1.0,0.410000000000025,447.07,586,stop,2024-04-01
-1,-1.0,0.45999999999997954,441.61,614,stop,2024-04-03
-1,2.0,0.5300000000000296,439.02,627,target,2024-04-05
1,-1.0,0.9900000000000091,439.58,638,stop,2024-04-15
1,-1.0,0.8800000000000523,430.41,651,stop,2024-04-17
1,-1.0,0.8586999999999989,419.3787,679,stop,2024-04-19
-1,-1.0,0.3100000000000023,430.71,617,stop,2024-04-26
1,2.0,1.1299999999999955,421.76,659,target,2024-05-02
-1,-1.0,0.37999999999999545,454.26,621,stop,2024-05-20
1,-1.0,0.8400000000000318,457.91,654,stop,2024-05-23
1,2.0,0.5999000000000478,457.6899,644,target,2024-05-28
1,-1.0,0.7199999999999704,450.09,613,stop,2024-05-31
-1,-1.0,0.37000000000000455,474.55,624,stop,2024-06-12
1,2.0,0.5450000000000159,483.915,632,target,2024-06-20
-1,2.0,0.6800000000000068,482.08,592,target,2024-06-27
-1,2.0,0.6599999999999682,486.54,640,target,2024-06-28
1,2.0,0.5849999999999795,477.53,600,target,2024-07-01
-1,-1.0,0.8799999999999955,482.3,640,stop,2024-07-02
1,-1.0,0.8699000000000296,498.22,643,stop,2024-07-11
-1,-1.0,0.7400000000000091,494.86,610,stop,2024-07-12
1,2.0,0.9300000000000068,494.57,670,target,2024-07-16
1,-1.0,0.7249999999999659,485.085,665,stop,2024-07-17
1,-1.0,0.4399999999999977,470.17,636,stop,2024-07-24
1,-1.0,0.9399999999999977,458.69,608,stop,2024-07-25
1,2.0,1.75,446.22,704,target,2024-08-02
-1,-1.0,4.170000000000016,428.08,586,stop,2024-08-05
-1,2.0,1.1999999999999886,476.57,618,target,2024-08-29
1,-1.0,1.6800000000000068,470.82,608,stop,2024-09-03
-1,-1.0,0.6100000000000136,463.81,607,stop,2024-09-05
1,-1.0,2.099899999999991,458.4599,599,stop,2024-09-06
1,-1.0,0.9162000000000035,454.5462,630,stop,2024-09-11
1,-1.0,0.7200000000000273,484.11,585,stop,2024-10-01
-1,-1.0,0.5300000000000296,482.46,600,stop,2024-10-03
1,-1.0,0.8149999999999977,484.5,608,stop,2024-10-04
-1,2.0,0.5800000000000409,493.52,648,target,2024-10-11
-1,2.0,0.7199999999999704,498.11,652,target,2024-10-14
1,-1.0,0.6299999999999955,488.51,597,stop,2024-10-16
1,-1.0,1.1875,493.5275,601,stop,2024-10-17
-1,2.0,0.4500000000000455,495.78,631,target,2024-10-21
-1,0.8867187500000118,0.6399999999999864,494.86,720,time,2024-10-22
-1,-1.0,0.9799999999999613,498.97,622,stop,2024-10-25
1,2.0,0.8100000000000023,497.41,601,target,2024-10-30
1,-1.0,0.8100000000000023,490.46,585,stop,2024-10-31
-1,-1.0,0.8220000000000027,490.788,692,stop,2024-11-05
-1,2.0,1.009999999999991,502.45,588,target,2024-11-06
-1,-1.0,0.5228999999999928,510.827,645,stop,2024-11-07
1,2.0,0.6399999999999864,512.88,638,target,2024-11-11
1,-1.0,0.6500000000000341,499.35,635,stop,2024-11-15
1,2.0,1.0849999999999795,497.64,647,target,2024-11-20
1,-1.0,1.6263000000000147,501.9363,601,stop,2024-11-21
1,2.0,0.6000000000000227,507.04,682,target,2024-11-25
1,-1.0,0.6899999999999977,505.36,622,stop,2024-11-27
-1,-1.0,0.36000000000001364,508.95,643,stop,2024-11-29
-1,-1.0,0.75,513.35,600,stop,2024-12-02
-1,-1.0,0.38999999999998636,525.01,600,stop,2024-12-06
-1,-1.0,0.32999999999992724,527.32,605,stop,2024-12-11
-1,2.0,0.7160999999999831,532.45,625,target,2024-12-13
1,-1.0,1.4100000000000819,518.71,628,stop,2024-12-19
1,2.0,1.3700000000000045,517.5,701,target,2024-12-23
1,-1.0,0.9600000000000364,523.13,600,stop,2024-12-27
1,2.0,1.072499999999991,511.0925,589,target,2025-01-02
1,-1.0,1.2200000000000273,521.03,617,stop,2025-01-07
1,2.0,0.8700000000000045,504.79,623,target,2025-01-10
1,2.0,0.7800000000000864,519.69,650,target,2025-01-17
1,2.0,0.9600000000000364,521.02,644,target,2025-01-21
-1,-1.0,0.92999999999995,514.84,594,stop,2025-01-27
-1,-1.0,0.7100000000000364,529.75,633,stop,2025-01-31
-1,-1.0,0.6100999999999885,523.6099,619,stop,2025-02-04
1,-1.0,1.3537000000000035,527.8337,612,stop,2025-02-07
-1,2.0,0.5541999999999234,525.32,602,target,2025-02-12
1,0.3105590062111775,1.6100000000000136,534.07,720,time,2025-02-20
1,-1.0,0.9725000000000819,536.09,621,stop,2025-02-21
1,2.0,1.4607999999999493,521.65,702,target,2025-02-24
1,-1.0,1.07000000000005,515.87,600,stop,2025-02-25
1,2.0,1.8850000000000477,509.22,622,target,2025-02-27
1,0.44866920152091594,2.6299999999999955,506.92,720,time,2025-03-03
1,2.0,1.3549999999999613,489.09,645,target,2025-03-04
1,-1.0,1.5,474.67,661,stop,2025-03-18
-1,-1.0,0.7249999999999659,483.365,638,stop,2025-03-20
1,2.0,0.6798999999999751,487.89,653,target,2025-03-26
1,2.0,1.9700000000000273,459.3,684,target,2025-03-31
-1,-1.0,1.0699999999999932,469.82,584,stop,2025-04-02
1,-1.0,1.8600000000000136,434.91,628,stop,2025-04-04
1,2.0,1.9950000000000045,404.385,588,target,2025-04-07
-1,-1.0,3.2700000000000387,420.7,600,stop,2025-04-09
1,2.0,0.8000000000000114,503.58,594,target,2025-05-12
-1,-1.0,0.5499999999999545,512.86,613,stop,2025-05-13
-1,-0.2653061224489654,1.4700000000000273,519.48,720,time,2025-05-19
-1,-1.0,1.080000000000041,519.0,656,stop,2025-05-21
-1,2.0,0.849999999999909,516.69,622,target,2025-05-22
-1,-1.0,1.4300000000000068,508.25,697,stop,2025-05-23
1,-1.0,1.0,522.78,605,stop,2025-05-29
1,2.0,0.8999999999999773,516.79,606,target,2025-05-30
-1,2.0,0.8614999999999782,520.4885,590,target,2025-06-02
-1,-1.0,0.4652999999999565,533.6547,600,stop,2025-06-16
1,-1.0,0.7798999999999978,528.5599,641,stop,2025-06-20
-1,-1.0,0.5399999999999636,529.24,618,stop,2025-06-23
-1,2.0,0.5099999999999909,549.48,652,target,2025-06-27
-1,-1.0,0.27499999999997726,556.015,621,stop,2025-07-03
-1,-1.0,0.3352999999999611,556.96,600,stop,2025-07-09
1,2.0,0.6399999999999864,553.39,651,target,2025-07-10
1,-1.0,0.4600000000000364,554.98,606,stop,2025-07-16
-1,-1.0,0.3548999999999296,564.8051,596,stop,2025-07-21
1,-1.0,1.25,559.88,600,stop,2025-07-22
1,-1.0,1.0451999999999089,560.9952,599,stop,2025-07-23
1,-1.0,0.8599999999999,572.06,635,stop,2025-07-31
1,-1.0,1.0450000000000728,554.48,593,stop,2025-08-01
-1,-1.0,0.35989999999992506,561.9301,594,stop,2025-08-04
-1,2.0,0.2999999999999545,563.59,612,target,2025-08-06
-1,-1.0,0.7699999999999818,572.9,627,stop,2025-08-08
1,-1.0,1.580000000000041,577.98,700,stop,2025-08-15
1,-1.0,1.2300000000000182,560.74,641,stop,2025-08-20
-1,-1.0,1.0,571.4,614,stop,2025-08-22
1,-1.0,0.7949999999999591,572.41,596,stop,2025-08-29
-1,-1.0,0.6299999999999955,564.6,600,stop,2025-09-02
1,2.0,0.67999999999995,589.18,590,target,2025-09-25
1,0.1282051282051008,1.1700000000000728,592.23,720,time,2025-09-26
-1,-1.0,0.6399999999999864,601.0,609,stop,2025-09-29
1,-1.0,0.5,604.46,589,stop,2025-10-02
-1,2.0,0.2700000000000955,608.675,622,target,2025-10-08
1,2.0,1.2300000000000182,591.36,596,target,2025-10-14
-1,2.0,1.3500999999999976,601.9699,640,target,2025-10-17
1,2.0,0.8700000000000045,628.63,588,target,2025-10-30
-1,2.0,0.6900000000000546,626.26,651,target,2025-11-04
-1,-1.0,0.7999999999999545,621.33,605,stop,2025-11-05
1,-1.0,1.42999999999995,616.93,615,stop,2025-11-06
1,2.0,0.9800000000000182,604.66,598,target,2025-11-07
1,-1.0,1.1100000000000136,620.83,595,stop,2025-11-12
1,2.0,1.1299999999999955,613.97,608,target,2025-11-13
-1,-1.0,1.2200000000000273,603.04,592,stop,2025-11-14
-1,2.0,0.6499999999999773,611.83,602,target,2025-11-17
1,-1.0,2.089999999999918,594.68,661,stop,2025-11-18
-1,-1.0,0.5599999999999454,604.49,611,stop,2025-11-19
1,2.0,2.189999999999941,599.51,646,target,2025-11-25
1,2.0,1.0699999999999363,618.79,608,target,2025-12-11
1,-1.0,1.4950000000000045,614.01,611,stop,2025-12-15
-1,-1.0,1.330000000000041,610.74,599,stop,2025-12-16
1,-1.0,1.2549999999999955,610.145,635,stop,2025-12-17
-1,-1.0,0.8700000000000045,616.09,600,stop,2025-12-19
1,2.0,1.0149999999999864,615.625,641,target,2026-01-02
-1,-1.0,0.5790000000000646,621.871,625,stop,2026-01-06
1,-1.0,1.36200000000008,619.83,600,stop,2026-01-08
-1,-1.0,0.9599999999999227,624.84,590,stop,2026-01-12
1,-1.0,0.7199999999999136,624.66,649,stop,2026-01-13
1,-1.0,1.009999999999991,620.24,593,stop,2026-01-14
1,-1.0,0.8700000000000045,622.64,614,stop,2026-01-16
-1,-1.0,0.6775000000000091,612.3425,615,stop,2026-01-21
1,-1.0,1.1100999999999885,619.2601,600,stop,2026-01-22
1,-1.0,1.4899999999998954,628.81,593,stop,2026-01-29
-1,-1.0,1.6299999999999955,623.28,605,stop,2026-02-02
1,-1.0,1.259999999999991,624.45,594,stop,2026-02-03
1,2.0,1.2300000000000182,609.52,611,target,2026-02-04
1,-1.0,1.6100000000000136,596.53,674,stop,2026-02-05
-1,2.0,1.259999999999991,604.35,600,target,2026-02-06
1,2.0,1.0,608.69,640,target,2026-02-11
-1,-1.0,0.8400000000000318,607.03,615,stop,2026-02-18
-1,-1.0,1.0500000000000682,604.89,601,stop,2026-02-20
1,-1.0,1.5600000000000591,606.45,628,stop,2026-02-26
-1,-1.0,1.0500000000000682,604.02,603,stop,2026-03-02
-1,2.0,0.75,612.01,618,target,2026-03-05
1,-1.0,1.3999999999999773,587.09,612,stop,2026-03-20
1,-1.0,1.1200000000000045,567.27,638,stop,2026-03-27
1,2.0,0.6699999999999591,562.78,613,target,2026-03-30
-1,-1.0,0.8800999999999704,567.8499,599,stop,2026-03-31
-1,-1.0,3.5299999999999727,578.47,636,stop,2026-04-02
1,2.0,0.8899999999999864,580.58,621,target,2026-04-07
1,-1.0,0.7700999999999567,660.9701,592,stop,2026-04-30
-1,-1.0,0.7898999999999887,674.7901,613,stop,2026-05-01
-1,-1.0,0.6400000000001,703.93,592,stop,2026-05-08
1,2.0,2.439899999999966,707.2699,704,target,2026-05-13
-1,-1.0,0.7899999999999636,718.71,589,stop,2026-05-14
1,0.8664122137404929,2.6200000000000045,708.17,720,time,2026-05-15
1,-1.0,2.1550000000000864,708.825,606,stop,2026-05-18
-1,2.0,2.1099000000000387,703.0201,607,target,2026-05-19
1,-1.0,1.490000000000009,728.35,625,stop,2026-05-27
1,0.20177973487452786,2.1801000000000386,743.1901,720,time,2026-06-03
1,2.0,1.4024999999999181,724.7425,619,target,2026-06-05
1,-1.0,2.144999999999982,716.155,643,stop,2026-06-09
-1,-1.0,2.669999999999959,706.5,623,stop,2026-06-10
-1,2.0,1.5199999999999818,704.9,611,target,2026-06-11
