family,ticker,candidate_count,is_net,oos_net,draws
CHANNEL,MSFT,1,22.77,71.0,200
CHANNEL,MSFT,2,35.53,73.32,200
CHANNEL,MSFT,4,41.9,73.11,200
CHANNEL,MSFT,8,52.65,76.25,200
CHANNEL,MSFT,16,63.83,68.77,200
CHANNEL,MSFT,32,77.65,59.73,200
CHANNEL,MSFT,64,90.67,53.23,200
CHANNEL,MSFT,144,117.54,40.94,1
CHANNEL,INTC,1,19.14,-5.86,200
CHANNEL,INTC,2,31.5,-4.34,200
CHANNEL,INTC,4,50.44,-4.82,200
CHANNEL,INTC,8,61.65,0.04,200
CHANNEL,INTC,16,79.19,3.29,200
CHANNEL,INTC,32,98.92,13.77,200
CHANNEL,INTC,64,113.8,21.13,200
CHANNEL,INTC,144,123.91,48.93,1
CHANNEL,SIRI,1,14.86,7.45,200
CHANNEL,SIRI,2,28.71,5.49,200
CHANNEL,SIRI,4,43.17,4.12,200
CHANNEL,SIRI,8,55.5,5.78,200
CHANNEL,SIRI,16,71.87,3.03,200
CHANNEL,SIRI,32,84.46,-0.54,200
CHANNEL,SIRI,64,101.75,-0.47,200
CHANNEL,SIRI,144,114.63,-32.93,1
CHANNEL,CSCO,1,-13.23,18.44,200
CHANNEL,CSCO,2,-2.22,12.35,200
CHANNEL,CSCO,4,4.55,10.65,200
CHANNEL,CSCO,8,10.13,5.81,200
CHANNEL,CSCO,16,13.22,7.89,200
CHANNEL,CSCO,32,17.08,8.88,200
CHANNEL,CSCO,64,19.6,9.63,200
CHANNEL,CSCO,144,21.25,5.53,1
CHANNEL,C,1,-14.68,17.64,200
CHANNEL,C,2,-5.26,13.85,200
CHANNEL,C,4,1.04,17.22,200
CHANNEL,C,8,6.37,19.07,200
CHANNEL,C,16,10.76,21.23,200
CHANNEL,C,32,14.54,24.36,200
CHANNEL,C,64,21.89,38.61,200
CHANNEL,C,144,32.34,63.64,1
CHANNEL,BAC,1,9.82,19.53,200
CHANNEL,BAC,2,14.92,21.73,200
CHANNEL,BAC,4,25.26,22.5,200
CHANNEL,BAC,8,34.67,25.67,200
CHANNEL,BAC,16,47.32,29.96,200
CHANNEL,BAC,32,57.37,38.89,200
CHANNEL,BAC,64,67.93,52.08,200
CHANNEL,BAC,144,78.46,82.7,1
CHANNEL,ABC,1,42.25,15.27,200
CHANNEL,ABC,2,63.08,14.42,200
CHANNEL,ABC,4,90.52,13.4,200
CHANNEL,ABC,8,111.55,15.37,200
CHANNEL,ABC,16,131.76,14.3,200
CHANNEL,ABC,32,153.57,14.57,200
CHANNEL,ABC,64,171.83,12.16,200
CHANNEL,ABC,144,188.2,21.56,1
CHANNEL,PFE,1,0.7,2.55,200
CHANNEL,PFE,2,8.14,3.13,200
CHANNEL,PFE,4,15.03,3.67,200
CHANNEL,PFE,8,22.21,7.13,200
CHANNEL,PFE,16,27.94,10.48,200
CHANNEL,PFE,32,33.86,15.83,200
CHANNEL,PFE,64,38.17,18.49,200
CHANNEL,PFE,144,43.98,25.46,1
CHANNEL,AMAT,1,2.85,36.09,200
CHANNEL,AMAT,2,14.58,35.62,200
CHANNEL,AMAT,4,23.57,33.61,200
CHANNEL,AMAT,8,32.28,23.0,200
CHANNEL,AMAT,16,46.92,15.38,200
CHANNEL,AMAT,32,59.21,1.33,200
CHANNEL,AMAT,64,70.09,-3.78,200
CHANNEL,AMAT,144,79.7,-10.99,1
CHANNEL,EBAY,1,22.33,24.38,200
CHANNEL,EBAY,2,29.81,26.56,200
CHANNEL,EBAY,4,39.4,28.7,200
CHANNEL,EBAY,8,42.63,31.92,200
CHANNEL,EBAY,16,55.11,31.45,200
CHANNEL,EBAY,32,60.63,29.31,200
CHANNEL,EBAY,64,77.8,30.17,200
CHANNEL,EBAY,144,107.52,14.47,1
CHANNEL,GE,1,-6.03,33.61,200
CHANNEL,GE,2,0.59,35.58,200
CHANNEL,GE,4,6.71,38.86,200
CHANNEL,GE,8,11.93,36.51,200
CHANNEL,GE,16,17.01,39.28,200
CHANNEL,GE,32,22.69,40.9,200
CHANNEL,GE,64,28.4,45.34,200
CHANNEL,GE,144,37.21,56.75,1
CHANNEL,MRK,1,21.13,-3.53,200
CHANNEL,MRK,2,29.69,-2.0,200
CHANNEL,MRK,4,42.63,-2.47,200
CHANNEL,MRK,8,51.13,-3.95,200
CHANNEL,MRK,16,58.89,-5.12,200
CHANNEL,MRK,32,66.14,-10.1,200
CHANNEL,MRK,64,71.84,-14.94,200
CHANNEL,MRK,144,78.54,-22.92,1
CHANNEL,XOM,1,16.79,-7.08,200
CHANNEL,XOM,2,29.67,-9.16,200
CHANNEL,XOM,4,39.8,-7.88,200
CHANNEL,XOM,8,50.71,-10.54,200
CHANNEL,XOM,16,61.82,-15.31,200
CHANNEL,XOM,32,70.12,-17.71,200
CHANNEL,XOM,64,75.09,-19.34,200
CHANNEL,XOM,144,78.93,-20.29,1
CHANNEL,IBM,1,31.04,49.63,200
CHANNEL,IBM,2,44.04,54.19,200
CHANNEL,IBM,4,53.17,56.31,200
CHANNEL,IBM,8,68.41,79.79,200
CHANNEL,IBM,16,79.27,85.65,200
CHANNEL,IBM,32,85.57,96.63,200
CHANNEL,IBM,64,94.17,114.1,200
CHANNEL,IBM,144,99.52,138.19,1
CHANNEL,WMT,1,-18.09,48.19,200
CHANNEL,WMT,2,-8.07,48.19,200
CHANNEL,WMT,4,-2.88,46.28,200
CHANNEL,WMT,8,2.63,46.97,200
CHANNEL,WMT,16,8.05,45.22,200
CHANNEL,WMT,32,11.14,43.33,200
CHANNEL,WMT,64,14.32,41.73,200
CHANNEL,WMT,144,17.44,38.71,1
CHANNEL,DELL,1,-13.7,24.93,200
CHANNEL,DELL,2,-5.46,25.47,200
CHANNEL,DELL,4,-2.5,27.19,200
CHANNEL,DELL,8,0.94,29.46,200
CHANNEL,DELL,16,3.74,28.53,200
CHANNEL,DELL,32,5.7,33.02,200
CHANNEL,DELL,64,6.65,37.03,200
CHANNEL,DELL,144,6.97,39.29,1
CHANNEL,KLAC,1,-9.91,28.54,200
CHANNEL,KLAC,2,2.42,30.57,200
CHANNEL,KLAC,4,10.63,37.59,200
CHANNEL,KLAC,8,15.91,42.74,200
CHANNEL,KLAC,16,19.64,42.81,200
CHANNEL,KLAC,32,22.81,44.3,200
CHANNEL,KLAC,64,26.12,40.8,200
CHANNEL,KLAC,144,28.07,34.42,1
CHANNEL,SINA,1,26.1,16.66,200
CHANNEL,SINA,2,39.8,16.65,200
CHANNEL,SINA,4,50.4,14.96,200
CHANNEL,SINA,8,67.01,18.08,200
CHANNEL,SINA,16,77.52,19.14,200
CHANNEL,SINA,32,87.38,23.29,200
CHANNEL,SINA,64,96.46,32.03,200
CHANNEL,SINA,144,108.91,41.99,1
CHANNEL,YHOO,1,23.01,8.53,200
CHANNEL,YHOO,2,34.39,8.78,200
CHANNEL,YHOO,4,44.2,9.54,200
CHANNEL,YHOO,8,51.59,11.48,200
CHANNEL,YHOO,16,59.28,11.81,200
CHANNEL,YHOO,32,66.16,11.85,200
CHANNEL,YHOO,64,72.46,11.87,200
CHANNEL,YHOO,144,79.61,11.51,1
CHANNEL,AMGN,1,23.21,31.07,200
CHANNEL,AMGN,2,36.0,33.74,200
CHANNEL,AMGN,4,47.77,47.83,200
CHANNEL,AMGN,8,62.11,61.04,200
CHANNEL,AMGN,16,77.0,74.3,200
CHANNEL,AMGN,32,99.3,89.47,200
CHANNEL,AMGN,64,113.39,89.0,200
CHANNEL,AMGN,144,126.54,68.88,1
CHANNEL,QCOM,1,-15.54,19.32,200
CHANNEL,QCOM,2,-3.96,20.6,200
CHANNEL,QCOM,4,2.02,20.2,200
CHANNEL,QCOM,8,6.9,20.72,200
CHANNEL,QCOM,16,11.07,20.42,200
CHANNEL,QCOM,32,15.35,17.44,200
CHANNEL,QCOM,64,18.59,8.54,200
CHANNEL,QCOM,144,19.73,0.46,1
CHANNEL,CAH,1,3.9,-0.69,200
CHANNEL,CAH,2,14.49,1.67,200
CHANNEL,CAH,4,24.77,-0.58,200
CHANNEL,CAH,8,32.35,0.19,200
CHANNEL,CAH,16,41.28,1.93,200
CHANNEL,CAH,32,48.69,5.03,200
CHANNEL,CAH,64,54.33,7.06,200
CHANNEL,CAH,144,58.03,4.24,1
CHANNEL,JPM,1,-4.29,26.06,200
CHANNEL,JPM,2,2.59,18.07,200
CHANNEL,JPM,4,6.8,16.45,200
CHANNEL,JPM,8,11.42,13.42,200
CHANNEL,JPM,16,15.58,12.04,200
CHANNEL,JPM,32,20.79,16.02,200
CHANNEL,JPM,64,25.15,22.76,200
CHANNEL,JPM,144,32.93,23.38,1
CHANNEL,JNJ,1,49.98,12.93,200
CHANNEL,JNJ,2,69.21,19.54,200
CHANNEL,JNJ,4,92.02,21.89,200
CHANNEL,JNJ,8,113.72,31.4,200
CHANNEL,JNJ,16,147.03,38.05,200
CHANNEL,JNJ,32,167.49,37.8,200
CHANNEL,JNJ,64,190.45,37.72,200
CHANNEL,JNJ,144,209.35,40.53,1
CHANNEL,MO,1,25.83,9.81,200
CHANNEL,MO,2,44.08,9.11,200
CHANNEL,MO,4,59.62,7.85,200
CHANNEL,MO,8,69.33,9.03,200
CHANNEL,MO,16,79.59,10.4,200
CHANNEL,MO,32,90.22,11.31,200
CHANNEL,MO,64,97.22,11.33,200
CHANNEL,MO,144,101.69,12.7,1
CHANNEL,AIG,1,-8.35,7.32,200
CHANNEL,AIG,2,8.74,9.33,200
CHANNEL,AIG,4,17.9,6.11,200
CHANNEL,AIG,8,24.81,6.51,200
CHANNEL,AIG,16,33.26,8.84,200
CHANNEL,AIG,32,42.09,6.93,200
CHANNEL,AIG,64,61.37,-2.17,200
CHANNEL,AIG,144,91.32,-22.15,1
CHANNEL,BMY,1,4.06,-17.57,200
CHANNEL,BMY,2,17.57,-17.86,200
CHANNEL,BMY,4,26.62,-18.66,200
CHANNEL,BMY,8,41.33,-22.2,200
CHANNEL,BMY,16,53.33,-22.63,200
CHANNEL,BMY,32,70.55,-24.97,200
CHANNEL,BMY,64,87.69,-26.41,200
CHANNEL,BMY,144,102.64,-29.22,1
CHANNEL,GS,1,36.93,38.48,200
CHANNEL,GS,2,50.24,42.11,200
CHANNEL,GS,4,71.54,45.71,200
CHANNEL,GS,8,91.31,52.35,200
CHANNEL,GS,16,113.27,59.44,200
CHANNEL,GS,32,133.12,71.33,200
CHANNEL,GS,64,156.22,88.76,200
CHANNEL,GS,144,182.26,136.93,1
CHANNEL,TWX,1,35.91,9.31,200
CHANNEL,TWX,2,44.87,2.17,200
CHANNEL,TWX,4,60.86,3.13,200
CHANNEL,TWX,8,70.36,3.82,200
CHANNEL,TWX,16,83.1,4.56,200
CHANNEL,TWX,32,91.77,10.21,200
CHANNEL,TWX,64,102.93,21.75,200
CHANNEL,TWX,144,111.99,41.51,1
CHANNEL,PG,1,-6.96,17.81,200
CHANNEL,PG,2,8.53,23.44,200
CHANNEL,PG,4,14.74,22.85,200
CHANNEL,PG,8,23.23,24.28,200
CHANNEL,PG,16,31.96,26.41,200
CHANNEL,PG,32,41.18,29.36,200
CHANNEL,PG,64,51.97,34.11,200
CHANNEL,PG,144,64.17,42.78,1
CHANNEL,ORCL,1,-3.68,0.41,200
CHANNEL,ORCL,2,9.6,1.34,200
CHANNEL,ORCL,4,21.92,5.86,200
CHANNEL,ORCL,8,28.55,11.32,200
CHANNEL,ORCL,16,33.49,11.17,200
CHANNEL,ORCL,32,37.96,10.89,200
CHANNEL,ORCL,64,42.0,6.17,200
CHANNEL,ORCL,144,47.76,-7.17,1
CHANNEL,LLY,1,-14.77,90.13,200
CHANNEL,LLY,2,-3.67,71.85,200
CHANNEL,LLY,4,5.71,72.28,200
CHANNEL,LLY,8,14.16,75.84,200
CHANNEL,LLY,16,24.63,77.46,200
CHANNEL,LLY,32,33.93,82.17,200
CHANNEL,LLY,64,52.78,65.7,200
CHANNEL,LLY,144,76.48,39.68,1
CHANNEL,JNPR,1,9.58,1.94,200
CHANNEL,JNPR,2,24.57,-6.21,200
CHANNEL,JNPR,4,35.25,-8.07,200
CHANNEL,JNPR,8,45.77,-13.09,200
CHANNEL,JNPR,16,52.01,-14.62,200
CHANNEL,JNPR,32,61.38,-18.1,200
CHANNEL,JNPR,64,70.86,-25.27,200
CHANNEL,JNPR,144,84.32,-32.01,1
CHANNEL,VZ,1,15.37,-26.96,200
CHANNEL,VZ,2,28.17,-30.4,200
CHANNEL,VZ,4,37.76,-30.78,200
CHANNEL,VZ,8,43.72,-32.76,200
CHANNEL,VZ,16,56.29,-36.51,200
CHANNEL,VZ,32,65.8,-38.24,200
CHANNEL,VZ,64,73.45,-41.47,200
CHANNEL,VZ,144,85.18,-51.93,1
CHANNEL,SUNW,1,1.54,0.49,200
CHANNEL,SUNW,2,5.88,5.99,200
CHANNEL,SUNW,4,9.76,11.92,200
CHANNEL,SUNW,8,13.33,13.08,200
CHANNEL,SUNW,16,15.77,11.93,200
CHANNEL,SUNW,32,17.55,9.14,200
CHANNEL,SUNW,64,18.42,9.97,200
CHANNEL,SUNW,144,18.94,13.48,1
CHANNEL,GM,1,-23.25,1.9,200
CHANNEL,GM,2,-15.16,-1.87,200
CHANNEL,GM,4,-11.44,-1.67,200
CHANNEL,GM,8,-7.52,-4.55,200
CHANNEL,GM,16,-3.92,-4.75,200
CHANNEL,GM,32,-0.18,-4.95,200
CHANNEL,GM,64,3.64,1.2,200
CHANNEL,GM,144,6.76,17.36,1
CHANNEL,HD,1,51.28,61.64,200
CHANNEL,HD,2,66.93,70.68,200
CHANNEL,HD,4,77.71,86.28,200
CHANNEL,HD,8,89.66,86.61,200
CHANNEL,HD,16,101.02,85.24,200
CHANNEL,HD,32,111.01,90.39,200
CHANNEL,HD,64,117.59,87.52,200
CHANNEL,HD,144,121.46,59.57,1
CHANNEL,WFC,1,-5.1,-3.78,200
CHANNEL,WFC,2,10.65,-4.63,200
CHANNEL,WFC,4,17.84,-6.53,200
CHANNEL,WFC,8,25.34,-10.0,200
CHANNEL,WFC,16,29.75,-12.83,200
CHANNEL,WFC,32,35.26,-13.27,200
CHANNEL,WFC,64,40.29,-13.7,200
CHANNEL,WFC,144,48.85,-18.74,1
CHANNEL,HPQ,1,20.65,10.08,200
CHANNEL,HPQ,2,27.78,11.63,200
CHANNEL,HPQ,4,36.25,16.1,200
CHANNEL,HPQ,8,45.84,23.48,200
CHANNEL,HPQ,16,52.94,25.22,200
CHANNEL,HPQ,32,64.28,35.33,200
CHANNEL,HPQ,64,81.1,39.94,200
CHANNEL,HPQ,144,95.26,20.92,1
CHANNEL,LLTC,1,-24.38,0.41,200
CHANNEL,LLTC,2,-15.49,0.48,200
CHANNEL,LLTC,4,-9.87,1.19,200
CHANNEL,LLTC,8,-5.68,0.97,200
CHANNEL,LLTC,16,-1.61,1.17,200
CHANNEL,LLTC,32,1.34,1.44,200
CHANNEL,LLTC,64,5.03,1.08,200
CHANNEL,LLTC,144,12.1,1.27,1
CHANNEL,MMM,1,24.67,-2.01,200
CHANNEL,MMM,2,31.76,-0.26,200
CHANNEL,MMM,4,42.45,4.56,200
CHANNEL,MMM,8,49.19,3.23,200
CHANNEL,MMM,16,61.52,3.3,200
CHANNEL,MMM,32,65.46,4.41,200
CHANNEL,MMM,64,87.49,1.98,200
CHANNEL,MMM,144,122.17,-3.85,1
CHANNEL,LEN,1,-5.89,12.93,200
CHANNEL,LEN,2,1.54,17.18,200
CHANNEL,LEN,4,10.83,18.4,200
CHANNEL,LEN,8,15.01,16.58,200
CHANNEL,LEN,16,20.29,14.38,200
CHANNEL,LEN,32,26.0,12.43,200
CHANNEL,LEN,64,30.36,13.22,200
CHANNEL,LEN,144,34.51,14.11,1
CHANNEL,CVX,1,31.01,-5.26,200
CHANNEL,CVX,2,47.27,-8.31,200
CHANNEL,CVX,4,62.92,-14.94,200
CHANNEL,CVX,8,77.46,-18.08,200
CHANNEL,CVX,16,96.79,-21.01,200
CHANNEL,CVX,32,113.35,-21.79,200
CHANNEL,CVX,64,121.35,-19.48,200
CHANNEL,CVX,144,128.42,-9.98,1
CHANNEL,TXN,1,3.24,4.23,200
CHANNEL,TXN,2,19.88,11.36,200
CHANNEL,TXN,4,31.14,16.05,200
CHANNEL,TXN,8,37.65,13.82,200
CHANNEL,TXN,16,45.43,15.08,200
CHANNEL,TXN,32,54.97,16.94,200
CHANNEL,TXN,64,61.2,16.71,200
CHANNEL,TXN,144,67.44,28.03,1
CHANNEL,UPS,1,11.19,-9.76,200
CHANNEL,UPS,2,18.19,-10.23,200
CHANNEL,UPS,4,26.45,-8.91,200
CHANNEL,UPS,8,31.5,-8.46,200
CHANNEL,UPS,16,41.23,-9.07,200
CHANNEL,UPS,32,53.84,-8.83,200
CHANNEL,UPS,64,64.63,-7.95,200
CHANNEL,UPS,144,79.31,-8.38,1
CHANNEL,AA,1,11.99,14.66,200
CHANNEL,AA,2,20.57,15.21,200
CHANNEL,AA,4,32.54,16.28,200
CHANNEL,AA,8,44.02,16.1,200
CHANNEL,AA,16,56.53,14.75,200
CHANNEL,AA,32,76.92,15.45,200
CHANNEL,AA,64,95.0,16.2,200
CHANNEL,AA,144,114.14,6.82,1
CHANNEL,BBY,1,17.44,13.91,200
CHANNEL,BBY,2,33.37,24.05,200
CHANNEL,BBY,4,50.62,41.46,200
CHANNEL,BBY,8,56.3,48.64,200
CHANNEL,BBY,16,77.92,74.66,200
CHANNEL,BBY,32,93.53,88.32,200
CHANNEL,BBY,64,109.07,103.56,200
CHANNEL,BBY,144,121.69,90.91,1
CHANNEL,TYC,1,-5.18,-2.38,200
CHANNEL,TYC,2,8.28,-2.44,200
CHANNEL,TYC,4,16.37,-2.65,200
CHANNEL,TYC,8,22.93,-3.91,200
CHANNEL,TYC,16,29.37,-4.28,200
CHANNEL,TYC,32,35.33,-5.99,200
CHANNEL,TYC,64,41.32,-7.81,200
CHANNEL,TYC,144,44.37,-8.2,1
CHANNEL,CMCSA,1,23.97,-10.56,200
CHANNEL,CMCSA,2,31.99,-7.6,200
CHANNEL,CMCSA,4,40.17,-4.33,200
CHANNEL,CMCSA,8,46.36,-3.29,200
CHANNEL,CMCSA,16,53.56,-2.96,200
CHANNEL,CMCSA,32,59.82,-4.05,200
CHANNEL,CMCSA,64,67.43,-7.42,200
CHANNEL,CMCSA,144,73.34,-12.69,1
CHANNEL,VRTS,1,100.75,-3.42,200
CHANNEL,VRTS,2,133.13,-3.28,200
CHANNEL,VRTS,4,152.82,-4.93,200
CHANNEL,VRTS,8,179.08,-4.98,200
CHANNEL,VRTS,16,204.05,-3.1,200
CHANNEL,VRTS,32,224.09,-2.02,200
CHANNEL,VRTS,64,238.53,-1.63,200
CHANNEL,VRTS,144,248.74,2.81,1
CHANNEL,KO,1,10.43,-3.53,200
CHANNEL,KO,2,17.58,-4.79,200
CHANNEL,KO,4,24.62,-4.57,200
CHANNEL,KO,8,32.35,-8.96,200
CHANNEL,KO,16,38.01,-10.59,200
CHANNEL,KO,32,44.86,-12.21,200
CHANNEL,KO,64,52.95,-7.55,200
CHANNEL,KO,144,63.62,-2.6,1
CHANNEL,MXIM,1,-17.68,25.28,200
CHANNEL,MXIM,2,-6.06,23.09,200
CHANNEL,MXIM,4,-1.69,24.52,200
CHANNEL,MXIM,8,4.06,26.46,200
CHANNEL,MXIM,16,6.46,25.62,200
CHANNEL,MXIM,32,9.11,23.06,200
CHANNEL,MXIM,64,10.72,20.68,200
CHANNEL,MXIM,144,11.77,17.48,1
CHANNEL,SNDK,1,71.62,-1.02,200
CHANNEL,SNDK,2,98.37,0.32,200
CHANNEL,SNDK,4,118.49,0.62,200
CHANNEL,SNDK,8,153.99,2.21,200
CHANNEL,SNDK,16,197.0,4.23,200
CHANNEL,SNDK,32,219.45,4.38,200
CHANNEL,SNDK,64,266.84,5.8,200
CHANNEL,SNDK,144,314.03,8.07,1
MACROSS,MSFT,1,13.08,11.42,200
MACROSS,MSFT,2,19.17,10.9,200
MACROSS,MSFT,4,24.5,13.1,200
MACROSS,MSFT,8,28.86,15.64,200
MACROSS,MSFT,16,33.42,17.83,200
MACROSS,MSFT,32,36.95,17.58,200
MACROSS,MSFT,64,39.52,16.83,200
MACROSS,MSFT,144,41.3,12.39,1
MACROSS,INTC,1,2.27,-4.26,200
MACROSS,INTC,2,6.78,-3.07,200
MACROSS,INTC,4,15.31,-3.26,200
MACROSS,INTC,8,20.99,-5.04,200
MACROSS,INTC,16,27.22,-5.07,200
MACROSS,INTC,32,33.37,-5.01,200
MACROSS,INTC,64,39.19,-2.05,200
MACROSS,INTC,144,45.48,3.14,1
MACROSS,SIRI,1,1.68,-1.78,200
MACROSS,SIRI,2,5.14,-1.5,200
MACROSS,SIRI,4,8.77,-2.29,200
MACROSS,SIRI,8,12.12,-3.58,200
MACROSS,SIRI,16,15.11,-4.7,200
MACROSS,SIRI,32,17.54,-6.92,200
MACROSS,SIRI,64,18.92,-7.83,200
MACROSS,SIRI,144,19.75,-6.97,1
MACROSS,CSCO,1,8.6,7.65,200
MACROSS,CSCO,2,14.95,11.02,200
MACROSS,CSCO,4,19.97,13.75,200
MACROSS,CSCO,8,24.61,16.8,200
MACROSS,CSCO,16,29.84,19.67,200
MACROSS,CSCO,32,34.46,21.6,200
MACROSS,CSCO,64,38.61,22.86,200
MACROSS,CSCO,144,41.96,20.82,1
MACROSS,C,1,2.62,3.63,200
MACROSS,C,2,9.91,2.08,200
MACROSS,C,4,15.32,1.13,200
MACROSS,C,8,20.56,1.86,200
MACROSS,C,16,24.82,-1.24,200
MACROSS,C,32,28.93,-6.57,200
MACROSS,C,64,32.17,-11.62,200
MACROSS,C,144,34.7,-21.64,1
MACROSS,BAC,1,-0.3,2.7,200
MACROSS,BAC,2,3.87,1.92,200
MACROSS,BAC,4,7.47,1.66,200
MACROSS,BAC,8,9.69,1.79,200
MACROSS,BAC,16,12.35,2.83,200
MACROSS,BAC,32,14.66,2.65,200
MACROSS,BAC,64,17.34,1.5,200
MACROSS,BAC,144,18.91,-0.3,1
MACROSS,ABC,1,-7.82,-1.96,200
MACROSS,ABC,2,-0.09,-1.02,200
MACROSS,ABC,4,5.77,-1.47,200
MACROSS,ABC,8,11.26,1.28,200
MACROSS,ABC,16,15.61,-0.58,200
MACROSS,ABC,32,20.28,-1.73,200
MACROSS,ABC,64,23.52,-2.7,200
MACROSS,ABC,144,25.41,-5.65,1
MACROSS,PFE,1,1.58,-3.42,200
MACROSS,PFE,2,5.63,-5.47,200
MACROSS,PFE,4,8.69,-6.43,200
MACROSS,PFE,8,12.02,-7.95,200
MACROSS,PFE,16,15.11,-9.61,200
MACROSS,PFE,32,17.68,-12.52,200
MACROSS,PFE,64,21.06,-15.07,200
MACROSS,PFE,144,23.61,-18.23,1
MACROSS,AMAT,1,5.53,8.84,200
MACROSS,AMAT,2,9.65,9.98,200
MACROSS,AMAT,4,13.23,10.32,200
MACROSS,AMAT,8,17.51,13.57,200
MACROSS,AMAT,16,20.14,15.32,200
MACROSS,AMAT,32,23.04,17.35,200
MACROSS,AMAT,64,25.72,17.77,200
MACROSS,AMAT,144,27.95,23.52,1
MACROSS,EBAY,1,2.0,8.34,200
MACROSS,EBAY,2,7.31,7.74,200
MACROSS,EBAY,4,12.25,8.79,200
MACROSS,EBAY,8,15.78,8.99,200
MACROSS,EBAY,16,18.83,10.87,200
MACROSS,EBAY,32,21.4,11.06,200
MACROSS,EBAY,64,24.37,11.86,200
MACROSS,EBAY,144,30.45,12.94,1
MACROSS,GE,1,4.88,0.06,200
MACROSS,GE,2,11.0,-1.23,200
MACROSS,GE,4,15.94,-1.52,200
MACROSS,GE,8,18.49,-2.25,200
MACROSS,GE,16,22.28,-3.05,200
MACROSS,GE,32,24.84,-4.1,200
MACROSS,GE,64,28.96,-5.11,200
MACROSS,GE,144,33.03,-4.68,1
MACROSS,MRK,1,3.84,0.21,200
MACROSS,MRK,2,9.51,0.83,200
MACROSS,MRK,4,13.95,0.26,200
MACROSS,MRK,8,17.56,0.01,200
MACROSS,MRK,16,21.64,-1.31,200
MACROSS,MRK,32,24.62,-0.68,200
MACROSS,MRK,64,27.61,-1.18,200
MACROSS,MRK,144,30.37,-2.38,1
MACROSS,XOM,1,5.59,1.14,200
MACROSS,XOM,2,9.27,-0.61,200
MACROSS,XOM,4,13.55,1.12,200
MACROSS,XOM,8,17.06,2.19,200
MACROSS,XOM,16,20.69,5.73,200
MACROSS,XOM,32,24.93,9.62,200
MACROSS,XOM,64,31.32,16.96,200
MACROSS,XOM,144,36.37,24.86,1
MACROSS,IBM,1,6.87,0.91,200
MACROSS,IBM,2,11.67,1.24,200
MACROSS,IBM,4,18.03,-1.2,200
MACROSS,IBM,8,23.37,-0.77,200
MACROSS,IBM,16,29.31,-1.82,200
MACROSS,IBM,32,33.7,-2.1,200
MACROSS,IBM,64,40.8,-2.82,200
MACROSS,IBM,144,46.89,1.2,1
MACROSS,WMT,1,-3.54,7.69,200
MACROSS,WMT,2,1.82,7.12,200
MACROSS,WMT,4,6.6,4.9,200
MACROSS,WMT,8,12.12,4.85,200
MACROSS,WMT,16,15.44,5.4,200
MACROSS,WMT,32,18.94,7.89,200
MACROSS,WMT,64,21.58,6.24,200
MACROSS,WMT,144,23.51,4.05,1
MACROSS,DELL,1,-3.78,4.21,200
MACROSS,DELL,2,3.28,3.94,200
MACROSS,DELL,4,10.0,2.89,200
MACROSS,DELL,8,14.54,3.4,200
MACROSS,DELL,16,19.92,2.98,200
MACROSS,DELL,32,24.28,2.14,200
MACROSS,DELL,64,28.85,1.9,200
MACROSS,DELL,144,39.93,0.02,1
MACROSS,KLAC,1,2.65,9.65,200
MACROSS,KLAC,2,8.92,10.04,200
MACROSS,KLAC,4,14.99,11.09,200
MACROSS,KLAC,8,20.25,11.23,200
MACROSS,KLAC,16,24.58,8.35,200
MACROSS,KLAC,32,27.95,5.11,200
MACROSS,KLAC,64,30.51,0.79,200
MACROSS,KLAC,144,32.14,-12.85,1
MACROSS,SINA,1,-7.89,6.51,200
MACROSS,SINA,2,-4.08,5.63,200
MACROSS,SINA,4,-0.94,6.05,200
MACROSS,SINA,8,2.54,7.28,200
MACROSS,SINA,16,5.39,6.97,200
MACROSS,SINA,32,8.44,9.47,200
MACROSS,SINA,64,10.2,12.78,200
MACROSS,SINA,144,11.09,19.64,1
MACROSS,YHOO,1,3.58,4.11,200
MACROSS,YHOO,2,10.38,3.6,200
MACROSS,YHOO,4,15.24,3.12,200
MACROSS,YHOO,8,20.46,2.64,200
MACROSS,YHOO,16,24.16,2.24,200
MACROSS,YHOO,32,27.4,1.6,200
MACROSS,YHOO,64,31.54,0.66,200
MACROSS,YHOO,144,36.99,-2.0,1
MACROSS,AMGN,1,7.14,0.65,200
MACROSS,AMGN,2,14.89,4.44,200
MACROSS,AMGN,4,19.75,5.35,200
MACROSS,AMGN,8,27.45,10.85,200
MACROSS,AMGN,16,35.81,17.86,200
MACROSS,AMGN,32,43.1,22.59,200
MACROSS,AMGN,64,53.22,29.77,200
MACROSS,AMGN,144,64.28,38.76,1
MACROSS,QCOM,1,13.4,3.06,200
MACROSS,QCOM,2,18.87,1.97,200
MACROSS,QCOM,4,23.24,1.06,200
MACROSS,QCOM,8,27.9,2.72,200
MACROSS,QCOM,16,30.5,4.45,200
MACROSS,QCOM,32,32.85,5.83,200
MACROSS,QCOM,64,35.27,6.17,200
MACROSS,QCOM,144,38.2,15.81,1
MACROSS,CAH,1,-7.65,-7.12,200
MACROSS,CAH,2,2.88,-8.0,200
MACROSS,CAH,4,7.22,-10.83,200
MACROSS,CAH,8,12.29,-12.08,200
MACROSS,CAH,16,15.5,-11.83,200
MACROSS,CAH,32,20.75,-13.72,200
MACROSS,CAH,64,23.92,-15.99,200
MACROSS,CAH,144,29.85,-23.23,1
MACROSS,JPM,1,9.22,5.71,200
MACROSS,JPM,2,14.45,8.14,200
MACROSS,JPM,4,19.58,10.32,200
MACROSS,JPM,8,25.19,14.5,200
MACROSS,JPM,16,29.76,18.61,200
MACROSS,JPM,32,33.31,24.35,200
MACROSS,JPM,64,37.61,30.22,200
MACROSS,JPM,144,39.36,41.61,1
MACROSS,JNJ,1,3.25,-2.69,200
MACROSS,JNJ,2,8.9,-0.29,200
MACROSS,JNJ,4,14.02,2.45,200
MACROSS,JNJ,8,19.36,4.32,200
MACROSS,JNJ,16,23.08,5.28,200
MACROSS,JNJ,32,28.29,8.97,200
MACROSS,JNJ,64,30.83,10.17,200
MACROSS,JNJ,144,33.83,9.4,1
MACROSS,MO,1,8.52,-5.99,200
MACROSS,MO,2,23.52,-6.58,200
MACROSS,MO,4,30.39,-8.33,200
MACROSS,MO,8,35.99,-7.29,200
MACROSS,MO,16,42.63,-8.85,200
MACROSS,MO,32,46.81,-9.69,200
MACROSS,MO,64,53.72,-13.46,200
MACROSS,MO,144,63.65,-20.06,1
MACROSS,AIG,1,10.48,6.82,200
MACROSS,AIG,2,17.28,8.07,200
MACROSS,AIG,4,21.01,8.04,200
MACROSS,AIG,8,27.4,9.1,200
MACROSS,AIG,16,34.98,8.55,200
MACROSS,AIG,32,40.99,5.3,200
MACROSS,AIG,64,47.92,3.12,200
MACROSS,AIG,144,57.48,7.23,1
MACROSS,BMY,1,2.6,4.54,200
MACROSS,BMY,2,6.83,5.03,200
MACROSS,BMY,4,11.99,4.33,200
MACROSS,BMY,8,14.38,4.58,200
MACROSS,BMY,16,17.49,4.69,200
MACROSS,BMY,32,19.24,2.35,200
MACROSS,BMY,64,21.47,2.18,200
MACROSS,BMY,144,23.39,6.28,1
MACROSS,GS,1,12.45,-1.65,200
MACROSS,GS,2,18.6,-0.34,200
MACROSS,GS,4,24.21,3.31,200
MACROSS,GS,8,28.39,4.42,200
MACROSS,GS,16,31.68,6.45,200
MACROSS,GS,32,34.89,9.8,200
MACROSS,GS,64,38.01,18.08,200
MACROSS,GS,144,43.32,30.95,1
MACROSS,TWX,1,16.55,-2.24,200
MACROSS,TWX,2,25.25,-2.25,200
MACROSS,TWX,4,30.63,-2.24,200
MACROSS,TWX,8,39.76,-2.21,200
MACROSS,TWX,16,47.38,-2.15,200
MACROSS,TWX,32,54.25,-2.07,200
MACROSS,TWX,64,60.95,-2.0,200
MACROSS,TWX,144,67.57,-2.0,1
MACROSS,PG,1,8.04,6.73,200
MACROSS,PG,2,13.44,4.1,200
MACROSS,PG,4,21.1,-0.54,200
MACROSS,PG,8,29.14,-3.61,200
MACROSS,PG,16,37.14,-5.82,200
MACROSS,PG,32,42.66,-5.78,200
MACROSS,PG,64,50.82,-7.95,200
MACROSS,PG,144,60.47,-12.3,1
MACROSS,ORCL,1,8.43,10.72,200
MACROSS,ORCL,2,15.41,10.16,200
MACROSS,ORCL,4,21.34,12.25,200
MACROSS,ORCL,8,26.69,11.29,200
MACROSS,ORCL,16,31.11,8.53,200
MACROSS,ORCL,32,36.02,5.5,200
MACROSS,ORCL,64,40.69,1.82,200
MACROSS,ORCL,144,46.55,-4.68,1
MACROSS,LLY,1,-2.46,20.85,200
MACROSS,LLY,2,1.38,19.33,200
MACROSS,LLY,4,8.04,15.7,200
MACROSS,LLY,8,12.93,14.6,200
MACROSS,LLY,16,17.86,15.03,200
MACROSS,LLY,32,23.06,14.82,200
MACROSS,LLY,64,27.85,14.39,200
MACROSS,LLY,144,34.3,16.65,1
MACROSS,JNPR,1,14.39,-0.72,200
MACROSS,JNPR,2,19.72,-3.84,200
MACROSS,JNPR,4,25.0,-6.81,200
MACROSS,JNPR,8,36.26,-6.95,200
MACROSS,JNPR,16,41.04,-6.73,200
MACROSS,JNPR,32,49.95,-6.26,200
MACROSS,JNPR,64,59.09,-6.56,200
MACROSS,JNPR,144,65.75,-10.29,1
MACROSS,VZ,1,3.71,0.06,200
MACROSS,VZ,2,8.5,-2.36,200
MACROSS,VZ,4,12.26,-4.68,200
MACROSS,VZ,8,16.75,-5.76,200
MACROSS,VZ,16,20.37,-7.22,200
MACROSS,VZ,32,22.49,-8.11,200
MACROSS,VZ,64,25.0,-11.61,200
MACROSS,VZ,144,26.05,-12.42,1
MACROSS,SUNW,1,6.45,-0.14,200
MACROSS,SUNW,2,8.83,0.68,200
MACROSS,SUNW,4,12.47,0.72,200
MACROSS,SUNW,8,14.42,2.99,200
MACROSS,SUNW,16,17.66,3.16,200
MACROSS,SUNW,32,19.82,3.52,200
MACROSS,SUNW,64,21.67,7.86,200
MACROSS,SUNW,144,22.09,7.97,1
MACROSS,GM,1,-1.38,-4.22,200
MACROSS,GM,2,1.5,-4.62,200
MACROSS,GM,4,4.79,-3.03,200
MACROSS,GM,8,7.41,-1.0,200
MACROSS,GM,16,9.67,0.74,200
MACROSS,GM,32,12.44,-1.93,200
MACROSS,GM,64,15.26,-1.04,200
MACROSS,GM,144,18.35,10.63,1
MACROSS,HD,1,-2.11,13.67,200
MACROSS,HD,2,2.72,16.48,200
MACROSS,HD,4,6.46,18.62,200
MACROSS,HD,8,10.26,25.16,200
MACROSS,HD,16,13.59,29.93,200
MACROSS,HD,32,16.17,30.1,200
MACROSS,HD,64,17.35,31.55,200
MACROSS,HD,144,18.0,42.3,1
MACROSS,WFC,1,5.54,9.56,200
MACROSS,WFC,2,9.74,10.12,200
MACROSS,WFC,4,13.53,10.41,200
MACROSS,WFC,8,16.52,12.58,200
MACROSS,WFC,16,19.29,14.35,200
MACROSS,WFC,32,21.67,16.91,200
MACROSS,WFC,64,24.45,18.93,200
MACROSS,WFC,144,26.16,21.13,1
MACROSS,HPQ,1,8.17,6.28,200
MACROSS,HPQ,2,11.19,6.18,200
MACROSS,HPQ,4,15.12,8.03,200
MACROSS,HPQ,8,17.54,3.71,200
MACROSS,HPQ,16,19.74,0.93,200
MACROSS,HPQ,32,21.69,-2.79,200
MACROSS,HPQ,64,24.1,-8.92,200
MACROSS,HPQ,144,28.28,-21.8,1
MACROSS,LLTC,1,-7.07,1.71,200
MACROSS,LLTC,2,-1.99,2.55,200
MACROSS,LLTC,4,1.04,2.7,200
MACROSS,LLTC,8,3.74,2.65,200
MACROSS,LLTC,16,6.19,3.33,200
MACROSS,LLTC,32,8.78,3.66,200
MACROSS,LLTC,64,10.49,3.11,200
MACROSS,LLTC,144,13.78,2.9,1
MACROSS,MMM,1,4.86,0.75,200
MACROSS,MMM,2,11.57,1.86,200
MACROSS,MMM,4,16.35,3.14,200
MACROSS,MMM,8,20.57,2.69,200
MACROSS,MMM,16,24.05,1.76,200
MACROSS,MMM,32,28.17,4.5,200
MACROSS,MMM,64,31.05,6.92,200
MACROSS,MMM,144,33.03,9.75,1
MACROSS,LEN,1,5.76,13.96,200
MACROSS,LEN,2,10.62,16.54,200
MACROSS,LEN,4,13.88,18.33,200
MACROSS,LEN,8,17.2,19.03,200
MACROSS,LEN,16,19.8,18.91,200
MACROSS,LEN,32,21.97,19.63,200
MACROSS,LEN,64,24.38,19.61,200
MACROSS,LEN,144,26.16,19.64,1
MACROSS,CVX,1,6.76,4.92,200
MACROSS,CVX,2,12.26,4.85,200
MACROSS,CVX,4,17.09,5.75,200
MACROSS,CVX,8,21.84,5.49,200
MACROSS,CVX,16,25.56,8.4,200
MACROSS,CVX,32,29.56,9.11,200
MACROSS,CVX,64,34.73,8.84,200
MACROSS,CVX,144,37.59,7.67,1
MACROSS,TXN,1,9.03,0.86,200
MACROSS,TXN,2,16.52,-1.45,200
MACROSS,TXN,4,18.81,-2.57,200
MACROSS,TXN,8,25.35,-2.64,200
MACROSS,TXN,16,31.49,-2.62,200
MACROSS,TXN,32,35.4,-0.99,200
MACROSS,TXN,64,39.09,-0.64,200
MACROSS,TXN,144,43.02,-3.6,1
MACROSS,UPS,1,6.06,-3.89,200
MACROSS,UPS,2,8.56,-4.86,200
MACROSS,UPS,4,14.52,-6.75,200
MACROSS,UPS,8,18.55,-7.38,200
MACROSS,UPS,16,23.04,-7.63,200
MACROSS,UPS,32,27.22,-6.59,200
MACROSS,UPS,64,31.77,-7.82,200
MACROSS,UPS,144,37.14,-11.63,1
MACROSS,AA,1,8.06,3.22,200
MACROSS,AA,2,12.61,3.4,200
MACROSS,AA,4,18.43,4.37,200
MACROSS,AA,8,24.19,2.91,200
MACROSS,AA,16,27.84,3.1,200
MACROSS,AA,32,31.78,2.04,200
MACROSS,AA,64,35.35,1.07,200
MACROSS,AA,144,36.69,1.57,1
MACROSS,BBY,1,6.54,4.68,200
MACROSS,BBY,2,12.39,6.27,200
MACROSS,BBY,4,17.39,6.53,200
MACROSS,BBY,8,21.69,6.0,200
MACROSS,BBY,16,25.83,7.23,200
MACROSS,BBY,32,28.23,5.77,200
MACROSS,BBY,64,31.32,7.76,200
MACROSS,BBY,144,34.08,22.07,1
MACROSS,TYC,1,-0.3,0.14,200
MACROSS,TYC,2,3.73,0.71,200
MACROSS,TYC,4,10.53,2.48,200
MACROSS,TYC,8,13.93,3.53,200
MACROSS,TYC,16,18.13,5.01,200
MACROSS,TYC,32,20.93,5.7,200
MACROSS,TYC,64,23.6,6.13,200
MACROSS,TYC,144,26.16,7.6,1
MACROSS,CMCSA,1,10.96,6.34,200
MACROSS,CMCSA,2,16.44,5.3,200
MACROSS,CMCSA,4,19.92,4.31,200
MACROSS,CMCSA,8,23.57,3.85,200
MACROSS,CMCSA,16,26.97,1.56,200
MACROSS,CMCSA,32,29.12,0.94,200
MACROSS,CMCSA,64,30.61,-0.36,200
MACROSS,CMCSA,144,31.7,-4.72,1
MACROSS,VRTS,1,-6.21,8.6,200
MACROSS,VRTS,2,-1.19,10.19,200
MACROSS,VRTS,4,1.79,9.1,200
MACROSS,VRTS,8,4.71,10.52,200
MACROSS,VRTS,16,7.34,13.52,200
MACROSS,VRTS,32,8.59,16.77,200
MACROSS,VRTS,64,9.85,22.81,200
MACROSS,VRTS,144,10.36,27.91,1
MACROSS,KO,1,5.53,6.45,200
MACROSS,KO,2,11.67,10.32,200
MACROSS,KO,4,15.92,13.05,200
MACROSS,KO,8,22.02,17.52,200
MACROSS,KO,16,25.54,21.77,200
MACROSS,KO,32,29.66,25.15,200
MACROSS,KO,64,33.09,31.75,200
MACROSS,KO,144,34.73,36.36,1
MACROSS,MXIM,1,0.81,5.67,200
MACROSS,MXIM,2,4.5,5.0,200
MACROSS,MXIM,4,7.49,4.83,200
MACROSS,MXIM,8,10.3,7.37,200
MACROSS,MXIM,16,11.98,6.05,200
MACROSS,MXIM,32,13.45,4.77,200
MACROSS,MXIM,64,14.75,5.88,200
MACROSS,MXIM,144,15.35,3.09,1
MACROSS,SNDK,1,5.72,-2.04,200
MACROSS,SNDK,2,9.38,-2.04,200
MACROSS,SNDK,4,12.85,-2.1,200
MACROSS,SNDK,8,15.94,-2.09,200
MACROSS,SNDK,16,17.54,-2.17,200
MACROSS,SNDK,32,19.03,-2.12,200
MACROSS,SNDK,64,19.88,-2.12,200
MACROSS,SNDK,144,20.82,-2.0,1
