instance,family,ticker,first,last,is_bars,oos_bars,is_bh,oos_bh,best16_sig,best16_k_atr,best16_r_mult,best16_is_net,best16_oos_net,best16_is_alpha,best16_oos_alpha,best16_is_net_friction,best16_oos_net_friction,best16_is_trades,best16_oos_trades,head16_is_net_median,head16_is_net_min,head16_is_alpha_median,head16_oos_net_median,head16_oos_alpha_median,head16_is_net_median_friction,head16_plateau_breadth_is,head16_plateau_breadth_oos,surface_spike_gap,surface_spike_ratio,surface_neighbour_median,surface_n_neighbours,not_pre_registered_spearman_is_vs_oos_16,not_pre_registered_spearman_is_vs_oos_144,not_pre_registered_oos_percentile_of_is_best_knob,not_pre_registered_is_best_cell,not_pre_registered_oos_best_cell,not_pre_registered_is_and_oos_best_same_cell
1,CHANNEL,MSFT,2004-01-02,2024-12-31,2769,2516,69.34,801.41,20,1.5,3.8,59.45,100.91,-9.89,-700.5,50.37,88.76,59,63,23.42,-20.56,-45.92,95.0,-706.42,18.1,0,0,27.85,1.88,31.59,4,-0.076,0.085,62.5,"[20,1.5]","[10,1.0]",False
2,CHANNEL,INTC,2004-01-02,2024-12-31,2769,2516,12.84,-44.86,10,1.0,3.8,123.91,48.93,111.07,93.79,104.37,36.01,92,91,25.44,9.55,12.6,-18.29,26.57,20.56,15,16,56.0,1.82,67.91,2,0.656,-0.127,93.8,"[10,1.0]","[10,1.0]",True
3,CHANNEL,SIRI,2004-01-02,2024-12-31,2768,2516,-8.38,-34.39,10,1.0,3.8,114.63,-32.93,123.01,1.45,90.85,-38.98,118,94,27.56,9.63,35.93,10.53,44.92,20.89,16,16,70.86,2.62,43.77,2,-0.226,-0.075,0.0,"[10,1.0]","[40,1.0]",False
4,CHANNEL,CSCO,2004-01-02,2024-12-31,2769,2516,14.7,114.42,10,2.5,3.8,15.01,4.78,0.31,-109.64,11.18,3.01,34,17,-6.22,-27.75,-20.92,20.91,-93.51,-9.92,1,0,20.46,,-5.44,2,0.088,-0.418,12.5,"[10,2.5]","[20,1.0]",False
5,CHANNEL,C,2004-01-02,2024-12-31,2769,2516,-88.96,29.73,40,2.5,3.8,5.73,-5.26,94.69,-34.98,3.12,-7.51,25,24,-16.39,-58.55,72.57,12.86,-16.86,-17.9,16,3,19.87,,-14.14,2,-0.15,0.013,0.0,"[40,2.5]","[10,1.0]",False
6,CHANNEL,BAC,2004-01-02,2024-12-31,2769,2516,-54.76,145.53,10,1.0,3.8,65.88,9.81,120.64,-135.72,51.66,-0.64,90,100,13.8,-9.24,68.56,18.94,-126.59,8.96,16,0,41.27,2.68,24.6,2,-0.182,0.096,25.0,"[10,1.0]","[10,1.5]",False
7,CHANNEL,ABC,2004-01-02,2023-08-29,2769,2179,66.96,98.96,10,2.0,3.8,130.7,11.63,63.74,-87.33,122.05,7.15,39,41,26.57,-35.32,-40.39,17.91,-81.06,20.09,6,0,109.37,6.13,21.34,3,-0.597,-0.013,31.2,"[10,2.0]","[30,1.5]",False
8,CHANNEL,PFE,2004-01-02,2024-12-31,2769,2516,-12.38,-15.32,30,2.0,3.8,29.8,0.41,42.18,15.73,26.75,-3.15,24,36,8.39,-31.79,20.77,-5.81,9.51,4.37,14,15,10.48,1.54,19.33,4,0.224,0.016,62.5,"[30,2.0]","[10,1.0]",False
9,CHANNEL,AMAT,2004-01-02,2024-12-31,2769,2516,12.76,551.56,10,1.0,3.8,52.57,30.46,39.81,-521.1,38.37,16.65,98,112,9.6,-8.87,-3.16,64.3,-487.26,5.03,6,0,42.51,5.23,10.06,2,-0.006,0.131,18.8,"[10,1.0]","[20,2.5]",False
10,CHANNEL,EBAY,2004-01-02,2024-12-31,2769,2516,78.16,161.86,10,1.5,3.8,52.5,28.69,-25.66,-133.18,42.1,21.09,71,61,25.95,-9.27,-52.21,30.47,-131.39,20.08,0,0,48.58,13.37,3.93,3,-0.403,0.047,43.8,"[10,1.5]","[40,1.0]",False
11,CHANNEL,GE,2004-01-02,2024-12-31,2769,2516,-18.8,33.54,20,1.0,3.8,15.43,4.13,34.23,-29.4,7.96,-3.1,67,72,-0.53,-18.86,18.27,50.32,16.78,-4.77,15,11,2.28,1.17,13.16,3,-0.162,0.352,12.5,"[20,1.0]","[30,1.5]",False
12,CHANNEL,MRK,2004-01-02,2024-12-31,2769,2516,20.7,73.95,40,2.5,3.8,65.32,-0.85,44.61,-74.8,61.96,-3.59,21,28,23.31,-19.43,2.61,-6.94,-80.88,18.61,11,0,25.25,1.63,40.07,2,0.432,0.019,68.8,"[40,2.5]","[40,2.0]",False
13,CHANNEL,XOM,2004-01-02,2024-12-31,2769,2516,127.54,15.88,10,1.0,3.8,70.61,6.32,-56.93,-9.56,53.51,-3.32,106,95,18.57,-0.06,-108.97,-12.87,-28.75,12.08,0,0,35.23,2.0,35.37,2,0.359,-0.003,93.8,"[10,1.0]","[10,1.0]",True
14,CHANNEL,IBM,2004-01-02,2024-12-31,2769,2516,75.25,41.89,10,1.0,3.8,69.98,71.36,-5.27,29.47,54.79,56.99,94,88,33.66,-7.29,-41.59,31.05,-10.84,30.32,0,5,71.53,,-1.56,2,0.138,0.456,81.2,"[10,1.0]","[20,1.0]",False
15,CHANNEL,WMT,2004-01-02,2024-12-31,2769,2516,64.21,215.54,40,2.5,3.8,-3.41,67.1,-67.62,-148.44,-4.86,64.53,15,16,-21.75,-48.61,-85.95,40.6,-174.95,-24.99,0,0,10.54,,-13.95,2,0.344,-0.018,93.8,"[40,2.5]","[40,2.5]",True
16,CHANNEL,DELL,2004-01-02,2024-12-31,2474,1512,-59.58,400.48,30,1.5,3.8,6.64,48.97,66.22,-351.51,3.18,44.76,33,29,-8.87,-37.67,50.71,31.94,-368.55,-12.24,16,0,13.42,,-6.78,4,0.568,0.169,93.8,"[30,1.5]","[30,1.5]",True
17,CHANNEL,KLAC,2004-01-02,2024-12-31,2769,2516,24.59,796.46,20,2.5,3.8,28.07,34.42,3.48,-762.03,23.94,29.7,33,36,2.65,-30.34,-21.94,38.81,-757.65,-2.74,2,0,25.37,10.41,2.7,3,0.138,0.452,37.5,"[20,2.5]","[10,2.5]",False
18,CHANNEL,SINA,2004-01-02,2021-03-22,2769,1565,-1.29,14.41,30,1.5,3.8,83.09,2.1,84.39,-12.31,75.31,-0.22,44,23,41.55,0.05,42.84,7.1,-7.31,36.24,16,5,21.33,1.35,61.76,4,-0.147,0.06,25.0,"[30,1.5]","[20,1.0]",False
19,CHANNEL,YHOO,2004-01-02,2017-06-16,2769,619,122.76,4.8,30,1.5,3.8,75.68,15.83,-47.08,11.02,67.86,14.58,46,11,36.62,-39.13,-86.14,15.56,10.76,29.85,0,13,24.62,1.48,51.06,4,-0.091,0.164,50.0,"[30,1.5]","[10,1.0]",False
20,CHANNEL,AMGN,2004-01-02,2024-12-31,2769,2516,155.48,63.01,10,1.0,3.8,99.41,151.64,-56.07,88.63,81.07,131.08,97,86,25.56,-14.96,-129.92,17.09,-45.92,19.63,0,1,77.41,4.52,21.99,2,-0.012,0.068,93.8,"[10,1.0]","[10,1.0]",True
21,CHANNEL,QCOM,2004-01-02,2024-12-31,2769,2516,38.62,106.81,10,1.0,3.8,9.58,66.06,-29.05,-40.75,0.34,50.46,88,99,-17.85,-38.46,-56.47,35.16,-71.65,-21.41,0,0,32.79,,-23.21,2,0.226,0.104,87.5,"[10,1.0]","[30,1.5]",False
22,CHANNEL,CAH,2004-01-02,2024-12-31,2769,2516,35.27,46.9,30,1.0,3.8,47.14,-6.38,11.87,-53.28,37.92,-11.84,65,60,6.87,-7.44,-28.41,-6.4,-53.3,1.82,2,0,21.99,1.87,25.16,3,-0.044,0.052,50.0,"[30,1.0]","[10,2.0]",False
23,CHANNEL,JPM,2004-01-02,2024-12-31,2769,2516,70.89,283.6,40,1.5,3.8,13.71,3.39,-57.18,-280.2,9.26,-1.45,40,48,-2.2,-24.78,-73.09,26.8,-256.8,-6.23,0,0,10.87,4.83,2.84,3,-0.788,-0.353,12.5,"[40,1.5]","[10,2.0]",False
24,CHANNEL,JNJ,2004-01-02,2024-12-31,2769,2516,102.42,38.37,10,1.0,3.8,136.18,27.58,33.76,-10.78,114.93,16.27,95,93,38.81,15.87,-63.61,9.07,-29.3,31.36,2,0,27.98,1.26,108.2,2,0.024,0.369,81.2,"[10,1.0]","[20,2.0]",False
25,CHANNEL,MO,2004-01-02,2024-12-31,2769,2516,-9.84,6.78,40,1.0,3.8,84.2,-9.75,94.05,-16.53,73.22,-14.68,62,56,51.18,10.43,61.03,-3.4,-10.18,42.42,16,4,14.88,1.21,69.33,2,0.226,-0.248,18.8,"[40,1.0]","[10,1.0]",False
26,CHANNEL,AIG,2004-01-02,2024-12-31,2769,2516,-93.57,29.75,40,1.5,3.8,37.72,17.82,131.29,-11.93,32.36,13.55,40,37,8.38,-8.39,101.95,10.08,-19.67,3.56,16,2,25.71,3.14,12.01,3,-0.053,0.116,56.2,"[40,1.5]","[40,2.0]",False
27,CHANNEL,BMY,2004-01-02,2024-12-31,2769,2516,101.12,-4.96,10,1.5,3.8,23.24,-8.33,-77.89,-3.37,14.81,-13.6,71,59,-4.3,-23.88,-105.43,-7.52,-2.56,-7.5,0,6,33.41,,-10.17,3,0.321,0.069,37.5,"[10,1.5]","[40,2.0]",False
28,CHANNEL,GS,2004-01-02,2024-12-31,2769,2516,99.56,194.54,10,1.0,3.8,128.5,3.7,28.94,-190.84,104.42,-6.08,112,99,26.44,15.19,-73.12,40.18,-154.36,21.74,3,0,48.91,1.61,79.59,2,-0.012,0.301,0.0,"[10,1.0]","[20,1.5]",False
29,CHANNEL,TWX,2004-01-02,2018-06-14,2769,869,56.28,16.3,20,1.5,3.8,75.27,7.33,18.99,-8.96,67.13,5.74,48,15,48.62,14.21,-7.66,-1.39,-17.69,42.01,6,2,23.1,1.44,52.17,4,-0.235,-0.348,81.2,"[20,1.5]","[10,1.0]",False
30,CHANNEL,PG,2004-01-02,2024-12-31,2769,2516,84.04,85.37,10,2.0,3.8,18.48,21.55,-65.56,-63.82,13.28,18.93,45,22,-20.08,-38.01,-104.11,28.34,-57.04,-22.77,0,1,13.35,3.6,5.13,3,-0.326,0.214,18.8,"[10,2.0]","[10,1.0]",False
31,CHANNEL,ORCL,2004-01-02,2024-12-31,2769,2516,242.24,275.91,40,2.5,3.8,33.95,5.63,-208.29,-270.28,31.07,2.4,22,31,11.0,-44.53,-231.24,-6.18,-282.09,5.42,0,0,9.22,1.37,24.73,2,0.629,0.439,68.8,"[40,2.5]","[10,2.5]",False
32,CHANNEL,LLY,2004-01-02,2024-12-31,2769,2516,-3.16,1001.91,10,2.5,3.8,8.67,84.95,11.83,-916.97,5.78,78.86,27,34,-23.53,-49.51,-20.38,85.43,-916.48,-26.42,3,0,9.72,,-1.05,2,-0.632,-0.417,43.8,"[10,2.5]","[30,1.0]",False
33,CHANNEL,JNPR,2004-01-02,2024-12-31,2769,2516,13.41,66.82,10,1.0,3.8,84.32,-32.01,70.91,-98.83,66.2,-37.59,104,85,26.23,-7.44,12.81,-19.14,-85.96,21.29,11,0,34.07,1.68,50.26,2,-0.4,-0.503,6.2,"[10,1.0]","[40,2.5]",False
34,CHANNEL,VZ,2004-01-02,2024-12-31,2769,2516,32.71,-14.84,10,1.5,3.8,26.79,-18.96,-5.92,-4.12,19.55,-23.25,59,54,13.95,-13.11,-18.76,-28.7,-13.85,9.71,0,1,19.69,3.77,7.1,3,-0.203,-0.325,75.0,"[10,1.5]","[10,1.0]",False
35,CHANNEL,SUNW,2004-01-02,2024-02-14,918,2003,7.05,-99.66,10,1.5,3.8,14.62,64.34,7.57,164.0,12.25,55.46,21,56,3.99,-14.66,-3.06,15.36,115.01,2.29,2,16,11.54,4.74,3.08,3,0.153,0.34,93.8,"[10,1.5]","[10,1.5]",True
36,CHANNEL,GM,2004-01-02,2024-12-31,2398,2516,-34.92,52.9,40,1.5,3.8,-11.16,-13.65,23.76,-66.55,-13.37,-16.97,25,39,-24.29,-49.07,10.63,-4.12,-57.02,-27.24,12,0,5.27,,-16.43,3,-0.741,-0.358,25.0,"[40,1.5]","[20,1.0]",False
37,CHANNEL,HD,2004-01-02,2024-12-31,2769,2516,199.74,276.09,20,1.0,3.8,104.64,250.07,-95.11,-26.02,89.02,223.84,80,79,48.4,24.89,-151.34,25.0,-251.09,42.73,0,0,43.46,1.71,61.18,3,0.694,0.481,93.8,"[20,1.0]","[20,1.0]",True
38,CHANNEL,WFC,2004-01-02,2024-12-31,2769,2516,88.48,28.41,10,1.0,3.8,48.85,-18.74,-39.63,-47.15,35.4,-26.27,95,97,17.45,-28.61,-71.04,-9.86,-38.27,14.61,0,0,61.71,,-12.86,2,-0.329,-0.237,6.2,"[10,1.0]","[10,2.0]",False
39,CHANNEL,HPQ,2004-01-02,2024-12-31,2769,2516,73.27,-18.91,10,1.0,3.8,95.26,20.92,21.99,39.83,77.66,10.29,95,92,23.33,5.54,-49.95,10.85,29.77,17.98,1,15,54.37,2.33,40.89,2,0.562,0.27,68.8,"[10,1.0]","[20,1.5]",False
40,CHANNEL,LLTC,2004-01-02,2017-03-10,2769,551,9.27,41.32,10,2.5,3.8,-3.73,-0.86,-13.0,-42.18,-6.11,-1.36,25,5,-31.04,-48.55,-40.31,2.84,-38.48,-34.4,0,0,10.71,,-14.44,2,-0.065,0.043,12.5,"[10,2.5]","[40,1.0]",False
41,CHANNEL,MMM,2004-01-02,2024-12-31,2769,2516,97.1,-5.89,10,2.5,3.8,44.75,0.6,-52.35,6.49,41.51,-2.09,23,27,30.47,4.69,-66.62,-8.69,-2.79,26.08,0,7,2.25,1.05,42.5,2,0.374,0.238,75.0,"[10,2.5]","[10,1.5]",False
42,CHANNEL,LEN,2004-01-02,2024-12-31,2769,2516,-4.45,213.14,30,2.5,3.8,17.72,20.08,22.16,-193.05,14.37,17.37,29,23,2.77,-26.42,7.21,20.21,-192.92,-2.83,10,0,6.08,1.52,11.63,3,0.353,0.278,43.8,"[30,2.5]","[10,1.5]",False
43,CHANNEL,CVX,2004-01-02,2024-12-31,2769,2516,161.22,28.66,10,1.0,3.8,95.46,-11.34,-65.76,-40.0,76.07,-19.8,105,100,25.11,2.75,-136.1,0.78,-27.87,18.41,0,0,49.39,2.07,46.06,2,-0.076,-0.392,6.2,"[10,1.0]","[30,1.5]",False
44,CHANNEL,TXN,2004-01-02,2024-12-31,2769,2516,82.41,250.62,10,1.5,3.8,37.28,34.52,-45.13,-216.1,28.8,25.95,64,66,9.02,-23.38,-73.39,21.15,-229.47,3.68,0,0,37.0,131.2,0.28,3,0.409,0.398,75.0,"[10,1.5]","[20,2.0]",False
45,CHANNEL,UPS,2004-01-02,2024-12-31,2769,2516,50.94,14.24,10,2.5,3.8,24.32,-5.95,-26.63,-20.19,20.54,-9.01,31,33,4.12,-9.62,-46.83,-20.56,-34.8,-0.35,0,0,31.21,,-6.89,2,-0.376,0.08,68.8,"[10,2.5]","[30,2.5]",False
46,CHANNEL,AA,2004-01-02,2024-12-31,2769,2516,-57.95,-1.0,10,1.5,3.8,50.79,-12.11,108.74,-11.12,40.92,-18.4,68,74,5.24,-18.13,63.19,13.74,14.73,0.62,16,15,49.77,49.89,1.02,3,-0.353,0.062,0.0,"[10,1.5]","[10,1.0]",False
47,CHANNEL,BBY,2004-01-02,2024-12-31,2769,2516,15.05,121.19,30,1.0,3.8,39.96,40.83,24.91,-80.36,32.9,32.93,52,58,12.9,-8.92,-2.16,6.94,-114.25,6.49,7,1,20.05,2.01,19.91,3,-0.212,0.426,81.2,"[30,1.0]","[10,1.0]",False
48,CHANNEL,TYC,2004-01-02,2016-09-02,2769,422,62.44,4.54,40,2.0,3.8,27.7,-2.04,-34.74,-6.58,23.57,-2.44,33,4,1.81,-47.09,-60.64,-1.36,-5.9,-2.09,0,2,19.39,3.33,8.31,3,-0.568,-0.008,25.0,"[40,2.0]","[30,1.5]",False
49,CHANNEL,CMCSA,2004-01-02,2024-12-31,2769,2516,164.0,30.88,30,2.0,3.8,61.39,9.03,-102.62,-21.85,57.0,6.03,28,28,24.84,-20.14,-139.17,-13.35,-44.23,19.76,0,0,23.56,1.62,37.83,4,0.718,0.545,87.5,"[30,2.0]","[40,2.0]",False
50,CHANNEL,VRTS,2004-01-02,2024-12-31,1822,2516,368.25,32.77,20,1.0,3.8,248.74,2.81,-119.51,-29.96,226.18,-3.86,68,67,96.47,58.41,-271.78,-17.25,-50.02,90.01,0,1,43.37,1.21,205.37,3,-0.035,-0.329,75.0,"[20,1.0]","[10,2.0]",False
51,CHANNEL,KO,2004-01-02,2024-12-31,2769,2516,67.71,47.75,10,2.0,3.8,63.62,-2.6,-4.08,-50.35,58.22,-5.39,34,29,11.25,-25.66,-56.45,6.05,-41.7,7.47,0,0,38.17,2.5,25.45,3,-0.156,-0.049,25.0,"[10,2.0]","[40,1.5]",False
52,CHANNEL,MXIM,2004-01-02,2021-08-25,2512,1674,-35.38,225.98,40,2.5,3.8,-1.02,15.78,34.36,-210.2,-2.89,13.96,19,16,-19.64,-36.04,15.74,22.5,-203.48,-23.32,15,0,5.05,,-6.07,2,0.059,0.115,25.0,"[40,2.5]","[10,1.5]",False
53,CHANNEL,SNDK,2004-01-02,2016-05-11,2769,342,57.37,-22.17,10,1.0,3.8,185.55,2.56,128.17,24.73,155.01,1.75,114,8,57.92,23.79,0.55,-0.8,21.37,50.99,8,16,85.11,1.85,100.44,2,0.203,0.106,62.5,"[10,1.0]","[30,1.0]",False
54,MACROSS,MSFT,2004-01-02,2024-12-31,2769,2516,69.34,801.41,20,1.5,3.8,41.3,12.39,-28.04,-789.02,39.94,11.51,10,8,24.66,-10.73,-44.68,15.27,-786.14,23.38,0,0,16.85,1.69,24.44,4,0.474,0.179,43.8,"[20,1.5]","[30,2.0]",False
55,MACROSS,INTC,2004-01-02,2024-12-31,2769,2516,12.84,-44.86,10,1.0,3.8,32.54,-14.84,19.7,30.02,30.73,-16.21,14,16,-2.54,-11.73,-15.39,-2.3,42.56,-3.9,1,16,34.79,,-2.25,2,-0.088,-0.166,12.5,"[10,1.0]","[30,2.0]",False
56,MACROSS,SIRI,2004-01-02,2024-12-31,2768,2516,-8.38,-34.39,40,2.0,3.8,18.68,-8.46,27.06,25.93,17.99,-9.29,6,9,-4.73,-8.46,3.65,-7.14,27.25,-5.4,14,16,1.74,1.1,16.94,3,-0.435,-0.172,31.2,"[40,2.0]","[20,2.5]",False
57,MACROSS,CSCO,2004-01-02,2024-12-31,2769,2516,14.7,114.42,30,2.0,3.8,41.96,20.82,27.26,-93.6,40.87,19.88,8,8,15.5,0.51,0.8,20.71,-93.71,14.42,8,0,14.44,1.52,27.51,4,0.359,0.44,50.0,"[30,2.0]","[40,2.0]",False
58,MACROSS,C,2004-01-02,2024-12-31,2769,2516,-88.96,29.73,20,1.0,3.8,22.71,-3.9,111.66,-33.63,21.14,-4.96,13,11,-2.86,-16.73,86.1,2.4,-27.33,-4.12,16,0,24.95,,-2.24,3,-0.679,-0.321,0.0,"[20,1.0]","[40,1.0]",False
59,MACROSS,BAC,2004-01-02,2024-12-31,2769,2516,-54.76,145.53,10,1.5,3.8,14.1,17.17,68.86,-128.36,12.75,15.44,12,15,2.62,-9.12,57.38,3.71,-141.82,1.8,16,0,11.59,5.61,2.51,3,0.285,0.016,87.5,"[10,1.5]","[10,2.0]",False
60,MACROSS,ABC,2004-01-02,2023-08-29,2769,2179,66.96,98.96,40,2.5,3.8,18.75,-4.71,-48.21,-103.67,17.94,-5.38,7,7,-7.55,-30.34,-74.51,-4.69,-103.66,-8.39,0,0,19.87,,-1.11,2,-0.268,0.093,43.8,"[40,2.5]","[10,1.5]",False
61,MACROSS,PFE,2004-01-02,2024-12-31,2769,2516,-12.38,-15.32,30,1.0,3.8,12.61,-9.35,24.98,5.97,11.72,-10.45,8,12,2.56,-14.07,14.94,-7.56,7.76,1.75,15,14,10.05,4.92,2.56,3,0.326,-0.248,43.8,"[30,1.0]","[40,2.5]",False
62,MACROSS,AMAT,2004-01-02,2024-12-31,2769,2516,12.76,551.56,40,2.0,3.8,27.77,8.97,15.01,-542.59,26.4,8.43,11,5,7.11,-9.33,-5.65,8.97,-542.59,5.51,6,0,10.47,1.61,17.3,3,0.424,0.194,43.8,"[40,2.0]","[40,1.0]",False
63,MACROSS,EBAY,2004-01-02,2024-12-31,2769,2516,78.16,161.86,20,1.5,3.8,20.45,17.29,-57.71,-144.57,18.91,16.49,13,7,-0.61,-9.72,-78.77,5.45,-156.41,-1.75,0,0,23.95,,-3.5,4,0.174,-0.074,93.8,"[20,1.5]","[20,1.5]",True
64,MACROSS,GE,2004-01-02,2024-12-31,2769,2516,-18.8,33.54,30,2.0,3.8,24.33,-4.71,43.12,-38.25,23.36,-5.38,8,7,14.57,-4.72,33.37,-4.7,-38.24,13.21,16,0,10.49,1.76,13.84,4,0.279,-0.069,43.8,"[30,2.0]","[20,1.5]",False
65,MACROSS,MRK,2004-01-02,2024-12-31,2769,2516,20.7,73.95,10,2.5,3.8,30.37,-2.38,9.67,-76.32,29.11,-3.83,10,15,2.71,-9.89,-17.99,7.54,-66.41,1.69,2,0,12.48,1.7,17.89,2,-0.021,-0.001,6.2,"[10,2.5]","[30,1.5]",False
66,MACROSS,XOM,2004-01-02,2024-12-31,2769,2516,127.54,15.88,30,2.0,3.8,14.91,-8.46,-112.64,-24.34,14.12,-9.29,7,9,7.0,-5.68,-120.54,-5.22,-21.1,6.16,0,1,3.85,1.35,11.06,4,-0.256,-0.101,18.8,"[30,2.0]","[20,1.0]",False
67,MACROSS,IBM,2004-01-02,2024-12-31,2769,2516,75.25,41.89,10,1.0,3.8,33.36,-7.33,-41.89,-49.21,30.75,-9.44,20,23,5.36,-12.24,-69.89,2.12,-39.77,4.15,0,1,30.87,13.37,2.5,2,0.059,-0.142,12.5,"[10,1.0]","[20,1.0]",False
68,MACROSS,WMT,2004-01-02,2024-12-31,2769,2516,64.21,215.54,40,1.0,3.8,22.42,1.87,-41.78,-213.67,20.86,1.06,13,8,-8.83,-21.01,-73.04,11.77,-203.77,-10.29,0,0,30.96,,-8.54,2,-0.182,-0.278,12.5,"[40,1.0]","[10,2.0]",False
69,MACROSS,DELL,2004-01-02,2024-12-31,2474,1512,-59.58,400.48,40,1.0,3.8,16.37,3.4,75.95,-397.09,15.11,3.09,11,3,-8.51,-21.53,51.07,11.6,-388.88,-9.69,16,0,14.13,7.3,2.24,2,-0.224,-0.129,31.2,"[40,1.0]","[20,2.0]",False
70,MACROSS,KLAC,2004-01-02,2024-12-31,2769,2516,24.59,796.46,10,1.0,3.8,8.25,-13.54,-16.34,-810.0,6.54,-14.5,16,11,-4.1,-17.19,-28.7,8.24,-788.22,-5.16,0,0,13.85,,-5.6,2,0.144,0.243,0.0,"[10,1.0]","[20,1.0]",False
71,MACROSS,SINA,2004-01-02,2021-03-22,2769,1565,-1.29,14.41,30,2.5,3.8,-1.17,13.46,0.12,-0.95,-2.16,13.14,10,3,-12.32,-23.16,-11.02,3.34,-11.08,-13.33,1,1,0.44,,-1.61,3,0.682,-0.038,81.2,"[30,2.5]","[10,2.5]",False
72,MACROSS,YHOO,2004-01-02,2017-06-16,2769,619,122.76,4.8,30,1.0,3.8,26.12,-2.0,-96.63,-6.8,24.64,-2.1,12,1,-2.73,-22.55,-125.49,7.6,2.8,-4.38,0,12,22.22,6.69,3.91,3,-0.332,-0.139,0.0,"[30,1.0]","[10,1.5]",False
73,MACROSS,AMGN,2004-01-02,2024-12-31,2769,2516,155.48,63.01,20,1.0,3.8,36.36,35.68,-119.12,-27.33,34.77,33.43,12,17,-2.63,-18.29,-158.11,-5.76,-68.77,-3.75,0,0,32.59,9.65,3.77,3,0.197,0.245,93.8,"[20,1.0]","[20,1.0]",True
74,MACROSS,QCOM,2004-01-02,2024-12-31,2769,2516,38.62,106.81,20,1.0,3.8,38.2,15.81,-0.43,-91.0,36.45,14.56,13,11,21.54,-23.44,-17.09,5.97,-100.84,20.46,0,0,20.47,2.16,17.72,3,-0.282,-0.344,87.5,"[20,1.0]","[30,1.0]",False
75,MACROSS,CAH,2004-01-02,2024-12-31,2769,2516,35.27,46.9,40,1.5,3.8,16.65,-15.86,-18.62,-62.76,15.85,-16.8,7,11,-5.85,-30.32,-41.12,-12.93,-59.84,-6.83,0,0,11.99,3.58,4.65,3,-0.124,-0.161,31.2,"[40,1.5]","[20,1.5]",False
76,MACROSS,JPM,2004-01-02,2024-12-31,2769,2516,70.89,283.6,10,1.0,3.8,38.84,24.57,-32.05,-259.02,36.81,23.11,15,12,6.36,-1.5,-64.53,-0.99,-284.59,5.47,0,0,27.87,3.54,10.96,2,-0.124,0.119,87.5,"[10,1.0]","[10,2.5]",False
77,MACROSS,JNJ,2004-01-02,2024-12-31,2769,2516,102.42,38.37,10,2.0,3.8,31.75,17.44,-70.67,-20.93,30.6,16.75,9,6,0.44,-12.61,-101.98,-8.25,-46.61,-0.46,0,0,22.66,3.49,9.09,3,0.374,0.286,93.8,"[10,2.0]","[10,2.0]",True
78,MACROSS,MO,2004-01-02,2024-12-31,2769,2516,-9.84,6.78,30,1.0,3.8,56.05,-11.98,65.89,-18.76,55.03,-12.87,7,10,25.61,-5.97,35.45,-6.06,-12.84,24.57,16,1,49.82,8.99,6.23,3,-0.032,-0.18,6.2,"[30,1.0]","[40,1.5]",False
79,MACROSS,AIG,2004-01-02,2024-12-31,2769,2516,-93.57,29.75,20,2.0,3.8,26.16,24.81,119.73,-4.93,25.31,23.47,7,11,14.37,-4.68,107.94,10.36,-19.39,13.59,16,0,6.93,1.36,19.24,4,0.309,0.23,93.8,"[20,2.0]","[20,2.0]",True
80,MACROSS,BMY,2004-01-02,2024-12-31,2769,2516,101.12,-4.96,40,2.5,3.8,23.39,6.28,-77.73,11.24,22.31,5.23,9,10,11.76,-10.31,-89.37,6.97,11.93,10.33,0,13,11.33,1.94,12.06,2,-0.309,-0.104,43.8,"[40,2.5]","[10,1.0]",False
81,MACROSS,GS,2004-01-02,2024-12-31,2769,2516,99.56,194.54,20,1.0,3.8,30.37,-0.54,-69.18,-195.09,29.11,-1.53,10,10,10.89,8.15,-88.67,-6.59,-201.13,9.9,0,0,12.36,1.69,18.02,3,0.121,0.293,56.2,"[20,1.0]","[10,1.0]",False
82,MACROSS,TWX,2004-01-02,2018-06-14,2769,869,56.28,16.3,20,1.0,3.8,50.37,-2.0,-5.91,-18.3,48.48,-2.1,13,1,23.45,5.56,-32.82,-2.0,-18.3,22.31,0,0,20.6,1.69,29.77,3,-0.179,-0.155,87.5,"[20,1.0]","[20,1.0]",True
83,MACROSS,PG,2004-01-02,2024-12-31,2769,2516,84.04,85.37,30,1.5,3.8,30.24,-16.72,-53.8,-102.09,28.33,-17.81,15,13,16.11,-18.32,-67.93,3.85,-81.52,14.47,0,0,12.25,1.68,17.99,4,-0.829,-0.588,0.0,"[30,1.5]","[10,1.0]",False
84,MACROSS,ORCL,2004-01-02,2024-12-31,2769,2516,242.24,275.91,40,1.5,3.8,33.06,18.03,-209.18,-257.87,31.77,17.23,10,7,13.76,-4.07,-228.48,18.05,-257.86,12.02,0,0,14.3,1.76,18.76,3,0.159,0.105,43.8,"[40,1.5]","[40,2.5]",False
85,MACROSS,LLY,2004-01-02,2024-12-31,2769,2516,-3.16,1001.91,40,1.0,3.8,10.51,6.79,13.67,-995.12,9.53,6.16,9,6,-8.0,-22.2,-4.85,36.17,-965.74,-9.16,3,0,9.63,11.87,0.89,2,-0.018,-0.464,0.0,"[40,1.0]","[30,1.5]",False
86,MACROSS,JNPR,2004-01-02,2024-12-31,2769,2516,13.41,66.82,30,1.0,3.8,65.75,-10.29,52.34,-77.1,64.51,-11.19,8,10,19.42,9.11,6.01,-7.24,-74.06,18.46,14,0,35.55,2.18,30.2,3,-0.491,-0.458,37.5,"[30,1.0]","[20,1.0]",False
87,MACROSS,VZ,2004-01-02,2024-12-31,2769,2516,32.71,-14.84,40,1.5,3.8,22.64,-9.07,-10.07,5.77,21.56,-9.81,9,8,8.39,-10.29,-24.32,-10.08,4.76,7.1,0,13,12.28,2.19,10.36,3,-0.074,-0.266,56.2,"[40,1.5]","[40,2.5]",False
88,MACROSS,SUNW,2004-01-02,2024-02-14,918,2003,7.05,-99.66,30,1.5,3.8,22.09,13.86,15.03,113.52,21.62,13.42,4,4,5.01,-7.76,-2.04,3.81,103.47,4.54,8,16,21.02,20.76,1.06,4,-0.35,-0.016,93.8,"[30,1.5]","[30,1.5]",True
89,MACROSS,GM,2004-01-02,2024-12-31,2398,2516,-34.92,52.9,30,1.0,3.8,5.32,1.9,40.24,-51.0,4.49,0.58,8,13,-1.46,-15.91,33.45,-14.12,-67.02,-2.45,16,0,16.72,,-11.39,3,-0.009,0.13,93.8,"[30,1.0]","[30,1.0]",True
90,MACROSS,HD,2004-01-02,2024-12-31,2769,2516,199.74,276.09,30,2.5,3.8,13.71,26.16,-186.03,-249.93,12.82,25.31,8,7,-5.71,-14.57,-205.46,11.49,-264.6,-6.85,0,0,19.2,,-5.49,3,-0.335,0.168,75.0,"[30,2.5]","[10,1.0]",False
91,MACROSS,WFC,2004-01-02,2024-12-31,2769,2516,88.48,28.41,30,1.0,3.8,21.46,16.64,-67.03,-11.76,20.39,15.15,9,13,5.67,-2.74,-82.81,16.29,-12.12,4.99,0,1,11.1,2.07,10.36,3,0.262,0.123,56.2,"[30,1.0]","[40,1.0]",False
92,MACROSS,HPQ,2004-01-02,2024-12-31,2769,2516,73.27,-18.91,30,2.5,3.8,17.75,11.87,-55.52,30.79,17.07,10.99,6,8,12.33,-8.29,-60.95,12.88,31.79,11.44,0,16,0.83,1.05,16.92,3,0.359,-0.022,31.2,"[30,2.5]","[30,1.5]",False
93,MACROSS,LLTC,2004-01-02,2017-03-10,2769,551,9.27,41.32,20,2.0,3.8,-0.04,5.45,-9.32,-35.87,-1.43,5.24,14,2,-9.15,-29.4,-18.42,5.45,-35.87,-10.42,0,0,9.12,,-9.16,4,0.471,0.134,50.0,"[20,2.0]","[40,1.5]",False
94,MACROSS,MMM,2004-01-02,2024-12-31,2769,2516,97.1,-5.89,20,1.5,3.8,28.88,9.03,-68.22,14.92,27.5,8.06,11,9,0.86,-9.2,-96.24,7.14,13.03,0.06,0,12,14.96,2.07,13.92,4,0.606,0.253,50.0,"[20,1.5]","[20,2.0]",False
95,MACROSS,LEN,2004-01-02,2024-12-31,2769,2516,-4.45,213.14,20,1.5,3.8,18.74,36.22,23.19,-176.91,17.58,35.18,10,8,4.65,-9.96,9.1,23.79,-189.35,3.93,12,0,13.39,3.5,5.35,4,0.15,0.335,75.0,"[20,1.5]","[40,1.5]",False
96,MACROSS,CVX,2004-01-02,2024-12-31,2769,2516,161.22,28.66,40,1.0,3.8,25.21,10.36,-136.01,-18.3,23.74,9.38,12,9,10.39,-9.16,-150.83,2.52,-26.14,8.7,0,0,18.07,3.53,7.15,2,-0.162,0.106,68.8,"[40,1.0]","[10,1.0]",False
97,MACROSS,TXN,2004-01-02,2024-12-31,2769,2516,82.41,250.62,10,1.5,3.8,26.24,-12.08,-56.17,-262.7,24.27,-13.06,16,11,12.39,1.72,-70.02,9.32,-241.3,11.51,0,0,21.09,5.09,5.16,3,0.094,-0.093,12.5,"[10,1.5]","[40,1.5]",False
98,MACROSS,UPS,2004-01-02,2024-12-31,2769,2516,50.94,14.24,20,1.0,3.8,37.14,-11.63,-13.8,-25.88,35.54,-12.7,12,12,6.52,-6.64,-44.42,-7.61,-21.85,5.63,0,0,31.16,6.21,5.99,3,0.018,-0.419,25.0,"[20,1.0]","[20,2.5]",False
99,MACROSS,AA,2004-01-02,2024-12-31,2769,2516,-57.95,-1.0,30,2.5,3.8,36.69,1.57,94.64,2.57,35.51,1.17,9,4,14.51,-6.4,72.46,5.72,6.72,12.87,16,15,12.73,1.53,23.96,3,-0.294,-0.001,31.2,"[30,2.5]","[10,1.5]",False
100,MACROSS,BBY,2004-01-02,2024-12-31,2769,2516,15.05,121.19,20,1.0,3.8,23.68,-0.98,8.62,-122.18,22.59,-2.46,9,15,1.55,-11.68,-13.5,-1.82,-123.02,0.5,3,0,19.22,5.31,4.46,3,0.024,0.181,56.2,"[20,1.0]","[10,1.5]",False
101,MACROSS,TYC,2004-01-02,2016-09-02,2769,422,62.44,4.54,10,2.0,3.8,12.87,1.23,-49.57,-3.31,11.65,1.03,11,2,-3.09,-22.24,-65.53,-2.0,-6.54,-4.05,0,2,18.4,,-5.53,3,0.694,0.541,75.0,"[10,2.0]","[40,2.5]",False
102,MACROSS,CMCSA,2004-01-02,2024-12-31,2769,2516,164.0,30.88,30,1.5,3.8,30.05,-5.05,-133.95,-35.93,29.31,-5.71,6,7,18.0,6.78,-146.0,1.71,-29.17,17.07,0,0,7.06,1.31,22.99,4,-0.147,-0.199,37.5,"[30,1.5]","[10,1.0]",False
103,MACROSS,VRTS,2004-01-02,2024-12-31,1822,2516,368.25,32.77,10,1.0,3.8,10.36,26.3,-357.9,-6.47,9.38,24.32,9,16,-2.98,-25.67,-371.23,5.97,-26.8,-3.57,0,0,15.98,,-5.62,2,0.518,0.073,93.8,"[10,1.0]","[10,1.0]",True
104,MACROSS,KO,2004-01-02,2024-12-31,2769,2516,67.71,47.75,40,2.0,3.8,21.13,2.59,-46.58,-45.16,20.07,1.77,9,8,0.51,-10.49,-67.2,2.31,-45.44,-0.39,0,0,20.62,41.47,0.51,3,0.432,0.412,56.2,"[40,2.0]","[10,2.0]",False
105,MACROSS,MXIM,2004-01-02,2021-08-25,2512,1674,-35.38,225.98,40,1.5,3.8,12.61,-0.8,47.99,-226.78,11.72,-1.39,8,6,-0.18,-7.9,35.2,1.62,-224.36,-1.32,16,0,13.87,,-1.26,3,0.215,-0.116,43.8,"[40,1.5]","[10,1.0]",False
106,MACROSS,SNDK,2004-01-02,2016-05-11,2769,342,57.37,-22.17,20,1.5,3.8,18.09,-2.0,-39.28,20.17,16.93,-2.1,10,1,7.37,-15.21,-50.0,-2.0,20.17,6.3,0,16,10.17,2.28,7.93,4,-0.156,0.003,0.0,"[20,1.5]","[20,1.0]",False
