family,ticker,signal_days,stop_ATR,target_R,fitting_return_pct_before_costs
CHANNEL,MSFT,10,1.0,3.8,-20.56
CHANNEL,MSFT,10,1.5,3.8,41.13
CHANNEL,MSFT,10,2.0,3.8,23.82
CHANNEL,MSFT,10,2.5,3.8,33.34
CHANNEL,MSFT,20,1.0,3.8,6.17
CHANNEL,MSFT,20,1.5,3.8,59.45
CHANNEL,MSFT,20,2.0,3.8,22.06
CHANNEL,MSFT,20,2.5,3.8,17.05
CHANNEL,MSFT,30,1.0,3.8,23.02
CHANNEL,MSFT,30,1.5,3.8,46.79
CHANNEL,MSFT,30,2.0,3.8,28.12
CHANNEL,MSFT,30,2.5,3.8,18.58
CHANNEL,MSFT,40,1.0,3.8,-4.49
CHANNEL,MSFT,40,1.5,3.8,50.85
CHANNEL,MSFT,40,2.0,3.8,40.77
CHANNEL,MSFT,40,2.5,3.8,21.25
CHANNEL,INTC,10,1.0,3.8,123.91
CHANNEL,INTC,10,1.5,3.8,48.22
CHANNEL,INTC,10,2.0,3.8,26.98
CHANNEL,INTC,10,2.5,3.8,31.95
CHANNEL,INTC,20,1.0,3.8,87.61
CHANNEL,INTC,20,1.5,3.8,41.81
CHANNEL,INTC,20,2.0,3.8,23.67
CHANNEL,INTC,20,2.5,3.8,23.96
CHANNEL,INTC,30,1.0,3.8,36.4
CHANNEL,INTC,30,1.5,3.8,18.2
CHANNEL,INTC,30,2.0,3.8,9.55
CHANNEL,INTC,30,2.5,3.8,15.49
CHANNEL,INTC,40,1.0,3.8,22.92
CHANNEL,INTC,40,1.5,3.8,21.26
CHANNEL,INTC,40,2.0,3.8,12.85
CHANNEL,INTC,40,2.5,3.8,26.91
CHANNEL,SIRI,10,1.0,3.8,114.63
CHANNEL,SIRI,10,1.5,3.8,31.05
CHANNEL,SIRI,10,2.0,3.8,9.63
CHANNEL,SIRI,10,2.5,3.8,41.32
CHANNEL,SIRI,20,1.0,3.8,56.48
CHANNEL,SIRI,20,1.5,3.8,32.39
CHANNEL,SIRI,20,2.0,3.8,16.08
CHANNEL,SIRI,20,2.5,3.8,17.15
CHANNEL,SIRI,30,1.0,3.8,53.04
CHANNEL,SIRI,30,1.5,3.8,36.62
CHANNEL,SIRI,30,2.0,3.8,29.34
CHANNEL,SIRI,30,2.5,3.8,24.7
CHANNEL,SIRI,40,1.0,3.8,25.77
CHANNEL,SIRI,40,1.5,3.8,14.35
CHANNEL,SIRI,40,2.0,3.8,11.93
CHANNEL,SIRI,40,2.5,3.8,11.28
CHANNEL,CSCO,10,1.0,3.8,-5.82
CHANNEL,CSCO,10,1.5,3.8,-2.82
CHANNEL,CSCO,10,2.0,3.8,-3.73
CHANNEL,CSCO,10,2.5,3.8,15.01
CHANNEL,CSCO,20,1.0,3.8,-6.62
CHANNEL,CSCO,20,1.5,3.8,-5.3
CHANNEL,CSCO,20,2.0,3.8,-13.48
CHANNEL,CSCO,20,2.5,3.8,-7.16
CHANNEL,CSCO,30,1.0,3.8,-18.58
CHANNEL,CSCO,30,1.5,3.8,-27.75
CHANNEL,CSCO,30,2.0,3.8,-6.64
CHANNEL,CSCO,30,2.5,3.8,-13.79
CHANNEL,CSCO,40,1.0,3.8,14.59
CHANNEL,CSCO,40,1.5,3.8,-11.56
CHANNEL,CSCO,40,2.0,3.8,9.39
CHANNEL,CSCO,40,2.5,3.8,3.92
CHANNEL,C,10,1.0,3.8,-58.55
CHANNEL,C,10,1.5,3.8,-4.4
CHANNEL,C,10,2.0,3.8,-16.58
CHANNEL,C,10,2.5,3.8,-16.2
CHANNEL,C,20,1.0,3.8,-42.25
CHANNEL,C,20,1.5,3.8,-6.79
CHANNEL,C,20,2.0,3.8,2.12
CHANNEL,C,20,2.5,3.8,4.97
CHANNEL,C,30,1.0,3.8,-45.34
CHANNEL,C,30,1.5,3.8,-5.8
CHANNEL,C,30,2.0,3.8,-17.42
CHANNEL,C,30,2.5,3.8,-1.14
CHANNEL,C,40,1.0,3.8,-47.91
CHANNEL,C,40,1.5,3.8,-31.83
CHANNEL,C,40,2.0,3.8,-27.13
CHANNEL,C,40,2.5,3.8,5.73
CHANNEL,BAC,10,1.0,3.8,65.88
CHANNEL,BAC,10,1.5,3.8,17.38
CHANNEL,BAC,10,2.0,3.8,-0.1
CHANNEL,BAC,10,2.5,3.8,1.88
CHANNEL,BAC,20,1.0,3.8,31.83
CHANNEL,BAC,20,1.5,3.8,31.72
CHANNEL,BAC,20,2.0,3.8,-8.2
CHANNEL,BAC,20,2.5,3.8,23.73
CHANNEL,BAC,30,1.0,3.8,10.79
CHANNEL,BAC,30,1.5,3.8,13.79
CHANNEL,BAC,30,2.0,3.8,-9.24
CHANNEL,BAC,30,2.5,3.8,13.44
CHANNEL,BAC,40,1.0,3.8,13.8
CHANNEL,BAC,40,1.5,3.8,15.95
CHANNEL,BAC,40,2.0,3.8,6.33
CHANNEL,BAC,40,2.5,3.8,18.62
CHANNEL,ABC,10,1.0,3.8,123.42
CHANNEL,ABC,10,1.5,3.8,-35.32
CHANNEL,ABC,10,2.0,3.8,130.7
CHANNEL,ABC,10,2.5,3.8,21.34
CHANNEL,ABC,20,1.0,3.8,92.85
CHANNEL,ABC,20,1.5,3.8,-17.2
CHANNEL,ABC,20,2.0,3.8,68.54
CHANNEL,ABC,20,2.5,3.8,13.29
CHANNEL,ABC,30,1.0,3.8,73.97
CHANNEL,ABC,30,1.5,3.8,-28.45
CHANNEL,ABC,30,2.0,3.8,61.9
CHANNEL,ABC,30,2.5,3.8,1.65
CHANNEL,ABC,40,1.0,3.8,31.8
CHANNEL,ABC,40,1.5,3.8,-19.55
CHANNEL,ABC,40,2.0,3.8,85.75
CHANNEL,ABC,40,2.5,3.8,1.26
CHANNEL,PFE,10,1.0,3.8,-31.79
CHANNEL,PFE,10,1.5,3.8,-17.53
CHANNEL,PFE,10,2.0,3.8,-8.22
CHANNEL,PFE,10,2.5,3.8,-6.78
CHANNEL,PFE,20,1.0,3.8,6.36
CHANNEL,PFE,20,1.5,3.8,7.03
CHANNEL,PFE,20,2.0,3.8,9.44
CHANNEL,PFE,20,2.5,3.8,-3.32
CHANNEL,PFE,30,1.0,3.8,28.13
CHANNEL,PFE,30,1.5,3.8,23.89
CHANNEL,PFE,30,2.0,3.8,29.8
CHANNEL,PFE,30,2.5,3.8,16.54
CHANNEL,PFE,40,1.0,3.8,8.23
CHANNEL,PFE,40,1.5,3.8,11.59
CHANNEL,PFE,40,2.0,3.8,22.11
CHANNEL,PFE,40,2.5,3.8,8.56
CHANNEL,AMAT,10,1.0,3.8,52.57
CHANNEL,AMAT,10,1.5,3.8,14.14
CHANNEL,AMAT,10,2.0,3.8,1.45
CHANNEL,AMAT,10,2.5,3.8,-8.87
CHANNEL,AMAT,20,1.0,3.8,5.98
CHANNEL,AMAT,20,1.5,3.8,12.56
CHANNEL,AMAT,20,2.0,3.8,17.29
CHANNEL,AMAT,20,2.5,3.8,-6.56
CHANNEL,AMAT,30,1.0,3.8,11.81
CHANNEL,AMAT,30,1.5,3.8,28.44
CHANNEL,AMAT,30,2.0,3.8,7.4
CHANNEL,AMAT,30,2.5,3.8,5.01
CHANNEL,AMAT,40,1.0,3.8,17.22
CHANNEL,AMAT,40,1.5,3.8,-6.05
CHANNEL,AMAT,40,2.0,3.8,6.05
CHANNEL,AMAT,40,2.5,3.8,19.73
CHANNEL,EBAY,10,1.0,3.8,35.98
CHANNEL,EBAY,10,1.5,3.8,52.5
CHANNEL,EBAY,10,2.0,3.8,3.93
CHANNEL,EBAY,10,2.5,3.8,36.89
CHANNEL,EBAY,20,1.0,3.8,20.87
CHANNEL,EBAY,20,1.5,3.8,-2.05
CHANNEL,EBAY,20,2.0,3.8,29.63
CHANNEL,EBAY,20,2.5,3.8,43.53
CHANNEL,EBAY,30,1.0,3.8,28.02
CHANNEL,EBAY,30,1.5,3.8,-9.27
CHANNEL,EBAY,30,2.0,3.8,13.08
CHANNEL,EBAY,30,2.5,3.8,41.97
CHANNEL,EBAY,40,1.0,3.8,23.88
CHANNEL,EBAY,40,1.5,3.8,0.79
CHANNEL,EBAY,40,2.0,3.8,23.69
CHANNEL,EBAY,40,2.5,3.8,37.77
CHANNEL,GE,10,1.0,3.8,-6.3
CHANNEL,GE,10,1.5,3.8,-2.95
CHANNEL,GE,10,2.0,3.8,-4.06
CHANNEL,GE,10,2.5,3.8,-6.75
CHANNEL,GE,20,1.0,3.8,15.43
CHANNEL,GE,20,1.5,3.8,14.35
CHANNEL,GE,20,2.0,3.8,7.26
CHANNEL,GE,20,2.5,3.8,12.48
CHANNEL,GE,30,1.0,3.8,13.16
CHANNEL,GE,30,1.5,3.8,-16.3
CHANNEL,GE,30,2.0,3.8,1.89
CHANNEL,GE,30,2.5,3.8,13.91
CHANNEL,GE,40,1.0,3.8,-12.22
CHANNEL,GE,40,1.5,3.8,-18.86
CHANNEL,GE,40,2.0,3.8,-15.45
CHANNEL,GE,40,2.5,3.8,9.02
CHANNEL,MRK,10,1.0,3.8,-7.74
CHANNEL,MRK,10,1.5,3.8,2.9
CHANNEL,MRK,10,2.0,3.8,23.43
CHANNEL,MRK,10,2.5,3.8,22.56
CHANNEL,MRK,20,1.0,3.8,-14.39
CHANNEL,MRK,20,1.5,3.8,28.9
CHANNEL,MRK,20,2.0,3.8,48.53
CHANNEL,MRK,20,2.5,3.8,54.39
CHANNEL,MRK,30,1.0,3.8,-17.78
CHANNEL,MRK,30,1.5,3.8,20.85
CHANNEL,MRK,30,2.0,3.8,29.14
CHANNEL,MRK,30,2.5,3.8,55.87
CHANNEL,MRK,40,1.0,3.8,-19.43
CHANNEL,MRK,40,1.5,3.8,23.19
CHANNEL,MRK,40,2.0,3.8,24.27
CHANNEL,MRK,40,2.5,3.8,65.32
CHANNEL,XOM,10,1.0,3.8,70.61
CHANNEL,XOM,10,1.5,3.8,46.89
CHANNEL,XOM,10,2.0,3.8,18.48
CHANNEL,XOM,10,2.5,3.8,53.52
CHANNEL,XOM,20,1.0,3.8,23.86
CHANNEL,XOM,20,1.5,3.8,10.2
CHANNEL,XOM,20,2.0,3.8,-0.06
CHANNEL,XOM,20,2.5,3.8,1.5
CHANNEL,XOM,30,1.0,3.8,18.83
CHANNEL,XOM,30,1.5,3.8,23.62
CHANNEL,XOM,30,2.0,3.8,15.62
CHANNEL,XOM,30,2.5,3.8,5.95
CHANNEL,XOM,40,1.0,3.8,18.66
CHANNEL,XOM,40,1.5,3.8,22.05
CHANNEL,XOM,40,2.0,3.8,17.32
CHANNEL,XOM,40,2.5,3.8,4.72
CHANNEL,IBM,10,1.0,3.8,69.98
CHANNEL,IBM,10,1.5,3.8,-7.29
CHANNEL,IBM,10,2.0,3.8,-0.13
CHANNEL,IBM,10,2.5,3.8,9.83
CHANNEL,IBM,20,1.0,3.8,4.18
CHANNEL,IBM,20,1.5,3.8,5.18
CHANNEL,IBM,20,2.0,3.8,41.29
CHANNEL,IBM,20,2.5,3.8,27.04
CHANNEL,IBM,30,1.0,3.8,47.25
CHANNEL,IBM,30,1.5,3.8,44.43
CHANNEL,IBM,30,2.0,3.8,35.75
CHANNEL,IBM,30,2.5,3.8,41.82
CHANNEL,IBM,40,1.0,3.8,48.25
CHANNEL,IBM,40,1.5,3.8,14.34
CHANNEL,IBM,40,2.0,3.8,31.56
CHANNEL,IBM,40,2.5,3.8,44.2
CHANNEL,WMT,10,1.0,3.8,-34.51
CHANNEL,WMT,10,1.5,3.8,-40.84
CHANNEL,WMT,10,2.0,3.8,-20.51
CHANNEL,WMT,10,2.5,3.8,-11.08
CHANNEL,WMT,20,1.0,3.8,-48.61
CHANNEL,WMT,20,1.5,3.8,-37.21
CHANNEL,WMT,20,2.0,3.8,-22.38
CHANNEL,WMT,20,2.5,3.8,-9.96
CHANNEL,WMT,30,1.0,3.8,-40.07
CHANNEL,WMT,30,1.5,3.8,-32.39
CHANNEL,WMT,30,2.0,3.8,-16.95
CHANNEL,WMT,30,2.5,3.8,-16.41
CHANNEL,WMT,40,1.0,3.8,-31.77
CHANNEL,WMT,40,1.5,3.8,-21.11
CHANNEL,WMT,40,2.0,3.8,-11.49
CHANNEL,WMT,40,2.5,3.8,-3.41
CHANNEL,DELL,10,1.0,3.8,-37.67
CHANNEL,DELL,10,1.5,3.8,-14.93
CHANNEL,DELL,10,2.0,3.8,-3.14
CHANNEL,DELL,10,2.5,3.8,-6.94
CHANNEL,DELL,20,1.0,3.8,-28.64
CHANNEL,DELL,20,1.5,3.8,-18.39
CHANNEL,DELL,20,2.0,3.8,-18.11
CHANNEL,DELL,20,2.5,3.8,-4.7
CHANNEL,DELL,30,1.0,3.8,-10.8
CHANNEL,DELL,30,1.5,3.8,6.64
CHANNEL,DELL,30,2.0,3.8,-1.99
CHANNEL,DELL,30,2.5,3.8,-6.37
CHANNEL,DELL,40,1.0,3.8,-4.85
CHANNEL,DELL,40,1.5,3.8,-2.76
CHANNEL,DELL,40,2.0,3.8,-16.58
CHANNEL,DELL,40,2.5,3.8,-13.05
CHANNEL,KLAC,10,1.0,3.8,25.9
CHANNEL,KLAC,10,1.5,3.8,-12.57
CHANNEL,KLAC,10,2.0,3.8,2.6
CHANNEL,KLAC,10,2.5,3.8,-0.24
CHANNEL,KLAC,20,1.0,3.8,2.82
CHANNEL,KLAC,20,1.5,3.8,2.88
CHANNEL,KLAC,20,2.0,3.8,2.7
CHANNEL,KLAC,20,2.5,3.8,28.07
CHANNEL,KLAC,30,1.0,3.8,-21.91
CHANNEL,KLAC,30,1.5,3.8,-11.8
CHANNEL,KLAC,30,2.0,3.8,15.18
CHANNEL,KLAC,30,2.5,3.8,3.76
CHANNEL,KLAC,40,1.0,3.8,-30.34
CHANNEL,KLAC,40,1.5,3.8,-12.77
CHANNEL,KLAC,40,2.0,3.8,4.57
CHANNEL,KLAC,40,2.5,3.8,-0.22
CHANNEL,SINA,10,1.0,3.8,0.05
CHANNEL,SINA,10,1.5,3.8,17.08
CHANNEL,SINA,10,2.0,3.8,19.87
CHANNEL,SINA,10,2.5,3.8,9.2
CHANNEL,SINA,20,1.0,3.8,53.19
CHANNEL,SINA,20,1.5,3.8,63.52
CHANNEL,SINA,20,2.0,3.8,61.59
CHANNEL,SINA,20,2.5,3.8,18.33
CHANNEL,SINA,30,1.0,3.8,60.01
CHANNEL,SINA,30,1.5,3.8,83.09
CHANNEL,SINA,30,2.0,3.8,76.83
CHANNEL,SINA,30,2.5,3.8,19.6
CHANNEL,SINA,40,1.0,3.8,54.43
CHANNEL,SINA,40,1.5,3.8,41.12
CHANNEL,SINA,40,2.0,3.8,41.97
CHANNEL,SINA,40,2.5,3.8,14.25
CHANNEL,YHOO,10,1.0,3.8,-39.13
CHANNEL,YHOO,10,1.5,3.8,37.32
CHANNEL,YHOO,10,2.0,3.8,19.4
CHANNEL,YHOO,10,2.5,3.8,12.15
CHANNEL,YHOO,20,1.0,3.8,1.91
CHANNEL,YHOO,20,1.5,3.8,54.23
CHANNEL,YHOO,20,2.0,3.8,53.88
CHANNEL,YHOO,20,2.5,3.8,20.01
CHANNEL,YHOO,30,1.0,3.8,12.58
CHANNEL,YHOO,30,1.5,3.8,75.68
CHANNEL,YHOO,30,2.0,3.8,53.25
CHANNEL,YHOO,30,2.5,3.8,41.41
CHANNEL,YHOO,40,1.0,3.8,35.91
CHANNEL,YHOO,40,1.5,3.8,48.86
CHANNEL,YHOO,40,2.0,3.8,50.87
CHANNEL,YHOO,40,2.5,3.8,33.51
CHANNEL,AMGN,10,1.0,3.8,99.41
CHANNEL,AMGN,10,1.5,3.8,48.44
CHANNEL,AMGN,10,2.0,3.8,16.36
CHANNEL,AMGN,10,2.5,3.8,13.73
CHANNEL,AMGN,20,1.0,3.8,-4.46
CHANNEL,AMGN,20,1.5,3.8,27.54
CHANNEL,AMGN,20,2.0,3.8,24.2
CHANNEL,AMGN,20,2.5,3.8,34.76
CHANNEL,AMGN,30,1.0,3.8,-12.61
CHANNEL,AMGN,30,1.5,3.8,7.36
CHANNEL,AMGN,30,2.0,3.8,35.6
CHANNEL,AMGN,30,2.5,3.8,26.91
CHANNEL,AMGN,40,1.0,3.8,-14.96
CHANNEL,AMGN,40,1.5,3.8,-6.63
CHANNEL,AMGN,40,2.0,3.8,31.72
CHANNEL,AMGN,40,2.5,3.8,33.45
CHANNEL,QCOM,10,1.0,3.8,9.58
CHANNEL,QCOM,10,1.5,3.8,-29.22
CHANNEL,QCOM,10,2.0,3.8,4.36
CHANNEL,QCOM,10,2.5,3.8,-10.36
CHANNEL,QCOM,20,1.0,3.8,-17.2
CHANNEL,QCOM,20,1.5,3.8,-8.99
CHANNEL,QCOM,20,2.0,3.8,-30.12
CHANNEL,QCOM,20,2.5,3.8,-23.7
CHANNEL,QCOM,30,1.0,3.8,-4.42
CHANNEL,QCOM,30,1.5,3.8,-18.5
CHANNEL,QCOM,30,2.0,3.8,-11.5
CHANNEL,QCOM,30,2.5,3.8,-18.84
CHANNEL,QCOM,40,1.0,3.8,-20.36
CHANNEL,QCOM,40,1.5,3.8,-38.46
CHANNEL,QCOM,40,2.0,3.8,-10.59
CHANNEL,QCOM,40,2.5,3.8,-19.88
CHANNEL,CAH,10,1.0,3.8,41.77
CHANNEL,CAH,10,1.5,3.8,1.46
CHANNEL,CAH,10,2.0,3.8,16.99
CHANNEL,CAH,10,2.5,3.8,2.08
CHANNEL,CAH,20,1.0,3.8,33.4
CHANNEL,CAH,20,1.5,3.8,8.54
CHANNEL,CAH,20,2.0,3.8,-7.44
CHANNEL,CAH,20,2.5,3.8,5.19
CHANNEL,CAH,30,1.0,3.8,47.14
CHANNEL,CAH,30,1.5,3.8,-0.51
CHANNEL,CAH,30,2.0,3.8,-0.88
CHANNEL,CAH,30,2.5,3.8,8.69
CHANNEL,CAH,40,1.0,3.8,25.16
CHANNEL,CAH,40,1.5,3.8,24.93
CHANNEL,CAH,40,2.0,3.8,2.15
CHANNEL,CAH,40,2.5,3.8,4.83
CHANNEL,JPM,10,1.0,3.8,-24.78
CHANNEL,JPM,10,1.5,3.8,-14.42
CHANNEL,JPM,10,2.0,3.8,-11.94
CHANNEL,JPM,10,2.5,3.8,-14.66
CHANNEL,JPM,20,1.0,3.8,-2.14
CHANNEL,JPM,20,1.5,3.8,-1.26
CHANNEL,JPM,20,2.0,3.8,-6.87
CHANNEL,JPM,20,2.5,3.8,-2.26
CHANNEL,JPM,30,1.0,3.8,9.92
CHANNEL,JPM,30,1.5,3.8,2.84
CHANNEL,JPM,30,2.0,3.8,-4.55
CHANNEL,JPM,30,2.5,3.8,-4.3
CHANNEL,JPM,40,1.0,3.8,5.26
CHANNEL,JPM,40,1.5,3.8,13.71
CHANNEL,JPM,40,2.0,3.8,0.22
CHANNEL,JPM,40,2.5,3.8,0.44
CHANNEL,JNJ,10,1.0,3.8,136.18
CHANNEL,JNJ,10,1.5,3.8,124.71
CHANNEL,JNJ,10,2.0,3.8,20.43
CHANNEL,JNJ,10,2.5,3.8,43.7
CHANNEL,JNJ,20,1.0,3.8,91.68
CHANNEL,JNJ,20,1.5,3.8,37.94
CHANNEL,JNJ,20,2.0,3.8,24.79
CHANNEL,JNJ,20,2.5,3.8,29.41
CHANNEL,JNJ,30,1.0,3.8,38.41
CHANNEL,JNJ,30,1.5,3.8,48.05
CHANNEL,JNJ,30,2.0,3.8,18.92
CHANNEL,JNJ,30,2.5,3.8,15.87
CHANNEL,JNJ,40,1.0,3.8,40.27
CHANNEL,JNJ,40,1.5,3.8,64.11
CHANNEL,JNJ,40,2.0,3.8,39.2
CHANNEL,JNJ,40,2.5,3.8,17.79
CHANNEL,MO,10,1.0,3.8,53.9
CHANNEL,MO,10,1.5,3.8,41.11
CHANNEL,MO,10,2.0,3.8,53.28
CHANNEL,MO,10,2.5,3.8,19.43
CHANNEL,MO,20,1.0,3.8,76.34
CHANNEL,MO,20,1.5,3.8,50.14
CHANNEL,MO,20,2.0,3.8,39.31
CHANNEL,MO,20,2.5,3.8,10.43
CHANNEL,MO,30,1.0,3.8,81.0
CHANNEL,MO,30,1.5,3.8,58.57
CHANNEL,MO,30,2.0,3.8,18.06
CHANNEL,MO,30,2.5,3.8,52.23
CHANNEL,MO,40,1.0,3.8,84.2
CHANNEL,MO,40,1.5,3.8,57.65
CHANNEL,MO,40,2.0,3.8,48.16
CHANNEL,MO,40,2.5,3.8,25.11
CHANNEL,AIG,10,1.0,3.8,11.91
CHANNEL,AIG,10,1.5,3.8,24.02
CHANNEL,AIG,10,2.0,3.8,0.72
CHANNEL,AIG,10,2.5,3.8,3.81
CHANNEL,AIG,20,1.0,3.8,5.55
CHANNEL,AIG,20,1.5,3.8,22.79
CHANNEL,AIG,20,2.0,3.8,2.58
CHANNEL,AIG,20,2.5,3.8,-8.39
CHANNEL,AIG,30,1.0,3.8,14.88
CHANNEL,AIG,30,1.5,3.8,22.02
CHANNEL,AIG,30,2.0,3.8,6.59
CHANNEL,AIG,30,2.5,3.8,-1.94
CHANNEL,AIG,40,1.0,3.8,12.01
CHANNEL,AIG,40,1.5,3.8,37.72
CHANNEL,AIG,40,2.0,3.8,10.18
CHANNEL,AIG,40,2.5,3.8,5.76
CHANNEL,BMY,10,1.0,3.8,-20.0
CHANNEL,BMY,10,1.5,3.8,23.24
CHANNEL,BMY,10,2.0,3.8,16.31
CHANNEL,BMY,10,2.5,3.8,10.08
CHANNEL,BMY,20,1.0,3.8,-23.88
CHANNEL,BMY,20,1.5,3.8,-10.17
CHANNEL,BMY,20,2.0,3.8,-10.26
CHANNEL,BMY,20,2.5,3.8,-2.86
CHANNEL,BMY,30,1.0,3.8,-21.41
CHANNEL,BMY,30,1.5,3.8,-21.57
CHANNEL,BMY,30,2.0,3.8,-5.74
CHANNEL,BMY,30,2.5,3.8,5.71
CHANNEL,BMY,40,1.0,3.8,-7.04
CHANNEL,BMY,40,1.5,3.8,1.47
CHANNEL,BMY,40,2.0,3.8,12.69
CHANNEL,BMY,40,2.5,3.8,12.7
CHANNEL,GS,10,1.0,3.8,128.5
CHANNEL,GS,10,1.5,3.8,42.07
CHANNEL,GS,10,2.0,3.8,43.52
CHANNEL,GS,10,2.5,3.8,17.09
CHANNEL,GS,20,1.0,3.8,117.1
CHANNEL,GS,20,1.5,3.8,15.19
CHANNEL,GS,20,2.0,3.8,22.36
CHANNEL,GS,20,2.5,3.8,19.14
CHANNEL,GS,30,1.0,3.8,101.99
CHANNEL,GS,30,1.5,3.8,23.81
CHANNEL,GS,30,2.0,3.8,22.46
CHANNEL,GS,30,2.5,3.8,21.48
CHANNEL,GS,40,1.0,3.8,55.11
CHANNEL,GS,40,1.5,3.8,23.36
CHANNEL,GS,40,2.0,3.8,32.62
CHANNEL,GS,40,2.5,3.8,29.07
CHANNEL,TWX,10,1.0,3.8,62.61
CHANNEL,TWX,10,1.5,3.8,26.86
CHANNEL,TWX,10,2.0,3.8,39.36
CHANNEL,TWX,10,2.5,3.8,14.21
CHANNEL,TWX,20,1.0,3.8,70.7
CHANNEL,TWX,20,1.5,3.8,75.27
CHANNEL,TWX,20,2.0,3.8,51.29
CHANNEL,TWX,20,2.5,3.8,25.34
CHANNEL,TWX,30,1.0,3.8,45.95
CHANNEL,TWX,30,1.5,3.8,53.05
CHANNEL,TWX,30,2.0,3.8,67.51
CHANNEL,TWX,30,2.5,3.8,33.15
CHANNEL,TWX,40,1.0,3.8,71.43
CHANNEL,TWX,40,1.5,3.8,20.4
CHANNEL,TWX,40,2.0,3.8,65.7
CHANNEL,TWX,40,2.5,3.8,35.87
CHANNEL,PG,10,1.0,3.8,-38.01
CHANNEL,PG,10,1.5,3.8,5.13
CHANNEL,PG,10,2.0,3.8,18.48
CHANNEL,PG,10,2.5,3.8,17.02
CHANNEL,PG,20,1.0,3.8,-34.91
CHANNEL,PG,20,1.5,3.8,-34.14
CHANNEL,PG,20,2.0,3.8,-6.58
CHANNEL,PG,20,2.5,3.8,13.4
CHANNEL,PG,30,1.0,3.8,-34.12
CHANNEL,PG,30,1.5,3.8,-26.52
CHANNEL,PG,30,2.0,3.8,-18.95
CHANNEL,PG,30,2.5,3.8,-21.2
CHANNEL,PG,40,1.0,3.8,-21.97
CHANNEL,PG,40,1.5,3.8,-26.65
CHANNEL,PG,40,2.0,3.8,-7.21
CHANNEL,PG,40,2.5,3.8,-16.59
CHANNEL,ORCL,10,1.0,3.8,-9.45
CHANNEL,ORCL,10,1.5,3.8,12.24
CHANNEL,ORCL,10,2.0,3.8,14.48
CHANNEL,ORCL,10,2.5,3.8,14.68
CHANNEL,ORCL,20,1.0,3.8,-43.04
CHANNEL,ORCL,20,1.5,3.8,2.15
CHANNEL,ORCL,20,2.0,3.8,31.46
CHANNEL,ORCL,20,2.5,3.8,19.71
CHANNEL,ORCL,30,1.0,3.8,-44.53
CHANNEL,ORCL,30,1.5,3.8,9.46
CHANNEL,ORCL,30,2.0,3.8,9.76
CHANNEL,ORCL,30,2.5,3.8,27.21
CHANNEL,ORCL,40,1.0,3.8,-38.36
CHANNEL,ORCL,40,1.5,3.8,2.52
CHANNEL,ORCL,40,2.0,3.8,22.25
CHANNEL,ORCL,40,2.5,3.8,33.95
CHANNEL,LLY,10,1.0,3.8,-41.79
CHANNEL,LLY,10,1.5,3.8,0.74
CHANNEL,LLY,10,2.0,3.8,5.03
CHANNEL,LLY,10,2.5,3.8,8.67
CHANNEL,LLY,20,1.0,3.8,-49.51
CHANNEL,LLY,20,1.5,3.8,-29.05
CHANNEL,LLY,20,2.0,3.8,-11.06
CHANNEL,LLY,20,2.5,3.8,-7.12
CHANNEL,LLY,30,1.0,3.8,-42.13
CHANNEL,LLY,30,1.5,3.8,-27.49
CHANNEL,LLY,30,2.0,3.8,-31.53
CHANNEL,LLY,30,2.5,3.8,-15.72
CHANNEL,LLY,40,1.0,3.8,-39.5
CHANNEL,LLY,40,1.5,3.8,-19.58
CHANNEL,LLY,40,2.0,3.8,-28.02
CHANNEL,LLY,40,2.5,3.8,-11.19
CHANNEL,JNPR,10,1.0,3.8,84.32
CHANNEL,JNPR,10,1.5,3.8,47.95
CHANNEL,JNPR,10,2.0,3.8,18.19
CHANNEL,JNPR,10,2.5,3.8,-4.66
CHANNEL,JNPR,20,1.0,3.8,52.56
CHANNEL,JNPR,20,1.5,3.8,53.79
CHANNEL,JNPR,20,2.0,3.8,47.83
CHANNEL,JNPR,20,2.5,3.8,7.35
CHANNEL,JNPR,30,1.0,3.8,42.18
CHANNEL,JNPR,30,1.5,3.8,29.83
CHANNEL,JNPR,30,2.0,3.8,21.02
CHANNEL,JNPR,30,2.5,3.8,0.29
CHANNEL,JNPR,40,1.0,3.8,35.64
CHANNEL,JNPR,40,1.5,3.8,22.62
CHANNEL,JNPR,40,2.0,3.8,-7.44
CHANNEL,JNPR,40,2.5,3.8,10.01
CHANNEL,VZ,10,1.0,3.8,2.07
CHANNEL,VZ,10,1.5,3.8,26.79
CHANNEL,VZ,10,2.0,3.8,13.07
CHANNEL,VZ,10,2.5,3.8,-9.32
CHANNEL,VZ,20,1.0,3.8,23.67
CHANNEL,VZ,20,1.5,3.8,7.1
CHANNEL,VZ,20,2.0,3.8,14.11
CHANNEL,VZ,20,2.5,3.8,-13.11
CHANNEL,VZ,30,1.0,3.8,19.97
CHANNEL,VZ,30,1.5,3.8,13.8
CHANNEL,VZ,30,2.0,3.8,18.02
CHANNEL,VZ,30,2.5,3.8,-4.13
CHANNEL,VZ,40,1.0,3.8,19.97
CHANNEL,VZ,40,1.5,3.8,22.51
CHANNEL,VZ,40,2.0,3.8,26.45
CHANNEL,VZ,40,2.5,3.8,0.09
CHANNEL,SUNW,10,1.0,3.8,1.34
CHANNEL,SUNW,10,1.5,3.8,14.62
CHANNEL,SUNW,10,2.0,3.8,9.52
CHANNEL,SUNW,10,2.5,3.8,3.79
CHANNEL,SUNW,20,1.0,3.8,4.19
CHANNEL,SUNW,20,1.5,3.8,3.08
CHANNEL,SUNW,20,2.0,3.8,5.99
CHANNEL,SUNW,20,2.5,3.8,0.51
CHANNEL,SUNW,30,1.0,3.8,-14.66
CHANNEL,SUNW,30,1.5,3.8,-7.29
CHANNEL,SUNW,30,2.0,3.8,6.79
CHANNEL,SUNW,30,2.5,3.8,4.65
CHANNEL,SUNW,40,1.0,3.8,-12.92
CHANNEL,SUNW,40,1.5,3.8,-9.15
CHANNEL,SUNW,40,2.0,3.8,4.65
CHANNEL,SUNW,40,2.5,3.8,4.63
CHANNEL,GM,10,1.0,3.8,-49.07
CHANNEL,GM,10,1.5,3.8,-39.47
CHANNEL,GM,10,2.0,3.8,-30.41
CHANNEL,GM,10,2.5,3.8,-15.27
CHANNEL,GM,20,1.0,3.8,-43.84
CHANNEL,GM,20,1.5,3.8,-25.14
CHANNEL,GM,20,2.0,3.8,-33.83
CHANNEL,GM,20,2.5,3.8,-23.44
CHANNEL,GM,30,1.0,3.8,-36.95
CHANNEL,GM,30,1.5,3.8,-16.43
CHANNEL,GM,30,2.0,3.8,-21.64
CHANNEL,GM,30,2.5,3.8,-23.37
CHANNEL,GM,40,1.0,3.8,-33.89
CHANNEL,GM,40,1.5,3.8,-11.16
CHANNEL,GM,40,2.0,3.8,-11.65
CHANNEL,GM,40,2.5,3.8,-11.68
CHANNEL,HD,10,1.0,3.8,61.18
CHANNEL,HD,10,1.5,3.8,28.37
CHANNEL,HD,10,2.0,3.8,50.98
CHANNEL,HD,10,2.5,3.8,27.81
CHANNEL,HD,20,1.0,3.8,104.64
CHANNEL,HD,20,1.5,3.8,49.98
CHANNEL,HD,20,2.0,3.8,38.56
CHANNEL,HD,20,2.5,3.8,47.19
CHANNEL,HD,30,1.0,3.8,83.3
CHANNEL,HD,30,1.5,3.8,52.23
CHANNEL,HD,30,2.0,3.8,34.38
CHANNEL,HD,30,2.5,3.8,44.9
CHANNEL,HD,40,1.0,3.8,83.38
CHANNEL,HD,40,1.5,3.8,49.62
CHANNEL,HD,40,2.0,3.8,24.89
CHANNEL,HD,40,2.5,3.8,29.38
CHANNEL,WFC,10,1.0,3.8,48.85
CHANNEL,WFC,10,1.5,3.8,-3.71
CHANNEL,WFC,10,2.0,3.8,22.27
CHANNEL,WFC,10,2.5,3.8,29.39
CHANNEL,WFC,20,1.0,3.8,-22.0
CHANNEL,WFC,20,1.5,3.8,12.2
CHANNEL,WFC,20,2.0,3.8,33.47
CHANNEL,WFC,20,2.5,3.8,15.49
CHANNEL,WFC,30,1.0,3.8,-28.61
CHANNEL,WFC,30,1.5,3.8,12.29
CHANNEL,WFC,30,2.0,3.8,19.4
CHANNEL,WFC,30,2.5,3.8,25.8
CHANNEL,WFC,40,1.0,3.8,-20.55
CHANNEL,WFC,40,1.5,3.8,26.08
CHANNEL,WFC,40,2.0,3.8,14.41
CHANNEL,WFC,40,2.5,3.8,30.99
CHANNEL,HPQ,10,1.0,3.8,95.26
CHANNEL,HPQ,10,1.5,3.8,48.63
CHANNEL,HPQ,10,2.0,3.8,21.72
CHANNEL,HPQ,10,2.5,3.8,19.59
CHANNEL,HPQ,20,1.0,3.8,33.16
CHANNEL,HPQ,20,1.5,3.8,30.08
CHANNEL,HPQ,20,2.0,3.8,14.18
CHANNEL,HPQ,20,2.5,3.8,38.62
CHANNEL,HPQ,30,1.0,3.8,5.54
CHANNEL,HPQ,30,1.5,3.8,13.91
CHANNEL,HPQ,30,2.0,3.8,6.14
CHANNEL,HPQ,30,2.5,3.8,10.6
CHANNEL,HPQ,40,1.0,3.8,18.68
CHANNEL,HPQ,40,1.5,3.8,24.93
CHANNEL,HPQ,40,2.0,3.8,25.44
CHANNEL,HPQ,40,2.5,3.8,25.38
CHANNEL,LLTC,10,1.0,3.8,-48.55
CHANNEL,LLTC,10,1.5,3.8,-30.76
CHANNEL,LLTC,10,2.0,3.8,-15.85
CHANNEL,LLTC,10,2.5,3.8,-3.73
CHANNEL,LLTC,20,1.0,3.8,-41.53
CHANNEL,LLTC,20,1.5,3.8,-44.33
CHANNEL,LLTC,20,2.0,3.8,-33.54
CHANNEL,LLTC,20,2.5,3.8,-13.04
CHANNEL,LLTC,30,1.0,3.8,-30.5
CHANNEL,LLTC,30,1.5,3.8,-42.47
CHANNEL,LLTC,30,2.0,3.8,-35.67
CHANNEL,LLTC,30,2.5,3.8,-18.92
CHANNEL,LLTC,40,1.0,3.8,-23.11
CHANNEL,LLTC,40,1.5,3.8,-43.07
CHANNEL,LLTC,40,2.0,3.8,-31.32
CHANNEL,LLTC,40,2.5,3.8,-13.8
CHANNEL,MMM,10,1.0,3.8,14.42
CHANNEL,MMM,10,1.5,3.8,25.68
CHANNEL,MMM,10,2.0,3.8,44.12
CHANNEL,MMM,10,2.5,3.8,44.75
CHANNEL,MMM,20,1.0,3.8,4.69
CHANNEL,MMM,20,1.5,3.8,14.46
CHANNEL,MMM,20,2.0,3.8,41.55
CHANNEL,MMM,20,2.5,3.8,40.87
CHANNEL,MMM,30,1.0,3.8,13.47
CHANNEL,MMM,30,1.5,3.8,13.03
CHANNEL,MMM,30,2.0,3.8,38.28
CHANNEL,MMM,30,2.5,3.8,40.36
CHANNEL,MMM,40,1.0,3.8,18.45
CHANNEL,MMM,40,1.5,3.8,30.51
CHANNEL,MMM,40,2.0,3.8,41.72
CHANNEL,MMM,40,2.5,3.8,30.44
CHANNEL,LEN,10,1.0,3.8,-24.19
CHANNEL,LEN,10,1.5,3.8,-20.26
CHANNEL,LEN,10,2.0,3.8,7.88
CHANNEL,LEN,10,2.5,3.8,6.69
CHANNEL,LEN,20,1.0,3.8,0.53
CHANNEL,LEN,20,1.5,3.8,10.27
CHANNEL,LEN,20,2.0,3.8,5.0
CHANNEL,LEN,20,2.5,3.8,17.45
CHANNEL,LEN,30,1.0,3.8,-18.98
CHANNEL,LEN,30,1.5,3.8,-8.48
CHANNEL,LEN,30,2.0,3.8,5.81
CHANNEL,LEN,30,2.5,3.8,17.72
CHANNEL,LEN,40,1.0,3.8,-26.42
CHANNEL,LEN,40,1.5,3.8,-16.45
CHANNEL,LEN,40,2.0,3.8,-3.6
CHANNEL,LEN,40,2.5,3.8,11.63
CHANNEL,CVX,10,1.0,3.8,95.46
CHANNEL,CVX,10,1.5,3.8,42.28
CHANNEL,CVX,10,2.0,3.8,17.92
CHANNEL,CVX,10,2.5,3.8,35.68
CHANNEL,CVX,20,1.0,3.8,49.84
CHANNEL,CVX,20,1.5,3.8,51.15
CHANNEL,CVX,20,2.0,3.8,20.78
CHANNEL,CVX,20,2.5,3.8,28.79
CHANNEL,CVX,30,1.0,3.8,24.25
CHANNEL,CVX,30,1.5,3.8,25.98
CHANNEL,CVX,30,2.0,3.8,6.21
CHANNEL,CVX,30,2.5,3.8,5.96
CHANNEL,CVX,40,1.0,3.8,35.52
CHANNEL,CVX,40,1.5,3.8,23.2
CHANNEL,CVX,40,2.0,3.8,2.75
CHANNEL,CVX,40,2.5,3.8,10.46
CHANNEL,TXN,10,1.0,3.8,-23.38
CHANNEL,TXN,10,1.5,3.8,37.28
CHANNEL,TXN,10,2.0,3.8,0.28
CHANNEL,TXN,10,2.5,3.8,24.14
CHANNEL,TXN,20,1.0,3.8,6.76
CHANNEL,TXN,20,1.5,3.8,31.96
CHANNEL,TXN,20,2.0,3.8,19.79
CHANNEL,TXN,20,2.5,3.8,28.42
CHANNEL,TXN,30,1.0,3.8,-6.99
CHANNEL,TXN,30,1.5,3.8,3.08
CHANNEL,TXN,30,2.0,3.8,22.11
CHANNEL,TXN,30,2.5,3.8,0.26
CHANNEL,TXN,40,1.0,3.8,3.3
CHANNEL,TXN,40,1.5,3.8,14.2
CHANNEL,TXN,40,2.0,3.8,11.28
CHANNEL,TXN,40,2.5,3.8,-5.75
CHANNEL,UPS,10,1.0,3.8,7.11
CHANNEL,UPS,10,1.5,3.8,7.15
CHANNEL,UPS,10,2.0,3.8,-4.16
CHANNEL,UPS,10,2.5,3.8,24.32
CHANNEL,UPS,20,1.0,3.8,22.07
CHANNEL,UPS,20,1.5,3.8,14.71
CHANNEL,UPS,20,2.0,3.8,1.6
CHANNEL,UPS,20,2.5,3.8,-9.62
CHANNEL,UPS,30,1.0,3.8,1.58
CHANNEL,UPS,30,1.5,3.8,10.31
CHANNEL,UPS,30,2.0,3.8,-4.86
CHANNEL,UPS,30,2.5,3.8,1.61
CHANNEL,UPS,40,1.0,3.8,9.07
CHANNEL,UPS,40,1.5,3.8,5.64
CHANNEL,UPS,40,2.0,3.8,-7.23
CHANNEL,UPS,40,2.5,3.8,2.6
CHANNEL,AA,10,1.0,3.8,-6.87
CHANNEL,AA,10,1.5,3.8,50.79
CHANNEL,AA,10,2.0,3.8,1.02
CHANNEL,AA,10,2.5,3.8,16.15
CHANNEL,AA,20,1.0,3.8,-18.13
CHANNEL,AA,20,1.5,3.8,18.73
CHANNEL,AA,20,2.0,3.8,12.52
CHANNEL,AA,20,2.5,3.8,-9.76
CHANNEL,AA,30,1.0,3.8,23.28
CHANNEL,AA,30,1.5,3.8,-8.2
CHANNEL,AA,30,2.0,3.8,-7.25
CHANNEL,AA,30,2.5,3.8,5.66
CHANNEL,AA,40,1.0,3.8,4.82
CHANNEL,AA,40,1.5,3.8,-11.25
CHANNEL,AA,40,2.0,3.8,9.47
CHANNEL,AA,40,2.5,3.8,6.36
CHANNEL,BBY,10,1.0,3.8,12.39
CHANNEL,BBY,10,1.5,3.8,0.03
CHANNEL,BBY,10,2.0,3.8,0.43
CHANNEL,BBY,10,2.5,3.8,16.5
CHANNEL,BBY,20,1.0,3.8,8.33
CHANNEL,BBY,20,1.5,3.8,-8.92
CHANNEL,BBY,20,2.0,3.8,-1.72
CHANNEL,BBY,20,2.5,3.8,20.27
CHANNEL,BBY,30,1.0,3.8,39.96
CHANNEL,BBY,30,1.5,3.8,19.91
CHANNEL,BBY,30,2.0,3.8,13.41
CHANNEL,BBY,30,2.5,3.8,20.86
CHANNEL,BBY,40,1.0,3.8,21.97
CHANNEL,BBY,40,1.5,3.8,22.6
CHANNEL,BBY,40,2.0,3.8,-2.8
CHANNEL,BBY,40,2.5,3.8,5.97
CHANNEL,TYC,10,1.0,3.8,-47.09
CHANNEL,TYC,10,1.5,3.8,7.42
CHANNEL,TYC,10,2.0,3.8,7.43
CHANNEL,TYC,10,2.5,3.8,8.93
CHANNEL,TYC,20,1.0,3.8,-5.68
CHANNEL,TYC,20,1.5,3.8,-12.35
CHANNEL,TYC,20,2.0,3.8,16.2
CHANNEL,TYC,20,2.5,3.8,-8.17
CHANNEL,TYC,30,1.0,3.8,-8.63
CHANNEL,TYC,30,1.5,3.8,-19.24
CHANNEL,TYC,30,2.0,3.8,8.31
CHANNEL,TYC,30,2.5,3.8,2.52
CHANNEL,TYC,40,1.0,3.8,-6.32
CHANNEL,TYC,40,1.5,3.8,1.09
CHANNEL,TYC,40,2.0,3.8,27.7
CHANNEL,TYC,40,2.5,3.8,23.87
CHANNEL,CMCSA,10,1.0,3.8,-20.14
CHANNEL,CMCSA,10,1.5,3.8,29.01
CHANNEL,CMCSA,10,2.0,3.8,26.98
CHANNEL,CMCSA,10,2.5,3.8,50.77
CHANNEL,CMCSA,20,1.0,3.8,-14.34
CHANNEL,CMCSA,20,1.5,3.8,12.38
CHANNEL,CMCSA,20,2.0,3.8,45.83
CHANNEL,CMCSA,20,2.5,3.8,13.55
CHANNEL,CMCSA,30,1.0,3.8,-1.16
CHANNEL,CMCSA,30,1.5,3.8,34.74
CHANNEL,CMCSA,30,2.0,3.8,61.39
CHANNEL,CMCSA,30,2.5,3.8,21.39
CHANNEL,CMCSA,40,1.0,3.8,6.07
CHANNEL,CMCSA,40,1.5,3.8,34.02
CHANNEL,CMCSA,40,2.0,3.8,40.91
CHANNEL,CMCSA,40,2.5,3.8,22.69
CHANNEL,VRTS,10,1.0,3.8,205.37
CHANNEL,VRTS,10,1.5,3.8,126.9
CHANNEL,VRTS,10,2.0,3.8,90.08
CHANNEL,VRTS,10,2.5,3.8,58.41
CHANNEL,VRTS,20,1.0,3.8,248.74
CHANNEL,VRTS,20,1.5,3.8,146.86
CHANNEL,VRTS,20,2.0,3.8,95.46
CHANNEL,VRTS,20,2.5,3.8,68.26
CHANNEL,VRTS,30,1.0,3.8,233.23
CHANNEL,VRTS,30,1.5,3.8,164.44
CHANNEL,VRTS,30,2.0,3.8,89.44
CHANNEL,VRTS,30,2.5,3.8,80.49
CHANNEL,VRTS,40,1.0,3.8,182.96
CHANNEL,VRTS,40,1.5,3.8,97.49
CHANNEL,VRTS,40,2.0,3.8,66.8
CHANNEL,VRTS,40,2.5,3.8,67.74
CHANNEL,KO,10,1.0,3.8,18.94
CHANNEL,KO,10,1.5,3.8,1.12
CHANNEL,KO,10,2.0,3.8,63.62
CHANNEL,KO,10,2.5,3.8,29.01
CHANNEL,KO,20,1.0,3.8,-3.57
CHANNEL,KO,20,1.5,3.8,-5.99
CHANNEL,KO,20,2.0,3.8,25.45
CHANNEL,KO,20,2.5,3.8,6.81
CHANNEL,KO,30,1.0,3.8,-2.12
CHANNEL,KO,30,1.5,3.8,-25.66
CHANNEL,KO,30,2.0,3.8,24.1
CHANNEL,KO,30,2.5,3.8,9.25
CHANNEL,KO,40,1.0,3.8,15.42
CHANNEL,KO,40,1.5,3.8,-13.62
CHANNEL,KO,40,2.0,3.8,39.43
CHANNEL,KO,40,2.5,3.8,13.25
CHANNEL,MXIM,10,1.0,3.8,-1.08
CHANNEL,MXIM,10,1.5,3.8,-24.67
CHANNEL,MXIM,10,2.0,3.8,-24.96
CHANNEL,MXIM,10,2.5,3.8,-18.1
CHANNEL,MXIM,20,1.0,3.8,-20.82
CHANNEL,MXIM,20,1.5,3.8,-27.0
CHANNEL,MXIM,20,2.0,3.8,-18.46
CHANNEL,MXIM,20,2.5,3.8,-10.65
CHANNEL,MXIM,30,1.0,3.8,-34.93
CHANNEL,MXIM,30,1.5,3.8,-28.53
CHANNEL,MXIM,30,2.0,3.8,-11.61
CHANNEL,MXIM,30,2.5,3.8,-1.33
CHANNEL,MXIM,40,1.0,3.8,-36.04
CHANNEL,MXIM,40,1.5,3.8,-25.57
CHANNEL,MXIM,40,2.0,3.8,-10.81
CHANNEL,MXIM,40,2.5,3.8,-1.02
CHANNEL,SNDK,10,1.0,3.8,185.55
CHANNEL,SNDK,10,1.5,3.8,99.66
CHANNEL,SNDK,10,2.0,3.8,69.52
CHANNEL,SNDK,10,2.5,3.8,48.34
CHANNEL,SNDK,20,1.0,3.8,101.22
CHANNEL,SNDK,20,1.5,3.8,60.16
CHANNEL,SNDK,20,2.0,3.8,63.12
CHANNEL,SNDK,20,2.5,3.8,55.32
CHANNEL,SNDK,30,1.0,3.8,96.37
CHANNEL,SNDK,30,1.5,3.8,55.68
CHANNEL,SNDK,30,2.0,3.8,43.64
CHANNEL,SNDK,30,2.5,3.8,23.79
CHANNEL,SNDK,40,1.0,3.8,100.22
CHANNEL,SNDK,40,1.5,3.8,24.97
CHANNEL,SNDK,40,2.0,3.8,36.71
CHANNEL,SNDK,40,2.5,3.8,38.12
MACROSS,MSFT,10,1.0,3.8,12.45
MACROSS,MSFT,10,1.5,3.8,30.14
MACROSS,MSFT,10,2.0,3.8,25.68
MACROSS,MSFT,10,2.5,3.8,26.25
MACROSS,MSFT,20,1.0,3.8,18.74
MACROSS,MSFT,20,1.5,3.8,41.3
MACROSS,MSFT,20,2.0,3.8,36.42
MACROSS,MSFT,20,2.5,3.8,32.12
MACROSS,MSFT,30,1.0,3.8,-10.73
MACROSS,MSFT,30,1.5,3.8,18.74
MACROSS,MSFT,30,2.0,3.8,36.2
MACROSS,MSFT,30,2.5,3.8,31.3
MACROSS,MSFT,40,1.0,3.8,20.92
MACROSS,MSFT,40,1.5,3.8,15.5
MACROSS,MSFT,40,2.0,3.8,12.78
MACROSS,MSFT,40,2.5,3.8,23.64
MACROSS,INTC,10,1.0,3.8,32.54
MACROSS,INTC,10,1.5,3.8,-4.61
MACROSS,INTC,10,2.0,3.8,-3.02
MACROSS,INTC,10,2.5,3.8,-2.06
MACROSS,INTC,20,1.0,3.8,0.12
MACROSS,INTC,20,1.5,3.8,-7.72
MACROSS,INTC,20,2.0,3.8,1.34
MACROSS,INTC,20,2.5,3.8,1.79
MACROSS,INTC,30,1.0,3.8,-1.65
MACROSS,INTC,30,1.5,3.8,-10.35
MACROSS,INTC,30,2.0,3.8,7.26
MACROSS,INTC,30,2.5,3.8,8.02
MACROSS,INTC,40,1.0,3.8,-11.73
MACROSS,INTC,40,1.5,3.8,-10.66
MACROSS,INTC,40,2.0,3.8,-5.27
MACROSS,INTC,40,2.5,3.8,-4.02
MACROSS,SIRI,10,1.0,3.8,10.98
MACROSS,SIRI,10,1.5,3.8,-8.46
MACROSS,SIRI,10,2.0,3.8,-8.37
MACROSS,SIRI,10,2.5,3.8,-8.46
MACROSS,SIRI,20,1.0,3.8,-5.6
MACROSS,SIRI,20,1.5,3.8,-4.78
MACROSS,SIRI,20,2.0,3.8,-4.78
MACROSS,SIRI,20,2.5,3.8,-4.7
MACROSS,SIRI,30,1.0,3.8,-5.43
MACROSS,SIRI,30,1.5,3.8,-4.76
MACROSS,SIRI,30,2.0,3.8,4.54
MACROSS,SIRI,30,2.5,3.8,4.65
MACROSS,SIRI,40,1.0,3.8,16.94
MACROSS,SIRI,40,1.5,3.8,16.94
MACROSS,SIRI,40,2.0,3.8,18.68
MACROSS,SIRI,40,2.5,3.8,17.25
MACROSS,CSCO,10,1.0,3.8,1.66
MACROSS,CSCO,10,1.5,3.8,7.79
MACROSS,CSCO,10,2.0,3.8,17.21
MACROSS,CSCO,10,2.5,3.8,6.46
MACROSS,CSCO,20,1.0,3.8,0.51
MACROSS,CSCO,20,1.5,3.8,21.17
MACROSS,CSCO,20,2.0,3.8,39.48
MACROSS,CSCO,20,2.5,3.8,26.7
MACROSS,CSCO,30,1.0,3.8,3.29
MACROSS,CSCO,30,1.5,3.8,12.16
MACROSS,CSCO,30,2.0,3.8,41.96
MACROSS,CSCO,30,2.5,3.8,37.06
MACROSS,CSCO,40,1.0,3.8,23.64
MACROSS,CSCO,40,1.5,3.8,2.3
MACROSS,CSCO,40,2.0,3.8,17.97
MACROSS,CSCO,40,2.5,3.8,13.78
MACROSS,C,10,1.0,3.8,-2.24
MACROSS,C,10,1.5,3.8,-1.13
MACROSS,C,10,2.0,3.8,1.87
MACROSS,C,10,2.5,3.8,1.38
MACROSS,C,20,1.0,3.8,22.71
MACROSS,C,20,1.5,3.8,11.85
MACROSS,C,20,2.0,3.8,6.36
MACROSS,C,20,2.5,3.8,-3.75
MACROSS,C,30,1.0,3.8,-16.73
MACROSS,C,30,1.5,3.8,-7.31
MACROSS,C,30,2.0,3.8,1.34
MACROSS,C,30,2.5,3.8,-3.48
MACROSS,C,40,1.0,3.8,-8.87
MACROSS,C,40,1.5,3.8,-8.73
MACROSS,C,40,2.0,3.8,-8.33
MACROSS,C,40,2.5,3.8,-8.92
MACROSS,BAC,10,1.0,3.8,3.87
MACROSS,BAC,10,1.5,3.8,14.1
MACROSS,BAC,10,2.0,3.8,-5.53
MACROSS,BAC,10,2.5,3.8,5.0
MACROSS,BAC,20,1.0,3.8,-6.84
MACROSS,BAC,20,1.5,3.8,2.51
MACROSS,BAC,20,2.0,3.8,12.61
MACROSS,BAC,20,2.5,3.8,2.72
MACROSS,BAC,30,1.0,3.8,-9.12
MACROSS,BAC,30,1.5,3.8,-8.46
MACROSS,BAC,30,2.0,3.8,1.33
MACROSS,BAC,30,2.5,3.8,1.98
MACROSS,BAC,40,1.0,3.8,4.86
MACROSS,BAC,40,1.5,3.8,4.88
MACROSS,BAC,40,2.0,3.8,4.66
MACROSS,BAC,40,2.5,3.8,-4.9
MACROSS,ABC,10,1.0,3.8,-14.12
MACROSS,ABC,10,1.5,3.8,-30.34
MACROSS,ABC,10,2.0,3.8,-16.52
MACROSS,ABC,10,2.5,3.8,-4.89
MACROSS,ABC,20,1.0,3.8,-4.29
MACROSS,ABC,20,1.5,3.8,-8.36
MACROSS,ABC,20,2.0,3.8,-11.91
MACROSS,ABC,20,2.5,3.8,-7.82
MACROSS,ABC,30,1.0,3.8,3.53
MACROSS,ABC,30,1.5,3.8,-16.32
MACROSS,ABC,30,2.0,3.8,0.28
MACROSS,ABC,30,2.5,3.8,5.06
MACROSS,ABC,40,1.0,3.8,-5.08
MACROSS,ABC,40,1.5,3.8,-8.69
MACROSS,ABC,40,2.0,3.8,-7.28
MACROSS,ABC,40,2.5,3.8,18.75
MACROSS,PFE,10,1.0,3.8,-14.07
MACROSS,PFE,10,1.5,3.8,-5.4
MACROSS,PFE,10,2.0,3.8,-3.47
MACROSS,PFE,10,2.5,3.8,-12.2
MACROSS,PFE,20,1.0,3.8,-1.77
MACROSS,PFE,20,1.5,3.8,8.15
MACROSS,PFE,20,2.0,3.8,0.51
MACROSS,PFE,20,2.5,3.8,-10.37
MACROSS,PFE,30,1.0,3.8,12.61
MACROSS,PFE,30,1.5,3.8,2.56
MACROSS,PFE,30,2.0,3.8,2.56
MACROSS,PFE,30,2.5,3.8,2.79
MACROSS,PFE,40,1.0,3.8,12.37
MACROSS,PFE,40,1.5,3.8,2.77
MACROSS,PFE,40,2.0,3.8,2.56
MACROSS,PFE,40,2.5,3.8,2.56
MACROSS,AMAT,10,1.0,3.8,17.82
MACROSS,AMAT,10,1.5,3.8,8.23
MACROSS,AMAT,10,2.0,3.8,1.02
MACROSS,AMAT,10,2.5,3.8,16.58
MACROSS,AMAT,20,1.0,3.8,-1.05
MACROSS,AMAT,20,1.5,3.8,-9.33
MACROSS,AMAT,20,2.0,3.8,2.45
MACROSS,AMAT,20,2.5,3.8,-1.54
MACROSS,AMAT,30,1.0,3.8,-3.49
MACROSS,AMAT,30,1.5,3.8,5.99
MACROSS,AMAT,30,2.0,3.8,17.3
MACROSS,AMAT,30,2.5,3.8,10.36
MACROSS,AMAT,40,1.0,3.8,3.97
MACROSS,AMAT,40,1.5,3.8,16.37
MACROSS,AMAT,40,2.0,3.8,27.77
MACROSS,AMAT,40,2.5,3.8,21.17
MACROSS,EBAY,10,1.0,3.8,10.62
MACROSS,EBAY,10,1.5,3.8,-6.62
MACROSS,EBAY,10,2.0,3.8,-5.22
MACROSS,EBAY,10,2.5,3.8,-5.86
MACROSS,EBAY,20,1.0,3.8,-0.38
MACROSS,EBAY,20,1.5,3.8,20.45
MACROSS,EBAY,20,2.0,3.8,14.08
MACROSS,EBAY,20,2.5,3.8,6.39
MACROSS,EBAY,30,1.0,3.8,-5.37
MACROSS,EBAY,30,1.5,3.8,-9.72
MACROSS,EBAY,30,2.0,3.8,-7.97
MACROSS,EBAY,30,2.5,3.8,10.36
MACROSS,EBAY,40,1.0,3.8,-2.45
MACROSS,EBAY,40,1.5,3.8,8.15
MACROSS,EBAY,40,2.0,3.8,-0.85
MACROSS,EBAY,40,2.5,3.8,8.14
MACROSS,GE,10,1.0,3.8,14.0
MACROSS,GE,10,1.5,3.8,15.13
MACROSS,GE,10,2.0,3.8,16.35
MACROSS,GE,10,2.5,3.8,18.43
MACROSS,GE,20,1.0,3.8,6.08
MACROSS,GE,20,1.5,3.8,19.43
MACROSS,GE,20,2.0,3.8,18.23
MACROSS,GE,20,2.5,3.8,21.05
MACROSS,GE,30,1.0,3.8,11.79
MACROSS,GE,30,1.5,3.8,9.45
MACROSS,GE,30,2.0,3.8,24.33
MACROSS,GE,30,2.5,3.8,23.64
MACROSS,GE,40,1.0,3.8,-3.66
MACROSS,GE,40,1.5,3.8,-4.68
MACROSS,GE,40,2.0,3.8,-4.72
MACROSS,GE,40,2.5,3.8,4.46
MACROSS,MRK,10,1.0,3.8,-9.89
MACROSS,MRK,10,1.5,3.8,-9.47
MACROSS,MRK,10,2.0,3.8,27.66
MACROSS,MRK,10,2.5,3.8,30.37
MACROSS,MRK,20,1.0,3.8,2.93
MACROSS,MRK,20,1.5,3.8,13.06
MACROSS,MRK,20,2.0,3.8,14.11
MACROSS,MRK,20,2.5,3.8,8.12
MACROSS,MRK,30,1.0,3.8,-0.27
MACROSS,MRK,30,1.5,3.8,0.51
MACROSS,MRK,30,2.0,3.8,10.25
MACROSS,MRK,30,2.5,3.8,10.17
MACROSS,MRK,40,1.0,3.8,-9.77
MACROSS,MRK,40,1.5,3.8,0.93
MACROSS,MRK,40,2.0,3.8,1.75
MACROSS,MRK,40,2.5,3.8,2.49
MACROSS,XOM,10,1.0,3.8,1.79
MACROSS,XOM,10,1.5,3.8,1.53
MACROSS,XOM,10,2.0,3.8,-5.68
MACROSS,XOM,10,2.5,3.8,10.36
MACROSS,XOM,20,1.0,3.8,-1.52
MACROSS,XOM,20,1.5,3.8,7.21
MACROSS,XOM,20,2.0,3.8,12.45
MACROSS,XOM,20,2.5,3.8,12.61
MACROSS,XOM,30,1.0,3.8,-0.81
MACROSS,XOM,30,1.5,3.8,9.66
MACROSS,XOM,30,2.0,3.8,14.91
MACROSS,XOM,30,2.5,3.8,14.91
MACROSS,XOM,40,1.0,3.8,2.55
MACROSS,XOM,40,1.5,3.8,14.91
MACROSS,XOM,40,2.0,3.8,6.79
MACROSS,XOM,40,2.5,3.8,6.79
MACROSS,IBM,10,1.0,3.8,33.36
MACROSS,IBM,10,1.5,3.8,-12.24
MACROSS,IBM,10,2.0,3.8,-8.99
MACROSS,IBM,10,2.5,3.8,-2.68
MACROSS,IBM,20,1.0,3.8,17.23
MACROSS,IBM,20,1.5,3.8,8.74
MACROSS,IBM,20,2.0,3.8,-2.88
MACROSS,IBM,20,2.5,3.8,1.28
MACROSS,IBM,30,1.0,3.8,1.85
MACROSS,IBM,30,1.5,3.8,4.3
MACROSS,IBM,30,2.0,3.8,3.81
MACROSS,IBM,30,2.5,3.8,6.41
MACROSS,IBM,40,1.0,3.8,25.01
MACROSS,IBM,40,1.5,3.8,8.88
MACROSS,IBM,40,2.0,3.8,7.43
MACROSS,IBM,40,2.5,3.8,7.81
MACROSS,WMT,10,1.0,3.8,19.89
MACROSS,WMT,10,1.5,3.8,-14.6
MACROSS,WMT,10,2.0,3.8,-21.01
MACROSS,WMT,10,2.5,3.8,-12.51
MACROSS,WMT,20,1.0,3.8,-10.32
MACROSS,WMT,20,1.5,3.8,-8.52
MACROSS,WMT,20,2.0,3.8,-9.15
MACROSS,WMT,20,2.5,3.8,-9.15
MACROSS,WMT,30,1.0,3.8,-18.87
MACROSS,WMT,30,1.5,3.8,-7.64
MACROSS,WMT,30,2.0,3.8,3.87
MACROSS,WMT,30,2.5,3.8,-1.5
MACROSS,WMT,40,1.0,3.8,22.42
MACROSS,WMT,40,1.5,3.8,1.79
MACROSS,WMT,40,2.0,3.8,-15.75
MACROSS,WMT,40,2.5,3.8,-7.29
MACROSS,DELL,10,1.0,3.8,-11.53
MACROSS,DELL,10,1.5,3.8,-5.95
MACROSS,DELL,10,2.0,3.8,-12.93
MACROSS,DELL,10,2.5,3.8,-17.02
MACROSS,DELL,20,1.0,3.8,3.08
MACROSS,DELL,20,1.5,3.8,-5.97
MACROSS,DELL,20,2.0,3.8,-21.53
MACROSS,DELL,20,2.5,3.8,-20.16
MACROSS,DELL,30,1.0,3.8,5.99
MACROSS,DELL,30,1.5,3.8,-11.05
MACROSS,DELL,30,2.0,3.8,-12.08
MACROSS,DELL,30,2.5,3.8,-20.48
MACROSS,DELL,40,1.0,3.8,16.37
MACROSS,DELL,40,1.5,3.8,-1.5
MACROSS,DELL,40,2.0,3.8,-3.84
MACROSS,DELL,40,2.5,3.8,-0.97
MACROSS,KLAC,10,1.0,3.8,8.25
MACROSS,KLAC,10,1.5,3.8,-7.41
MACROSS,KLAC,10,2.0,3.8,3.41
MACROSS,KLAC,10,2.5,3.8,2.38
MACROSS,KLAC,20,1.0,3.8,-3.79
MACROSS,KLAC,20,1.5,3.8,-12.08
MACROSS,KLAC,20,2.0,3.8,-4.42
MACROSS,KLAC,20,2.5,3.8,5.14
MACROSS,KLAC,30,1.0,3.8,-17.19
MACROSS,KLAC,30,1.5,3.8,-16.66
MACROSS,KLAC,30,2.0,3.8,0.51
MACROSS,KLAC,30,2.5,3.8,-5.33
MACROSS,KLAC,40,1.0,3.8,1.28
MACROSS,KLAC,40,1.5,3.8,-5.68
MACROSS,KLAC,40,2.0,3.8,2.51
MACROSS,KLAC,40,2.5,3.8,-5.46
MACROSS,SINA,10,1.0,3.8,-14.06
MACROSS,SINA,10,1.5,3.8,-23.16
MACROSS,SINA,10,2.0,3.8,-15.72
MACROSS,SINA,10,2.5,3.8,-7.65
MACROSS,SINA,20,1.0,3.8,-18.63
MACROSS,SINA,20,1.5,3.8,-18.29
MACROSS,SINA,20,2.0,3.8,-10.29
MACROSS,SINA,20,2.5,3.8,-1.5
MACROSS,SINA,30,1.0,3.8,-10.57
MACROSS,SINA,30,1.5,3.8,-18.85
MACROSS,SINA,30,2.0,3.8,-18.3
MACROSS,SINA,30,2.5,3.8,-1.17
MACROSS,SINA,40,1.0,3.8,-18.92
MACROSS,SINA,40,1.5,3.8,-10.33
MACROSS,SINA,40,2.0,3.8,-1.5
MACROSS,SINA,40,2.5,3.8,-1.61
MACROSS,YHOO,10,1.0,3.8,-3.55
MACROSS,YHOO,10,1.5,3.8,-2.51
MACROSS,YHOO,10,2.0,3.8,-2.96
MACROSS,YHOO,10,2.5,3.8,-5.6
MACROSS,YHOO,20,1.0,3.8,5.09
MACROSS,YHOO,20,1.5,3.8,14.04
MACROSS,YHOO,20,2.0,3.8,4.34
MACROSS,YHOO,20,2.5,3.8,-12.08
MACROSS,YHOO,30,1.0,3.8,26.12
MACROSS,YHOO,30,1.5,3.8,3.6
MACROSS,YHOO,30,2.0,3.8,-22.55
MACROSS,YHOO,30,2.5,3.8,-13.8
MACROSS,YHOO,40,1.0,3.8,3.91
MACROSS,YHOO,40,1.5,3.8,3.87
MACROSS,YHOO,40,2.0,3.8,-13.02
MACROSS,YHOO,40,2.5,3.8,-8.57
MACROSS,AMGN,10,1.0,3.8,3.77
MACROSS,AMGN,10,1.5,3.8,-7.84
MACROSS,AMGN,10,2.0,3.8,12.73
MACROSS,AMGN,10,2.5,3.8,17.27
MACROSS,AMGN,20,1.0,3.8,36.36
MACROSS,AMGN,20,1.5,3.8,-2.02
MACROSS,AMGN,20,2.0,3.8,-4.53
MACROSS,AMGN,20,2.5,3.8,17.71
MACROSS,AMGN,30,1.0,3.8,12.7
MACROSS,AMGN,30,1.5,3.8,-10.48
MACROSS,AMGN,30,2.0,3.8,-3.24
MACROSS,AMGN,30,2.5,3.8,5.99
MACROSS,AMGN,40,1.0,3.8,-10.34
MACROSS,AMGN,40,1.5,3.8,-18.29
MACROSS,AMGN,40,2.0,3.8,-18.29
MACROSS,AMGN,40,2.5,3.8,-10.29
MACROSS,QCOM,10,1.0,3.8,17.72
MACROSS,QCOM,10,1.5,3.8,35.38
MACROSS,QCOM,10,2.0,3.8,26.82
MACROSS,QCOM,10,2.5,3.8,20.94
MACROSS,QCOM,20,1.0,3.8,38.2
MACROSS,QCOM,20,1.5,3.8,22.09
MACROSS,QCOM,20,2.0,3.8,25.21
MACROSS,QCOM,20,2.5,3.8,21.75
MACROSS,QCOM,30,1.0,3.8,-23.44
MACROSS,QCOM,30,1.5,3.8,21.33
MACROSS,QCOM,30,2.0,3.8,28.76
MACROSS,QCOM,30,2.5,3.8,21.33
MACROSS,QCOM,40,1.0,3.8,8.64
MACROSS,QCOM,40,1.5,3.8,0.35
MACROSS,QCOM,40,2.0,3.8,21.28
MACROSS,QCOM,40,2.5,3.8,29.82
MACROSS,CAH,10,1.0,3.8,-30.32
MACROSS,CAH,10,1.5,3.8,-21.98
MACROSS,CAH,10,2.0,3.8,-28.31
MACROSS,CAH,10,2.5,3.8,-10.14
MACROSS,CAH,20,1.0,3.8,-16.63
MACROSS,CAH,20,1.5,3.8,-16.63
MACROSS,CAH,20,2.0,3.8,-17.51
MACROSS,CAH,20,2.5,3.8,-15.35
MACROSS,CAH,30,1.0,3.8,-1.5
MACROSS,CAH,30,1.5,3.8,-1.55
MACROSS,CAH,30,2.0,3.8,8.71
MACROSS,CAH,30,2.5,3.8,10.16
MACROSS,CAH,40,1.0,3.8,4.65
MACROSS,CAH,40,1.5,3.8,16.65
MACROSS,CAH,40,2.0,3.8,14.82
MACROSS,CAH,40,2.5,3.8,4.44
MACROSS,JPM,10,1.0,3.8,38.84
MACROSS,JPM,10,1.5,3.8,1.68
MACROSS,JPM,10,2.0,3.8,2.44
MACROSS,JPM,10,2.5,3.8,6.29
MACROSS,JPM,20,1.0,3.8,20.24
MACROSS,JPM,20,1.5,3.8,18.51
MACROSS,JPM,20,2.0,3.8,7.7
MACROSS,JPM,20,2.5,3.8,-1.45
MACROSS,JPM,30,1.0,3.8,-1.5
MACROSS,JPM,30,1.5,3.8,2.56
MACROSS,JPM,30,2.0,3.8,2.48
MACROSS,JPM,30,2.5,3.8,6.43
MACROSS,JPM,40,1.0,3.8,10.11
MACROSS,JPM,40,1.5,3.8,22.89
MACROSS,JPM,40,2.0,3.8,14.84
MACROSS,JPM,40,2.5,3.8,4.64
MACROSS,JNJ,10,1.0,3.8,5.17
MACROSS,JNJ,10,1.5,3.8,9.09
MACROSS,JNJ,10,2.0,3.8,31.75
MACROSS,JNJ,10,2.5,3.8,20.72
MACROSS,JNJ,20,1.0,3.8,3.71
MACROSS,JNJ,20,1.5,3.8,-7.86
MACROSS,JNJ,20,2.0,3.8,-12.61
MACROSS,JNJ,20,2.5,3.8,-1.78
MACROSS,JNJ,30,1.0,3.8,0.51
MACROSS,JNJ,30,1.5,3.8,0.38
MACROSS,JNJ,30,2.0,3.8,-0.37
MACROSS,JNJ,30,2.5,3.8,0.21
MACROSS,JNJ,40,1.0,3.8,0.51
MACROSS,JNJ,40,1.5,3.8,0.51
MACROSS,JNJ,40,2.0,3.8,-0.23
MACROSS,JNJ,40,2.5,3.8,0.33
MACROSS,MO,10,1.0,3.8,28.25
MACROSS,MO,10,1.5,3.8,16.46
MACROSS,MO,10,2.0,3.8,16.37
MACROSS,MO,10,2.5,3.8,25.05
MACROSS,MO,20,1.0,3.8,-5.97
MACROSS,MO,20,1.5,3.8,12.61
MACROSS,MO,20,2.0,3.8,23.65
MACROSS,MO,20,2.5,3.8,9.54
MACROSS,MO,30,1.0,3.8,56.05
MACROSS,MO,30,1.5,3.8,38.2
MACROSS,MO,30,2.0,3.8,26.16
MACROSS,MO,30,2.5,3.8,26.16
MACROSS,MO,40,1.0,3.8,6.23
MACROSS,MO,40,1.5,3.8,26.33
MACROSS,MO,40,2.0,3.8,38.68
MACROSS,MO,40,2.5,3.8,39.44
MACROSS,AIG,10,1.0,3.8,8.15
MACROSS,AIG,10,1.5,3.8,21.82
MACROSS,AIG,10,2.0,3.8,9.47
MACROSS,AIG,10,2.5,3.8,10.11
MACROSS,AIG,20,1.0,3.8,2.79
MACROSS,AIG,20,1.5,3.8,23.64
MACROSS,AIG,20,2.0,3.8,26.16
MACROSS,AIG,20,2.5,3.8,25.49
MACROSS,AIG,30,1.0,3.8,15.58
MACROSS,AIG,30,1.5,3.8,14.91
MACROSS,AIG,30,2.0,3.8,14.83
MACROSS,AIG,30,2.5,3.8,14.91
MACROSS,AIG,40,1.0,3.8,3.95
MACROSS,AIG,40,1.5,3.8,-4.68
MACROSS,AIG,40,2.0,3.8,13.91
MACROSS,AIG,40,2.5,3.8,4.36
MACROSS,BMY,10,1.0,3.8,-10.31
MACROSS,BMY,10,1.5,3.8,-1.7
MACROSS,BMY,10,2.0,3.8,-8.25
MACROSS,BMY,10,2.5,3.8,12.13
MACROSS,BMY,20,1.0,3.8,13.06
MACROSS,BMY,20,1.5,3.8,11.9
MACROSS,BMY,20,2.0,3.8,3.87
MACROSS,BMY,20,2.5,3.8,16.37
MACROSS,BMY,30,1.0,3.8,11.76
MACROSS,BMY,30,1.5,3.8,11.76
MACROSS,BMY,30,2.0,3.8,11.94
MACROSS,BMY,30,2.5,3.8,5.38
MACROSS,BMY,40,1.0,3.8,5.99
MACROSS,BMY,40,1.5,3.8,5.85
MACROSS,BMY,40,2.0,3.8,18.74
MACROSS,BMY,40,2.5,3.8,23.39
MACROSS,GS,10,1.0,3.8,28.91
MACROSS,GS,10,1.5,3.8,30.35
MACROSS,GS,10,2.0,3.8,30.32
MACROSS,GS,10,2.5,3.8,17.98
MACROSS,GS,20,1.0,3.8,30.37
MACROSS,GS,20,1.5,3.8,18.02
MACROSS,GS,20,2.0,3.8,19.19
MACROSS,GS,20,2.5,3.8,8.15
MACROSS,GS,30,1.0,3.8,10.36
MACROSS,GS,30,1.5,3.8,9.76
MACROSS,GS,30,2.0,3.8,10.42
MACROSS,GS,30,2.5,3.8,9.99
MACROSS,GS,40,1.0,3.8,9.98
MACROSS,GS,40,1.5,3.8,11.35
MACROSS,GS,40,2.0,3.8,9.86
MACROSS,GS,40,2.5,3.8,10.36
MACROSS,TWX,10,1.0,3.8,5.56
MACROSS,TWX,10,1.5,3.8,36.02
MACROSS,TWX,10,2.0,3.8,30.82
MACROSS,TWX,10,2.5,3.8,22.57
MACROSS,TWX,20,1.0,3.8,50.37
MACROSS,TWX,20,1.5,3.8,44.24
MACROSS,TWX,20,2.0,3.8,42.9
MACROSS,TWX,20,2.5,3.8,21.29
MACROSS,TWX,30,1.0,3.8,29.77
MACROSS,TWX,30,1.5,3.8,22.73
MACROSS,TWX,30,2.0,3.8,15.21
MACROSS,TWX,30,2.5,3.8,24.18
MACROSS,TWX,40,1.0,3.8,6.79
MACROSS,TWX,40,1.5,3.8,28.74
MACROSS,TWX,40,2.0,3.8,19.64
MACROSS,TWX,40,2.5,3.8,19.64
MACROSS,PG,10,1.0,3.8,-18.32
MACROSS,PG,10,1.5,3.8,1.99
MACROSS,PG,10,2.0,3.8,4.38
MACROSS,PG,10,2.5,3.8,-3.49
MACROSS,PG,20,1.0,3.8,29.61
MACROSS,PG,20,1.5,3.8,18.13
MACROSS,PG,20,2.0,3.8,26.55
MACROSS,PG,20,2.5,3.8,18.74
MACROSS,PG,30,1.0,3.8,17.85
MACROSS,PG,30,1.5,3.8,30.24
MACROSS,PG,30,2.0,3.8,29.24
MACROSS,PG,30,2.5,3.8,20.24
MACROSS,PG,40,1.0,3.8,1.82
MACROSS,PG,40,1.5,3.8,11.76
MACROSS,PG,40,2.0,3.8,14.04
MACROSS,PG,40,2.5,3.8,14.37
MACROSS,ORCL,10,1.0,3.8,13.37
MACROSS,ORCL,10,1.5,3.8,8.54
MACROSS,ORCL,10,2.0,3.8,14.14
MACROSS,ORCL,10,2.5,3.8,22.9
MACROSS,ORCL,20,1.0,3.8,3.9
MACROSS,ORCL,20,1.5,3.8,10.21
MACROSS,ORCL,20,2.0,3.8,11.26
MACROSS,ORCL,20,2.5,3.8,25.2
MACROSS,ORCL,30,1.0,3.8,-0.26
MACROSS,ORCL,30,1.5,3.8,-4.07
MACROSS,ORCL,30,2.0,3.8,3.66
MACROSS,ORCL,30,2.5,3.8,20.4
MACROSS,ORCL,40,1.0,3.8,18.76
MACROSS,ORCL,40,1.5,3.8,33.06
MACROSS,ORCL,40,2.0,3.8,18.93
MACROSS,ORCL,40,2.5,3.8,23.8
MACROSS,LLY,10,1.0,3.8,-7.04
MACROSS,LLY,10,1.5,3.8,-4.16
MACROSS,LLY,10,2.0,3.8,-19.56
MACROSS,LLY,10,2.5,3.8,-16.34
MACROSS,LLY,20,1.0,3.8,-12.92
MACROSS,LLY,20,1.5,3.8,-10.75
MACROSS,LLY,20,2.0,3.8,-7.84
MACROSS,LLY,20,2.5,3.8,-5.63
MACROSS,LLY,30,1.0,3.8,1.51
MACROSS,LLY,30,1.5,3.8,-8.17
MACROSS,LLY,30,2.0,3.8,-22.2
MACROSS,LLY,30,2.5,3.8,-5.43
MACROSS,LLY,40,1.0,3.8,10.51
MACROSS,LLY,40,1.5,3.8,0.27
MACROSS,LLY,40,2.0,3.8,-8.46
MACROSS,LLY,40,2.5,3.8,-8.46
MACROSS,JNPR,10,1.0,3.8,18.6
MACROSS,JNPR,10,1.5,3.8,30.24
MACROSS,JNPR,10,2.0,3.8,9.11
MACROSS,JNPR,10,2.5,3.8,12.24
MACROSS,JNPR,20,1.0,3.8,14.51
MACROSS,JNPR,20,1.5,3.8,16.54
MACROSS,JNPR,20,2.0,3.8,20.24
MACROSS,JNPR,20,2.5,3.8,18.43
MACROSS,JNPR,30,1.0,3.8,65.75
MACROSS,JNPR,30,1.5,3.8,35.75
MACROSS,JNPR,30,2.0,3.8,26.15
MACROSS,JNPR,30,2.5,3.8,23.9
MACROSS,JNPR,40,1.0,3.8,30.2
MACROSS,JNPR,40,1.5,3.8,28.74
MACROSS,JNPR,40,2.0,3.8,17.46
MACROSS,JNPR,40,2.5,3.8,17.25
MACROSS,VZ,10,1.0,3.8,9.44
MACROSS,VZ,10,1.5,3.8,16.17
MACROSS,VZ,10,2.0,3.8,17.99
MACROSS,VZ,10,2.5,3.8,8.62
MACROSS,VZ,20,1.0,3.8,-10.29
MACROSS,VZ,20,1.5,3.8,-1.5
MACROSS,VZ,20,2.0,3.8,-1.5
MACROSS,VZ,20,2.5,3.8,8.15
MACROSS,VZ,30,1.0,3.8,-1.5
MACROSS,VZ,30,1.5,3.8,-1.5
MACROSS,VZ,30,2.0,3.8,-1.5
MACROSS,VZ,30,2.5,3.8,-1.42
MACROSS,VZ,40,1.0,3.8,10.36
MACROSS,VZ,40,1.5,3.8,22.64
MACROSS,VZ,40,2.0,3.8,10.36
MACROSS,VZ,40,2.5,3.8,10.15
MACROSS,SUNW,10,1.0,3.8,17.25
MACROSS,SUNW,10,1.5,3.8,19.64
MACROSS,SUNW,10,2.0,3.8,19.64
MACROSS,SUNW,10,2.5,3.8,8.74
MACROSS,SUNW,20,1.0,3.8,1.27
MACROSS,SUNW,20,1.5,3.8,1.27
MACROSS,SUNW,20,2.0,3.8,1.27
MACROSS,SUNW,20,2.5,3.8,0.92
MACROSS,SUNW,30,1.0,3.8,-7.76
MACROSS,SUNW,30,1.5,3.8,22.09
MACROSS,SUNW,30,2.0,3.8,0.86
MACROSS,SUNW,30,2.5,3.8,13.46
MACROSS,SUNW,40,1.0,3.8,11.19
MACROSS,SUNW,40,1.5,3.8,1.27
MACROSS,SUNW,40,2.0,3.8,1.27
MACROSS,SUNW,40,2.5,3.8,13.46
MACROSS,GM,10,1.0,3.8,4.7
MACROSS,GM,10,1.5,3.8,-1.43
MACROSS,GM,10,2.0,3.8,-10.29
MACROSS,GM,10,2.5,3.8,-1.5
MACROSS,GM,20,1.0,3.8,-14.92
MACROSS,GM,20,1.5,3.8,-15.91
MACROSS,GM,20,2.0,3.8,-15.11
MACROSS,GM,20,2.5,3.8,-2.6
MACROSS,GM,30,1.0,3.8,5.32
MACROSS,GM,30,1.5,3.8,2.14
MACROSS,GM,30,2.0,3.8,2.76
MACROSS,GM,30,2.5,3.8,4.65
MACROSS,GM,40,1.0,3.8,-11.39
MACROSS,GM,40,1.5,3.8,1.08
MACROSS,GM,40,2.0,3.8,-6.69
MACROSS,GM,40,2.5,3.8,2.56
MACROSS,HD,10,1.0,3.8,-14.4
MACROSS,HD,10,1.5,3.8,-12.98
MACROSS,HD,10,2.0,3.8,-2.83
MACROSS,HD,10,2.5,3.8,-5.94
MACROSS,HD,20,1.0,3.8,-14.57
MACROSS,HD,20,1.5,3.8,-14.05
MACROSS,HD,20,2.0,3.8,-13.84
MACROSS,HD,20,2.5,3.8,-5.49
MACROSS,HD,30,1.0,3.8,0.38
MACROSS,HD,30,1.5,3.8,-6.59
MACROSS,HD,30,2.0,3.8,2.54
MACROSS,HD,30,2.5,3.8,13.71
MACROSS,HD,40,1.0,3.8,2.56
MACROSS,HD,40,1.5,3.8,2.56
MACROSS,HD,40,2.0,3.8,2.82
MACROSS,HD,40,2.5,3.8,-6.83
MACROSS,WFC,10,1.0,3.8,-0.25
MACROSS,WFC,10,1.5,3.8,3.85
MACROSS,WFC,10,2.0,3.8,4.65
MACROSS,WFC,10,2.5,3.8,4.65
MACROSS,WFC,20,1.0,3.8,10.36
MACROSS,WFC,20,1.5,3.8,14.91
MACROSS,WFC,20,2.0,3.8,17.27
MACROSS,WFC,20,2.5,3.8,6.68
MACROSS,WFC,30,1.0,3.8,21.46
MACROSS,WFC,30,1.5,3.8,20.01
MACROSS,WFC,30,2.0,3.8,12.69
MACROSS,WFC,30,2.5,3.8,7.29
MACROSS,WFC,40,1.0,3.8,-1.71
MACROSS,WFC,40,1.5,3.8,-0.14
MACROSS,WFC,40,2.0,3.8,4.66
MACROSS,WFC,40,2.5,3.8,-2.74
MACROSS,HPQ,10,1.0,3.8,12.61
MACROSS,HPQ,10,1.5,3.8,9.9
MACROSS,HPQ,10,2.0,3.8,11.12
MACROSS,HPQ,10,2.5,3.8,12.04
MACROSS,HPQ,20,1.0,3.8,6.79
MACROSS,HPQ,20,1.5,3.8,17.25
MACROSS,HPQ,20,2.0,3.8,17.25
MACROSS,HPQ,20,2.5,3.8,17.25
MACROSS,HPQ,30,1.0,3.8,17.25
MACROSS,HPQ,30,1.5,3.8,16.02
MACROSS,HPQ,30,2.0,3.8,16.92
MACROSS,HPQ,30,2.5,3.8,17.75
MACROSS,HPQ,40,1.0,3.8,-8.29
MACROSS,HPQ,40,1.5,3.8,3.47
MACROSS,HPQ,40,2.0,3.8,-3.52
MACROSS,HPQ,40,2.5,3.8,-2.52
MACROSS,LLTC,10,1.0,3.8,-29.4
MACROSS,LLTC,10,1.5,3.8,-29.23
MACROSS,LLTC,10,2.0,3.8,-22.14
MACROSS,LLTC,10,2.5,3.8,-11.0
MACROSS,LLTC,20,1.0,3.8,-18.95
MACROSS,LLTC,20,1.5,3.8,-9.15
MACROSS,LLTC,20,2.0,3.8,-0.04
MACROSS,LLTC,20,2.5,3.8,-9.18
MACROSS,LLTC,30,1.0,3.8,-17.79
MACROSS,LLTC,30,1.5,3.8,-9.15
MACROSS,LLTC,30,2.0,3.8,-5.4
MACROSS,LLTC,30,2.5,3.8,-3.46
MACROSS,LLTC,40,1.0,3.8,-7.83
MACROSS,LLTC,40,1.5,3.8,-6.78
MACROSS,LLTC,40,2.0,3.8,-6.63
MACROSS,LLTC,40,2.5,3.8,-6.59
MACROSS,MMM,10,1.0,3.8,-9.2
MACROSS,MMM,10,1.5,3.8,11.76
MACROSS,MMM,10,2.0,3.8,3.86
MACROSS,MMM,10,2.5,3.8,16.37
MACROSS,MMM,20,1.0,3.8,16.09
MACROSS,MMM,20,1.5,3.8,28.88
MACROSS,MMM,20,2.0,3.8,18.74
MACROSS,MMM,20,2.5,3.8,17.43
MACROSS,MMM,30,1.0,3.8,-5.49
MACROSS,MMM,30,1.5,3.8,-7.04
MACROSS,MMM,30,2.0,3.8,-7.97
MACROSS,MMM,30,2.5,3.8,0.6
MACROSS,MMM,40,1.0,3.8,-6.75
MACROSS,MMM,40,1.5,3.8,-8.12
MACROSS,MMM,40,2.0,3.8,-7.26
MACROSS,MMM,40,2.5,3.8,1.12
MACROSS,LEN,10,1.0,3.8,-9.96
MACROSS,LEN,10,1.5,3.8,-7.29
MACROSS,LEN,10,2.0,3.8,14.44
MACROSS,LEN,10,2.5,3.8,16.37
MACROSS,LEN,20,1.0,3.8,16.22
MACROSS,LEN,20,1.5,3.8,18.74
MACROSS,LEN,20,2.0,3.8,8.15
MACROSS,LEN,20,2.5,3.8,10.47
MACROSS,LEN,30,1.0,3.8,0.17
MACROSS,LEN,30,1.5,3.8,2.56
MACROSS,LEN,30,2.0,3.8,-6.59
MACROSS,LEN,30,2.5,3.8,4.65
MACROSS,LEN,40,1.0,3.8,2.01
MACROSS,LEN,40,1.5,3.8,-6.69
MACROSS,LEN,40,2.0,3.8,4.65
MACROSS,LEN,40,2.5,3.8,4.65
MACROSS,CVX,10,1.0,3.8,6.84
MACROSS,CVX,10,1.5,3.8,18.57
MACROSS,CVX,10,2.0,3.8,10.37
MACROSS,CVX,10,2.5,3.8,15.41
MACROSS,CVX,20,1.0,3.8,-0.41
MACROSS,CVX,20,1.5,3.8,8.64
MACROSS,CVX,20,2.0,3.8,-9.16
MACROSS,CVX,20,2.5,3.8,-7.44
MACROSS,CVX,30,1.0,3.8,10.85
MACROSS,CVX,30,1.5,3.8,10.42
MACROSS,CVX,30,2.0,3.8,22.51
MACROSS,CVX,30,2.5,3.8,12.13
MACROSS,CVX,40,1.0,3.8,25.21
MACROSS,CVX,40,1.5,3.8,3.45
MACROSS,CVX,40,2.0,3.8,5.82
MACROSS,CVX,40,2.5,3.8,19.45
MACROSS,TXN,10,1.0,3.8,24.27
MACROSS,TXN,10,1.5,3.8,26.24
MACROSS,TXN,10,2.0,3.8,3.85
MACROSS,TXN,10,2.5,3.8,3.62
MACROSS,TXN,20,1.0,3.8,3.68
MACROSS,TXN,20,1.5,3.8,5.16
MACROSS,TXN,20,2.0,3.8,16.07
MACROSS,TXN,20,2.5,3.8,16.04
MACROSS,TXN,30,1.0,3.8,18.57
MACROSS,TXN,30,1.5,3.8,7.85
MACROSS,TXN,30,2.0,3.8,8.11
MACROSS,TXN,30,2.5,3.8,18.74
MACROSS,TXN,40,1.0,3.8,1.72
MACROSS,TXN,40,1.5,3.8,12.17
MACROSS,TXN,40,2.0,3.8,12.61
MACROSS,TXN,40,2.5,3.8,14.73
MACROSS,UPS,10,1.0,3.8,13.01
MACROSS,UPS,10,1.5,3.8,30.44
MACROSS,UPS,10,2.0,3.8,15.91
MACROSS,UPS,10,2.5,3.8,5.99
MACROSS,UPS,20,1.0,3.8,37.14
MACROSS,UPS,20,1.5,3.8,5.99
MACROSS,UPS,20,2.0,3.8,18.57
MACROSS,UPS,20,2.5,3.8,2.33
MACROSS,UPS,30,1.0,3.8,-1.92
MACROSS,UPS,30,1.5,3.8,17.58
MACROSS,UPS,30,2.0,3.8,11.51
MACROSS,UPS,30,2.5,3.8,5.17
MACROSS,UPS,40,1.0,3.8,-6.64
MACROSS,UPS,40,1.5,3.8,1.91
MACROSS,UPS,40,2.0,3.8,4.0
MACROSS,UPS,40,2.5,3.8,7.06
MACROSS,AA,10,1.0,3.8,14.98
MACROSS,AA,10,1.5,3.8,3.08
MACROSS,AA,10,2.0,3.8,13.83
MACROSS,AA,10,2.5,3.8,22.38
MACROSS,AA,20,1.0,3.8,3.87
MACROSS,AA,20,1.5,3.8,3.68
MACROSS,AA,20,2.0,3.8,14.04
MACROSS,AA,20,2.5,3.8,21.24
MACROSS,AA,30,1.0,3.8,16.37
MACROSS,AA,30,1.5,3.8,5.99
MACROSS,AA,30,2.0,3.8,34.6
MACROSS,AA,30,2.5,3.8,36.69
MACROSS,AA,40,1.0,3.8,-6.4
MACROSS,AA,40,1.5,3.8,2.32
MACROSS,AA,40,2.0,3.8,26.95
MACROSS,AA,40,2.5,3.8,23.96
MACROSS,BBY,10,1.0,3.8,20.51
MACROSS,BBY,10,1.5,3.8,-0.96
MACROSS,BBY,10,2.0,3.8,0.14
MACROSS,BBY,10,2.5,3.8,11.34
MACROSS,BBY,20,1.0,3.8,23.68
MACROSS,BBY,20,1.5,3.8,4.46
MACROSS,BBY,20,2.0,3.8,5.19
MACROSS,BBY,20,2.5,3.8,-2.52
MACROSS,BBY,30,1.0,3.8,-1.73
MACROSS,BBY,30,1.5,3.8,2.97
MACROSS,BBY,30,2.0,3.8,-4.11
MACROSS,BBY,30,2.5,3.8,-2.96
MACROSS,BBY,40,1.0,3.8,23.64
MACROSS,BBY,40,1.5,3.8,13.4
MACROSS,BBY,40,2.0,3.8,-11.68
MACROSS,BBY,40,2.5,3.8,-1.49
MACROSS,TYC,10,1.0,3.8,-22.24
MACROSS,TYC,10,1.5,3.8,8.43
MACROSS,TYC,10,2.0,3.8,12.87
MACROSS,TYC,10,2.5,3.8,-5.53
MACROSS,TYC,20,1.0,3.8,-8.77
MACROSS,TYC,20,1.5,3.8,-14.6
MACROSS,TYC,20,2.0,3.8,-13.4
MACROSS,TYC,20,2.5,3.8,-0.64
MACROSS,TYC,30,1.0,3.8,0.29
MACROSS,TYC,30,1.5,3.8,0.36
MACROSS,TYC,30,2.0,3.8,0.33
MACROSS,TYC,30,2.5,3.8,-9.09
MACROSS,TYC,40,1.0,3.8,-6.91
MACROSS,TYC,40,1.5,3.8,-7.26
MACROSS,TYC,40,2.0,3.8,2.53
MACROSS,TYC,40,2.5,3.8,3.48
MACROSS,CMCSA,10,1.0,3.8,8.04
MACROSS,CMCSA,10,1.5,3.8,18.74
MACROSS,CMCSA,10,2.0,3.8,21.0
MACROSS,CMCSA,10,2.5,3.8,21.39
MACROSS,CMCSA,20,1.0,3.8,14.91
MACROSS,CMCSA,20,1.5,3.8,29.7
MACROSS,CMCSA,20,2.0,3.8,26.59
MACROSS,CMCSA,20,2.5,3.8,14.91
MACROSS,CMCSA,30,1.0,3.8,28.74
MACROSS,CMCSA,30,1.5,3.8,30.05
MACROSS,CMCSA,30,2.0,3.8,17.25
MACROSS,CMCSA,30,2.5,3.8,17.24
MACROSS,CMCSA,40,1.0,3.8,23.12
MACROSS,CMCSA,40,1.5,3.8,7.84
MACROSS,CMCSA,40,2.0,3.8,17.25
MACROSS,CMCSA,40,2.5,3.8,6.78
MACROSS,VRTS,10,1.0,3.8,10.36
MACROSS,VRTS,10,1.5,3.8,-8.5
MACROSS,VRTS,10,2.0,3.8,-1.01
MACROSS,VRTS,10,2.5,3.8,-5.35
MACROSS,VRTS,20,1.0,3.8,-2.74
MACROSS,VRTS,20,1.5,3.8,6.79
MACROSS,VRTS,20,2.0,3.8,-2.74
MACROSS,VRTS,20,2.5,3.8,-17.21
MACROSS,VRTS,30,1.0,3.8,-3.23
MACROSS,VRTS,30,1.5,3.8,6.79
MACROSS,VRTS,30,2.0,3.8,8.97
MACROSS,VRTS,30,2.5,3.8,-11.43
MACROSS,VRTS,40,1.0,3.8,-0.75
MACROSS,VRTS,40,1.5,3.8,-25.67
MACROSS,VRTS,40,2.0,3.8,-16.45
MACROSS,VRTS,40,2.5,3.8,-10.92
MACROSS,KO,10,1.0,3.8,20.25
MACROSS,KO,10,1.5,3.8,-0.48
MACROSS,KO,10,2.0,3.8,11.76
MACROSS,KO,10,2.5,3.8,1.78
MACROSS,KO,20,1.0,3.8,-10.49
MACROSS,KO,20,1.5,3.8,-10.29
MACROSS,KO,20,2.0,3.8,-1.5
MACROSS,KO,20,2.5,3.8,0.51
MACROSS,KO,30,1.0,3.8,-9.04
MACROSS,KO,30,1.5,3.8,0.42
MACROSS,KO,30,2.0,3.8,0.51
MACROSS,KO,30,2.5,3.8,10.35
MACROSS,KO,40,1.0,3.8,-0.11
MACROSS,KO,40,1.5,3.8,0.51
MACROSS,KO,40,2.0,3.8,21.13
MACROSS,KO,40,2.5,3.8,10.36
MACROSS,MXIM,10,1.0,3.8,8.83
MACROSS,MXIM,10,1.5,3.8,-1.17
MACROSS,MXIM,10,2.0,3.8,-0.26
MACROSS,MXIM,10,2.5,3.8,-5.7
MACROSS,MXIM,20,1.0,3.8,8.2
MACROSS,MXIM,20,1.5,3.8,-3.83
MACROSS,MXIM,20,2.0,3.8,-2.95
MACROSS,MXIM,20,2.5,3.8,-0.1
MACROSS,MXIM,30,1.0,3.8,6.77
MACROSS,MXIM,30,1.5,3.8,8.72
MACROSS,MXIM,30,2.0,3.8,8.83
MACROSS,MXIM,30,2.5,3.8,-7.9
MACROSS,MXIM,40,1.0,3.8,-6.59
MACROSS,MXIM,40,1.5,3.8,12.61
MACROSS,MXIM,40,2.0,3.8,-1.26
MACROSS,MXIM,40,2.5,3.8,-0.08
MACROSS,SNDK,10,1.0,3.8,2.54
MACROSS,SNDK,10,1.5,3.8,7.86
MACROSS,SNDK,10,2.0,3.8,9.62
MACROSS,SNDK,10,2.5,3.8,6.57
MACROSS,SNDK,20,1.0,3.8,7.66
MACROSS,SNDK,20,1.5,3.8,18.09
MACROSS,SNDK,20,2.0,3.8,7.99
MACROSS,SNDK,20,2.5,3.8,0.25
MACROSS,SNDK,30,1.0,3.8,14.02
MACROSS,SNDK,30,1.5,3.8,16.79
MACROSS,SNDK,30,2.0,3.8,7.09
MACROSS,SNDK,30,2.5,3.8,8.66
MACROSS,SNDK,40,1.0,3.8,0.68
MACROSS,SNDK,40,1.5,3.8,-6.64
MACROSS,SNDK,40,2.0,3.8,-15.21
MACROSS,SNDK,40,2.5,3.8,-13.19
