ticker,fund,tier,inception,window_start,window_end,months,years,life_yield_pct_yr,nav_rate_pct_yr_published_arithmetic,total_return_pct_yr_published_arithmetic,total_return_pct_yr_geometric,variance_drag_pp,underlying,underlying_pct_yr_published_arithmetic,underlying_pct_yr_geometric,cap_cost_pct_yr_published_arithmetic,cap_cost_pct_yr_geometric,max_drawdown_pct,dollar_became,underlying_dollar_became,aum_usd_bn_stockanalysis_2026_07_01,expense_ratio,distribution_freq
SPYI,NEOS S&P 500 High Income,Anchor·NEOS,2022-08,2022-08-31,2026-06-30,47,3.83,12.84,2.65,15.8,15.18,0.62,SPY,20.85,19.62,-5.05,-4.44,-9.68,1.719,1.987,6.2,0.68%,Mo
QQQI,NEOS Nasdaq-100 High Income,Anchor·NEOS,2024-01,2024-01-31,2026-06-30,30,2.42,15.36,6.81,23.11,22.26,0.85,QQQ,28.89,27.19,-5.78,-4.93,-10.5,1.625,1.788,12.5,0.68%,Mo
IWMI,NEOS Russell-2000 High Income,Anchor·NEOS,2024-06,2024-06-30,2026-06-30,25,2.0,15.62,3.87,20.04,18.96,1.08,IWM,24.36,22.39,-4.33,-3.43,-20.36,1.415,1.498,0.947,0.68%,Mo
CSHI,NEOS Enhanced Income Cash Alt,Anchor·cash,2022-08,2022-08-31,2026-06-30,47,3.83,5.58,-0.15,5.43,5.43,0.0,,,,,,-1.09,1.225,,1.3,0.38%,Mo
TSPY,TappAlpha SPY Growth & Daily Income,Anchor·TappAlpha,2024-08,2024-08-31,2026-06-30,23,1.83,14.21,2.1,16.58,15.64,0.94,SPY,18.8,17.86,-2.22,-2.22,-15.2,1.305,1.352,0.286,0.71%,Mo
JEPI,JPM Equity Premium Income,Anchor·JPM,2020-05,2020-05-31,2026-06-30,74,6.08,8.81,2.03,11.01,10.45,0.56,SPY,18.9,17.5,-7.89,-7.05,-18.93,1.831,2.668,44.3,0.35%,Mo
JEPQ,JPM Nasdaq Equity Premium Income,Anchor·JPM,2022-05,2022-05-31,2026-06-30,50,4.08,11.56,6.55,18.8,17.74,1.06,QQQ,26.96,24.54,-8.16,-6.8,-17.05,1.948,2.45,39.0,0.35%,Mo
GPIX,GS S&P 500 Core Premium Income,Anchor·GS,2023-10,2023-10-31,2026-06-30,33,2.67,8.54,13.82,23.43,22.76,0.68,SPY,26.68,25.71,-3.25,-2.95,-9.44,1.728,1.841,4.4,0.29%,Mo
GPIQ,GS Nasdaq-100 Core Premium Income,Anchor·GS,2023-10,2023-10-31,2026-06-30,33,2.67,10.65,17.5,29.84,28.7,1.14,QQQ,34.6,32.79,-4.76,-4.09,-10.37,1.96,2.13,4.6,0.29%,Mo
ISPY,ProShares S&P 500 High Income,Anchor·ProShares,2023-12,2023-12-31,2026-06-30,31,2.5,9.22,7.86,17.74,17.03,0.71,SPY,21.94,21.07,-4.2,-4.04,-13.41,1.482,1.613,1.3,0.56%,Mo
SCHD,Schwab US Dividend Equity,Div-growth,2011-10,2011-10-31,2026-06-30,177,14.67,3.16,10.48,13.94,12.93,1.02,SPY,16.02,14.91,-2.08,-1.98,-22.34,5.947,7.68,95.2,0.06%,Qtr
DIVO,Amplify CWP Enhanced Dividend Income,Div + CC,2016-12,2016-12-31,2026-06-30,115,9.5,5.57,7.53,13.48,12.6,0.88,SPY,16.69,15.29,-3.21,-2.69,-20.68,3.087,3.865,7.2,0.56%,Mo
XYLD,Global X S&P 500 Covered Call,Buy-write,2013-06†,2020-08-31,2026-06-30,71,5.83,11.48,-1.32,10.02,9.55,0.47,SPY,16.85,15.47,-6.83,-5.92,-24.55,1.703,2.314,3.2,0.60%,Mo
RYLD,Global X Russell-2000 Covered Call,Buy-write,2019-04,2019-04-30,2026-06-30,87,7.17,12.43,-5.2,6.65,5.41,1.24,IWM,13.35,10.58,-6.71,-5.17,-43.98,1.459,2.056,1.4,0.60%,Mo
QYLD,Global X Nasdaq-100 Covered Call,Buy-write,2013-12,2013-12-31,2026-06-30,151,12.5,7.45,-2.04,5.27,4.62,0.64,QQQ,21.4,19.49,-16.14,-14.87,-39.3,1.759,9.258,8.2,0.60%,Mo
QDTE,Roundhill Nasdaq-100 0DTE,Booster,2024-03,2024-03-31,2026-06-30,28,2.25,44.83,-14.18,24.88,23.35,1.53,QQQ,27.62,25.83,-2.75,-2.48,-40.29,1.603,1.677,0.867,0.97%,Wk
XDTE,Roundhill S&P 500 0DTE,Booster,2024-03,2024-03-31,2026-06-30,28,2.25,31.74,-11.67,16.7,15.82,0.87,SPY,19.26,18.36,-2.56,-2.54,-30.8,1.392,1.461,0.317,0.97%,Wk
RDTE,Roundhill Russell-2000 0DTE,Booster,2024-09,2024-09-30,2026-06-30,22,1.75,46.6,-20.2,17.82,16.26,1.56,IWM,21.7,19.76,-3.88,-3.5,-40.26,1.302,1.371,0.164,0.97%,Wk
NVDY,YieldMax NVDA Option Income,Juicer,2023-05,2023-05-31,2026-06-30,38,3.08,80.83,-13.31,57.85,52.31,5.54,NVDA,85.53,74.34,-27.68,-22.03,-55.85,3.66,5.55,1.4,1.09%,Wk
CONY,YieldMax COIN Option Income,Juicer,2023-08,2023-08-31,2026-06-30,35,2.83,129.15,-46.78,27.33,9.07,18.26,COIN,75.7,29.2,-48.38,-20.13,-92.84,1.279,2.066,0.361,1.04%,Wk
TSLY,YieldMax TSLA Option Income,Juicer,2022-11,2022-11-30,2026-06-30,44,3.58,89.19,-37.56,21.11,9.77,11.34,TSLA,45.12,22.88,-24.01,-13.11,-86.88,1.397,2.092,0.823,1.07%,Wk
MSTY,YieldMax MSTR Option Income,Juicer,2024-02,2024-02-29,2026-06-30,29,2.33,144.88,-46.44,37.34,6.97,30.37,MSTR,54.8,3.03,-17.46,3.94,-92.84,1.17,1.072,1.0,1.03%,Wk
ULTY,YieldMax Ultra Option Income,Juicer·diversified,2024-02,2024-02-29,2026-06-30,29,2.33,119.84,-53.55,7.36,4.74,2.62,,,,,,-84.38,1.114,,0.914,1.30%,Wk
LFGY,YieldMax Crypto Industry & Tech,Juicer·diversified,2025-01,2025-01-31,2026-06-30,18,1.42,79.82,-38.28,13.62,7.54,6.08,,,,,,-59.34,1.108,,0.127,1.02%,Wk
