fund,month_end,market_yield_pct,yield_on_cost_pct,purchase_month,price_ratio,identity_rel_residual
SCHD,2012-09-30,2.343,2.343,2012-09-30,1.0,0.000e+00
SCHD,2012-10-31,2.365,2.343,2012-09-30,0.9906,0.000e+00
SCHD,2012-11-30,2.354,2.343,2012-09-30,0.9953,0.000e+00
SCHD,2012-12-31,2.858,2.817,2012-09-30,0.9857,1.576e-16
SCHD,2013-01-31,2.708,2.817,2012-09-30,1.0404,1.576e-16
SCHD,2013-02-28,2.652,2.817,2012-09-30,1.0623,0.000e+00
SCHD,2013-03-31,2.741,3.031,2012-09-30,1.1057,1.465e-16
SCHD,2013-04-30,2.662,3.031,2012-09-30,1.1388,1.465e-16
SCHD,2013-05-31,2.625,3.031,2012-09-30,1.1548,0.000e+00
SCHD,2013-06-30,2.722,3.096,2012-09-30,1.1374,0.000e+00
SCHD,2013-07-31,2.603,3.096,2012-09-30,1.1896,0.000e+00
SCHD,2013-08-31,2.698,3.096,2012-09-30,1.1475,1.434e-16
SCHD,2013-09-30,2.713,3.176,2012-09-30,1.1704,0.000e+00
SCHD,2013-10-31,2.584,3.176,2012-09-30,1.2289,0.000e+00
SCHD,2013-11-30,2.52,3.176,2012-09-30,1.2602,0.000e+00
SCHD,2013-12-31,2.465,3.144,2012-09-30,1.2751,0.000e+00
SCHD,2014-01-31,2.58,3.144,2012-09-30,1.2184,0.000e+00
SCHD,2014-02-28,2.484,3.144,2012-09-30,1.2657,1.413e-16
SCHD,2014-03-31,2.584,3.312,2012-09-30,1.2817,1.341e-16
SCHD,2014-04-30,2.538,3.312,2012-09-30,1.3051,1.341e-16
SCHD,2014-05-31,2.505,3.312,2012-09-30,1.3223,2.681e-16
SCHD,2014-06-30,2.604,3.466,2012-09-30,1.3311,0.000e+00
SCHD,2014-07-31,2.65,3.466,2012-09-30,1.3082,0.000e+00
SCHD,2014-08-31,2.562,3.466,2012-09-30,1.3531,0.000e+00
SCHD,2014-09-30,2.646,3.549,2012-09-30,1.3412,2.502e-16
SCHD,2014-10-31,2.595,3.549,2012-09-30,1.3677,2.502e-16
SCHD,2014-11-30,2.52,3.549,2012-09-30,1.4084,0.000e+00
SCHD,2014-12-31,2.627,3.641,2012-09-30,1.3861,0.000e+00
SCHD,2015-01-31,2.711,3.641,2012-09-30,1.343,1.220e-16
SCHD,2015-02-28,2.577,3.641,2012-09-30,1.4132,0.000e+00
SCHD,2015-03-31,2.712,3.718,2012-09-30,1.3708,0.000e+00
SCHD,2015-04-30,2.692,3.718,2012-09-30,1.3812,1.194e-16
SCHD,2015-05-31,2.679,3.718,2012-09-30,1.3882,2.389e-16
SCHD,2015-06-30,2.889,3.847,2012-09-30,1.3318,0.000e+00
SCHD,2015-07-31,2.868,3.847,2012-09-30,1.3412,0.000e+00
SCHD,2015-08-31,3.029,3.847,2012-09-30,1.2699,1.154e-16
SCHD,2015-09-30,3.2,4.002,2012-09-30,1.2504,2.219e-16
SCHD,2015-10-31,2.942,4.002,2012-09-30,1.36,2.219e-16
SCHD,2015-11-30,2.934,4.002,2012-09-30,1.3638,2.219e-16
SCHD,2015-12-31,2.974,3.988,2012-09-30,1.3412,0.000e+00
SCHD,2016-01-31,3.043,3.988,2012-09-30,1.3106,2.227e-16
SCHD,2016-02-29,3.021,3.988,2012-09-30,1.3203,1.114e-16
SCHD,2016-03-31,2.93,4.086,2012-09-30,1.3944,0.000e+00
SCHD,2016-04-30,2.936,4.086,2012-09-30,1.392,0.000e+00
SCHD,2016-05-31,2.895,4.086,2012-09-30,1.4115,2.174e-16
SCHD,2016-06-30,2.862,4.125,2012-09-30,1.4414,0.000e+00
SCHD,2016-07-31,2.782,4.125,2012-09-30,1.4824,2.153e-16
SCHD,2016-08-31,2.792,4.125,2012-09-30,1.4776,2.153e-16
SCHD,2016-09-30,2.673,3.933,2012-09-30,1.4717,1.129e-16
SCHD,2016-10-31,2.715,3.933,2012-09-30,1.4487,0.000e+00
SCHD,2016-11-30,2.629,3.933,2012-09-30,1.496,1.129e-16
SCHD,2016-12-31,2.887,4.376,2012-09-30,1.5155,0.000e+00
SCHD,2017-01-31,2.901,4.376,2012-09-30,1.5082,0.000e+00
SCHD,2017-02-28,2.806,4.376,2012-09-30,1.5597,0.000e+00
SCHD,2017-03-31,2.884,4.472,2012-09-30,1.5506,1.986e-16
SCHD,2017-04-30,2.877,4.472,2012-09-30,1.5544,0.000e+00
SCHD,2017-05-31,2.828,4.472,2012-09-30,1.5816,0.000e+00
SCHD,2017-06-30,2.881,4.52,2012-09-30,1.5687,1.965e-16
SCHD,2017-07-31,2.834,4.52,2012-09-30,1.5948,0.000e+00
SCHD,2017-08-31,2.835,4.52,2012-09-30,1.5944,1.965e-16
SCHD,2017-09-30,2.991,4.868,2012-09-30,1.6278,1.824e-16
SCHD,2017-10-31,2.886,4.868,2012-09-30,1.6866,0.000e+00
SCHD,2017-11-30,2.77,4.868,2012-09-30,1.7576,1.824e-16
SCHD,2017-12-31,2.63,4.681,2012-09-30,1.7798,0.000e+00
SCHD,2018-01-31,2.515,4.681,2012-09-30,1.8609,0.000e+00
SCHD,2018-02-28,2.665,4.681,2012-09-30,1.7562,0.000e+00
SCHD,2018-03-31,2.613,4.457,2012-09-30,1.7054,1.993e-16
SCHD,2018-04-30,2.643,4.457,2012-09-30,1.6863,0.000e+00
SCHD,2018-05-31,2.597,4.457,2012-09-30,1.7165,1.993e-16
SCHD,2018-06-30,2.751,4.716,2012-09-30,1.7144,1.883e-16
SCHD,2018-07-31,2.631,4.716,2012-09-30,1.7924,0.000e+00
SCHD,2018-08-31,2.572,4.716,2012-09-30,1.8334,0.000e+00
SCHD,2018-09-30,2.601,4.796,2012-09-30,1.8435,0.000e+00
SCHD,2018-10-31,2.765,4.796,2012-09-30,1.7346,0.000e+00
SCHD,2018-11-30,2.675,4.796,2012-09-30,1.793,1.852e-16
SCHD,2018-12-31,3.064,5.006,2012-09-30,1.6337,0.000e+00
SCHD,2019-01-31,2.89,5.006,2012-09-30,1.7325,1.774e-16
SCHD,2019-02-28,2.777,5.006,2012-09-30,1.8028,1.774e-16
SCHD,2019-03-31,2.926,5.321,2012-09-30,1.8184,1.669e-16
SCHD,2019-04-30,2.835,5.321,2012-09-30,1.8769,1.669e-16
SCHD,2019-05-31,3.068,5.321,2012-09-30,1.7343,0.000e+00
SCHD,2019-06-30,2.911,5.374,2012-09-30,1.8459,1.653e-16
SCHD,2019-07-31,2.864,5.374,2012-09-30,1.8765,0.000e+00
SCHD,2019-08-31,2.902,5.374,2012-09-30,1.8522,0.000e+00
SCHD,2019-09-30,3.037,5.787,2012-09-30,1.9054,1.535e-16
SCHD,2019-10-31,2.997,5.787,2012-09-30,1.9311,1.535e-16
SCHD,2019-11-30,2.914,5.787,2012-09-30,1.9857,0.000e+00
SCHD,2019-12-31,2.977,5.997,2012-09-30,2.0146,1.481e-16
SCHD,2020-01-31,3.03,5.997,2012-09-30,1.9791,0.000e+00
SCHD,2020-02-29,3.343,5.997,2012-09-30,1.7941,0.000e+00
SCHD,2020-03-31,4.033,6.31,2012-09-30,1.5645,1.408e-16
SCHD,2020-04-30,3.582,6.31,2012-09-30,1.7617,1.408e-16
SCHD,2020-05-31,3.454,6.31,2012-09-30,1.8268,1.408e-16
SCHD,2020-06-30,3.546,6.383,2012-09-30,1.8,1.391e-16
SCHD,2020-07-31,3.368,6.383,2012-09-30,1.8953,2.783e-16
SCHD,2020-08-31,3.204,6.383,2012-09-30,1.9924,2.783e-16
SCHD,2020-09-30,3.423,6.583,2012-09-30,1.9235,0.000e+00
SCHD,2020-10-31,3.41,6.583,2012-09-30,1.9308,0.000e+00
SCHD,2020-11-30,3.013,6.583,2012-09-30,2.1851,1.349e-16
SCHD,2020-12-31,3.162,7.055,2012-09-30,2.231,1.259e-16
SCHD,2021-01-31,3.191,7.055,2012-09-30,2.2108,1.259e-16
SCHD,2021-02-28,3.009,7.055,2012-09-30,2.3447,1.259e-16
SCHD,2021-03-31,2.865,7.266,2012-09-30,2.5364,1.222e-16
SCHD,2021-04-30,2.803,7.266,2012-09-30,2.5924,0.000e+00
SCHD,2021-05-31,2.716,7.266,2012-09-30,2.6758,1.222e-16
SCHD,2021-06-30,2.892,7.606,2012-09-30,2.6303,0.000e+00
SCHD,2021-07-31,2.873,7.606,2012-09-30,2.6473,1.168e-16
SCHD,2021-08-31,2.814,7.606,2012-09-30,2.7026,0.000e+00
SCHD,2021-09-30,3.005,7.759,2012-09-30,2.5823,1.145e-16
SCHD,2021-10-31,2.878,7.759,2012-09-30,2.696,1.145e-16
SCHD,2021-11-30,2.938,7.759,2012-09-30,2.6407,1.145e-16
SCHD,2021-12-31,2.782,7.823,2012-09-30,2.8115,1.135e-16
SCHD,2022-01-31,2.861,7.823,2012-09-30,2.7346,1.135e-16
SCHD,2022-02-28,2.917,7.823,2012-09-30,2.6817,0.000e+00
SCHD,2022-03-31,2.87,7.875,2012-09-30,2.744,0.000e+00
SCHD,2022-04-30,2.993,7.875,2012-09-30,2.631,0.000e+00
SCHD,2022-05-31,2.881,7.875,2012-09-30,2.7336,0.000e+00
SCHD,2022-06-30,3.39,8.446,2012-09-30,2.4915,0.000e+00
SCHD,2022-07-31,3.262,8.446,2012-09-30,2.5889,0.000e+00
SCHD,2022-08-31,3.354,8.446,2012-09-30,2.5183,2.103e-16
SCHD,2022-09-30,3.73,8.619,2012-09-30,2.3106,0.000e+00
SCHD,2022-10-31,3.354,8.619,2012-09-30,2.5698,2.061e-16
SCHD,2022-11-30,3.139,8.619,2012-09-30,2.7454,0.000e+00
SCHD,2022-12-31,3.391,8.91,2012-09-30,2.6275,0.000e+00
SCHD,2023-01-31,3.322,8.91,2012-09-30,2.6821,0.000e+00
SCHD,2023-02-28,3.436,8.91,2012-09-30,2.5931,0.000e+00
SCHD,2023-03-31,3.609,9.184,2012-09-30,2.5447,0.000e+00
SCHD,2023-04-30,3.638,9.184,2012-09-30,2.5242,0.000e+00
SCHD,2023-05-31,3.794,9.184,2012-09-30,2.4205,1.934e-16
SCHD,2023-06-30,3.582,9.048,2012-09-30,2.5259,0.000e+00
SCHD,2023-07-31,3.438,9.048,2012-09-30,2.6317,0.000e+00
SCHD,2023-08-31,3.49,9.048,2012-09-30,2.5924,0.000e+00
SCHD,2023-09-30,3.701,9.11,2012-09-30,2.4612,1.950e-16
SCHD,2023-10-31,3.848,9.11,2012-09-30,2.3673,0.000e+00
SCHD,2023-11-30,3.62,9.11,2012-09-30,2.5165,0.000e+00
SCHD,2023-12-31,3.491,9.245,2012-09-30,2.648,0.000e+00
SCHD,2024-01-31,3.486,9.245,2012-09-30,2.6518,0.000e+00
SCHD,2024-02-29,3.423,9.245,2012-09-30,2.7005,0.000e+00
SCHD,2024-03-31,3.315,9.296,2012-09-30,2.8045,0.000e+00
SCHD,2024-04-30,3.471,9.296,2012-09-30,2.6779,1.911e-16
SCHD,2024-05-31,3.401,9.296,2012-09-30,2.7329,1.911e-16
SCHD,2024-06-30,3.642,9.85,2012-09-30,2.7047,0.000e+00
SCHD,2024-07-31,3.429,9.85,2012-09-30,2.8724,1.803e-16
SCHD,2024-08-31,3.35,9.85,2012-09-30,2.9402,1.803e-16
SCHD,2024-09-30,3.468,10.198,2012-09-30,2.9402,0.000e+00
SCHD,2024-10-31,3.462,10.198,2012-09-30,2.9457,0.000e+00
SCHD,2024-11-30,3.31,10.198,2012-09-30,3.0814,1.742e-16
SCHD,2024-12-31,3.64,10.376,2012-09-30,2.8508,1.712e-16
SCHD,2025-01-31,3.573,10.376,2012-09-30,2.904,1.712e-16
SCHD,2025-02-28,3.484,10.376,2012-09-30,2.9781,1.712e-16
SCHD,2025-03-31,3.718,10.847,2012-09-30,2.9176,0.000e+00
SCHD,2025-04-30,4.026,10.847,2012-09-30,2.6943,1.638e-16
SCHD,2025-05-31,3.972,10.847,2012-09-30,2.7308,0.000e+00
SCHD,2025-06-30,3.868,10.696,2012-09-30,2.7652,1.661e-16
SCHD,2025-07-31,3.868,10.696,2012-09-30,2.7652,1.661e-16
SCHD,2025-08-31,3.671,10.696,2012-09-30,2.9134,1.661e-16
SCHD,2025-09-30,3.787,10.789,2012-09-30,2.8487,1.647e-16
SCHD,2025-10-31,3.865,10.789,2012-09-30,2.7913,0.000e+00
SCHD,2025-11-30,3.747,10.789,2012-09-30,2.879,0.000e+00
SCHD,2025-12-31,3.819,10.932,2012-09-30,2.8623,0.000e+00
SCHD,2026-01-31,3.513,10.932,2012-09-30,3.1117,0.000e+00
SCHD,2026-02-28,3.297,10.932,2012-09-30,3.3151,1.625e-16
SCHD,2026-03-31,3.441,11.016,2012-09-30,3.2014,0.000e+00
SCHD,2026-04-30,3.292,11.016,2012-09-30,3.3464,0.000e+00
SCHD,2026-05-31,3.248,11.016,2012-09-30,3.3913,1.613e-16
SCHD,2026-06-30,2.486,8.301,2012-09-30,3.3384,2.140e-16
ULTY,2025-01-31,122.012,122.012,2025-01-31,1.0,0.000e+00
ULTY,2025-02-28,146.222,128.197,2025-01-31,0.8767,2.217e-16
ULTY,2025-03-31,178.947,124.727,2025-01-31,0.697,0.000e+00
ULTY,2025-04-30,165.285,112.348,2025-01-31,0.6797,1.265e-16
ULTY,2025-05-31,146.089,103.508,2025-01-31,0.7085,0.000e+00
ULTY,2025-06-30,130.478,94.702,2025-01-31,0.7258,1.501e-16
ULTY,2025-07-31,125.793,88.983,2025-01-31,0.7074,0.000e+00
ULTY,2025-08-31,129.439,84.553,2025-01-31,0.6532,0.000e+00
ULTY,2025-09-30,122.929,77.468,2025-01-31,0.6302,1.834e-16
ULTY,2025-10-31,127.925,73.1,2025-01-31,0.5714,1.944e-16
ULTY,2025-11-30,143.395,66.576,2025-01-31,0.4643,0.000e+00
ULTY,2025-12-31,142.994,61.497,2025-01-31,0.4301,0.000e+00
ULTY,2026-01-31,137.986,57.214,2025-01-31,0.4146,0.000e+00
ULTY,2026-02-28,131.437,53.12,2025-01-31,0.4041,1.338e-16
ULTY,2026-03-31,131.078,46.315,2025-01-31,0.3533,1.534e-16
ULTY,2026-04-30,123.619,44.705,2025-01-31,0.3616,0.000e+00
ULTY,2026-05-31,111.32,40.655,2025-01-31,0.3652,0.000e+00
ULTY,2026-06-30,108.305,37.707,2025-01-31,0.3482,0.000e+00
