arm,metric,evidence_class,draws,q05,q50,q95,share_beat_spy
NULL-SRC,cagr,daily-series recomputation,100,-0.07035009635941517,0.09311360383521539,0.2700224652051931,0.5
NULL-SRC,sharpe,daily-series recomputation,100,0.05281658703486833,0.42347914973312595,0.7337130243943443,0.2
NULL-SRC,max_dd,daily-series recomputation,100,-0.9209336218141455,-0.795898106990779,-0.5744010526342435,0.0
PIT,cagr,daily-series recomputation,100,-0.18089744911884292,0.017754092444785874,0.15500078159054806,0.18
PIT,sharpe,daily-series recomputation,100,-0.12821945575312518,0.2636939792262035,0.543877476130324,0.05
PIT,max_dd,daily-series recomputation,100,-0.9814921763090724,-0.8326270712254302,-0.6735896366880132,0.0
TOP10,cagr,TABLE-DERIVED,100,0.10680349129758548,0.15975798961385385,0.22986651477866435,0.98
TOP10,sharpe,TABLE-DERIVED,100,0.5056549467724025,0.6995771403973182,0.9012344035602431,0.89
TOP10,max_dd,TABLE-DERIVED,100,-0.6637355880674987,-0.5640563897781861,-0.45819681309006877,0.28
20BPS,cagr,daily-series recomputation,100,-0.07898192205180558,0.0834390257332317,0.2567274137900953,0.43
20BPS,sharpe,daily-series recomputation,100,0.02903373931856245,0.39900116281581344,0.7120351287029155,0.2
20BPS,max_dd,daily-series recomputation,100,-0.9336398656299859,-0.7983313805676547,-0.5879494504143242,0.0
PIT-TOP10-20BPS,cagr,TABLE-DERIVED,100,0.02134117658981763,0.05246619395116375,0.09812317002017984,0.08
PIT-TOP10-20BPS,sharpe,TABLE-DERIVED,100,0.20972394025058755,0.32846632760660865,0.4932734173353701,0.01
PIT-TOP10-20BPS,max_dd,TABLE-DERIVED,100,-0.68326107965594,-0.6055174640457318,-0.4993372360537932,0.12
SURV_S,cagr,TABLE-DERIVED,100,-0.027540772748181314,0.08378554160122689,0.24452158308206207,0.48
SURV_S,sharpe,TABLE-DERIVED,100,0.14397286923753175,0.40300786711244185,0.7449468620388848,0.29
SURV_S,max_dd,TABLE-DERIVED,100,-0.9416546153255227,-0.7491049787058588,-0.587265600002581,0.02
