row,id,variant,what_changes,members,entry_date,basket_gap_pts,typical_gap_pts,basket_beat,typical_beat,changes_basket_answer,changes_typical_answer,note
1,A1,costs,0.50% per side charged on every member and 0.03% per side on the S&P 500 fund,98,,-27.9,-85.3,no,no,no,no,
2,A1,liquidity_1m,only members with at least $1 million traded on the moment day,72,,-28.0,-75.1,no,no,no,no,
3,A1,linked_excluded,members linked to a renamed ticker or a successor issuer removed,98,,-26.5,-84.5,no,no,no,no,
4,A1,price_links_as_exits,hand-offs found by price matching treated as exits at the last close,98,,-26.4,-84.5,no,no,no,no,
5,A1,with_leader,the hot stock put back in the basket,99,,-17.5,-83.1,no,no,no,no,
6,A1,qa_excluded,members flagged by our data check removed,97,,-25.2,-83.1,no,no,no,no,
7,A1,exit_minus30,an extra -30% on every collapsed exit,98,,-26.6,-84.5,no,no,no,no,
8,A1,hole_low,unidentified companies added at -100%,106,,-37.7,-88.6,no,no,no,no,
9,A1,hole_high,unidentified companies added at the basket's 90th-percentile member,106,,-16.5,-73.8,no,no,no,no,
10,A1,timing_-63,bought 63 trading days earlier,97,2022-08-31,-52.3,-87.2,no,no,no,no,
11,A1,timing_+63,bought 63 trading days later,96,2023-03-03,19.7,-67.9,yes,no,yes,no,
12,A1,dvol_weighted,weighted by trading activity (20-day dollar volume) instead of equally; whole basket only,98,,64.1,,yes,,yes,,
13,A2,costs,0.50% per side charged on every member and 0.03% per side on the S&P 500 fund,23,,-43.6,-34.3,no,no,no,no,
14,A2,liquidity_1m,only members with at least $1 million traded on the moment day,23,,-42.8,-33.4,no,no,no,no,
15,A2,linked_excluded,members linked to a renamed ticker or a successor issuer removed,23,,-42.8,-33.4,no,no,no,no,
16,A2,price_links_as_exits,hand-offs found by price matching treated as exits at the last close,23,,-42.4,-33.4,no,no,no,no,
17,A2,with_leader,the hot stock put back in the basket,24,,-41.7,-33.3,no,no,no,no,
18,A2,qa_excluded,members flagged by our data check removed,23,,-42.8,-33.4,no,no,no,no,
19,A2,exit_minus30,an extra -30% on every collapsed exit,23,,-42.8,-33.4,no,no,no,no,
20,A2,hole_low,unidentified companies added at -100%,25,,-50.1,-45.1,no,no,no,no,
21,A2,hole_high,unidentified companies added at the basket's 90th-percentile member,25,,-33.5,-33.3,no,no,no,no,
22,A2,timing_-63,bought 63 trading days earlier,21,2020-09-22,-14.7,1.4,no,yes,no,yes,
23,A2,timing_+63,bought 63 trading days later,22,2021-03-24,-54.6,-50.9,no,no,no,no,
24,A2,dvol_weighted,weighted by trading activity (20-day dollar volume) instead of equally; whole basket only,23,,-97.9,,no,,no,,
25,A3,costs,0.50% per side charged on every member and 0.03% per side on the S&P 500 fund,10,,-78.7,-96.4,no,no,no,no,
26,A3,liquidity_1m,only members with at least $1 million traded on the moment day,5,,-120.9,-116.2,no,no,no,no,
27,A3,linked_excluded,members linked to a renamed ticker or a successor issuer removed,10,,-77.9,-95.8,no,no,no,no,
28,A3,price_links_as_exits,hand-offs found by price matching treated as exits at the last close,10,,-77.9,-95.8,no,no,no,no,
29,A3,qa_excluded,members flagged by our data check removed,10,,-77.9,-95.8,no,no,no,no,
30,A3,exit_minus30,an extra -30% on every collapsed exit,10,,-77.9,-95.8,no,no,no,no,
31,A3,hole_low,unidentified companies added at -100%,11,,-86.0,-111.3,no,no,no,no,
32,A3,hole_high,unidentified companies added at the basket's 90th-percentile member,11,,-70.3,-80.3,no,no,no,no,
33,A3,timing_-63,bought 63 trading days earlier,10,2018-07-19,-54.2,-77.3,no,no,no,no,
34,A3,timing_+63,bought 63 trading days later,10,2019-01-18,-98.2,-98.2,no,no,no,no,
35,A3,dvol_weighted,weighted by trading activity (20-day dollar volume) instead of equally; whole basket only,10,,-149.6,,no,,no,,
36,A4,costs,0.50% per side charged on every member and 0.03% per side on the S&P 500 fund,141,,-83.2,-104.4,no,no,no,no,
37,A4,liquidity_1m,only members with at least $1 million traded on the moment day,103,,-80.6,-106.6,no,no,no,no,
38,A4,linked_excluded,members linked to a renamed ticker or a successor issuer removed,139,,-82.5,-104.2,no,no,no,no,
39,A4,price_links_as_exits,hand-offs found by price matching treated as exits at the last close,141,,-82.7,-104.2,no,no,no,no,
40,A4,with_leader,the hot stock put back in the basket,142,,-82.5,-103.9,no,no,no,no,
41,A4,qa_excluded,members flagged by our data check removed,133,,-83.1,-104.6,no,no,no,no,
42,A4,exit_minus30,an extra -30% on every collapsed exit,141,,-82.9,-104.2,no,no,no,no,
43,A4,hole_low,unidentified companies added at -100%,154,,-86.6,-109.3,no,no,no,no,
44,A4,hole_high,unidentified companies added at the basket's 90th-percentile member,154,,-76.2,-98.2,no,no,no,no,
45,A4,timing_-63,bought 63 trading days earlier,130,2020-08-11,-86.2,-110.0,no,no,no,no,
46,A4,timing_+63,bought 63 trading days later,139,2021-02-10,-96.1,-119.4,no,no,no,no,
47,A4,dvol_weighted,weighted by trading activity (20-day dollar volume) instead of equally; whole basket only,141,,-47.5,,no,,no,,
48,A5,costs,0.50% per side charged on every member and 0.03% per side on the S&P 500 fund,48,,-68.9,-85.3,no,no,no,no,
49,A5,liquidity_1m,only members with at least $1 million traded on the moment day,39,,-71.7,-87.3,no,no,no,no,
50,A5,linked_excluded,members linked to a renamed ticker or a successor issuer removed,47,,-69.2,-87.3,no,no,no,no,
51,A5,price_links_as_exits,hand-offs found by price matching treated as exits at the last close,48,,-68.3,-84.9,no,no,no,no,
52,A5,with_leader,the hot stock put back in the basket,49,,-69.4,-87.3,no,no,no,no,
53,A5,qa_excluded,members flagged by our data check removed,48,,-68.3,-84.9,no,no,no,no,
54,A5,exit_minus30,an extra -30% on every collapsed exit,48,,-68.4,-84.9,no,no,no,no,
55,A5,hole_low,unidentified companies added at -100%,53,,-74.5,-96.4,no,no,no,no,
56,A5,hole_high,unidentified companies added at the basket's 90th-percentile member,53,,-61.4,-67.0,no,no,no,no,
57,A5,timing_-63,bought 63 trading days earlier,44,2020-06-03,-69.1,-94.4,no,no,no,no,
58,A5,timing_+63,bought 63 trading days later,46,2020-12-01,-77.9,-91.8,no,no,no,no,
59,A5,dvol_weighted,weighted by trading activity (20-day dollar volume) instead of equally; whole basket only,48,,-23.5,,no,,no,,
60,A6,costs,0.50% per side charged on every member and 0.03% per side on the S&P 500 fund,18,,,-19.9,,no,,no,Basket figures withheld: they include the data-error member at its stored return.
61,A6,liquidity_1m,only members with at least $1 million traded on the moment day,14,,-31.7,-18.4,no,no,yes,no,
62,A6,linked_excluded,members linked to a renamed ticker or a successor issuer removed,18,,,-18.4,,no,,no,Basket figures withheld: they include the data-error member at its stored return.
63,A6,price_links_as_exits,hand-offs found by price matching treated as exits at the last close,18,,,-18.4,,no,,no,Basket figures withheld: they include the data-error member at its stored return.
64,A6,with_leader,the hot stock put back in the basket,19,,,-8.8,,no,,no,Basket figures withheld: they include the data-error member at its stored return.
65,A6,qa_excluded,members flagged by our data check removed (on this moment that removes the Autobytel data error; elsewhere the flags are not established errors),17,,-39.0,-28.0,no,no,yes,no,
66,A6,exit_minus30,an extra -30% on every collapsed exit,18,,,-18.4,,no,,no,Basket figures withheld: they include the data-error member at its stored return.
67,A6,hole_low,unidentified companies added at -100%,24,,,-49.1,,no,,no,Basket figures withheld: they include the data-error member at its stored return.
68,A6,hole_high,unidentified companies added at the basket's 90th-percentile member,24,,,-1.6,,no,,no,Basket figures withheld: they include the data-error member at its stored return.
69,A6,timing_-63,bought 63 trading days earlier,18,2012-02-17,,-3.1,,no,,no,Basket figures withheld: they include the data-error member at its stored return.
70,A6,timing_+63,bought 63 trading days later,18,2012-08-17,,-33.7,,no,,no,Basket figures withheld: they include the data-error member at its stored return.
71,A6,dvol_weighted,weighted by trading activity (20-day dollar volume) instead of equally; whole basket only,18,,,,,,,,Basket figures withheld: they include the data-error member at its stored return.
72,A7,costs,0.50% per side charged on every member and 0.03% per side on the S&P 500 fund,251,,-39.1,-64.6,no,no,no,no,
73,A7,liquidity_1m,only members with at least $1 million traded on the moment day,179,,-39.6,-59.7,no,no,no,no,
74,A7,linked_excluded,members linked to a renamed ticker or a successor issuer removed,250,,-37.4,-63.6,no,no,no,no,
75,A7,price_links_as_exits,hand-offs found by price matching treated as exits at the last close,251,,-37.2,-63.6,no,no,no,no,
76,A7,with_leader,the hot stock put back in the basket,252,,-29.5,-63.6,no,no,no,no,
77,A7,qa_excluded,members flagged by our data check removed,245,,-35.3,-62.9,no,no,no,no,
78,A7,exit_minus30,an extra -30% on every collapsed exit,251,,-37.9,-63.6,no,no,no,no,
79,A7,hole_low,unidentified companies added at -100%,271,,-47.9,-68.5,no,no,no,no,
80,A7,hole_high,unidentified companies added at the basket's 90th-percentile member,271,,-28.4,-59.8,no,no,no,no,
81,A7,timing_-63,bought 63 trading days earlier,242,2022-08-31,-37.0,-66.5,no,no,no,no,
82,A7,timing_+63,bought 63 trading days later,242,2023-03-03,-72.8,-89.7,no,no,no,no,
83,A7,dvol_weighted,weighted by trading activity (20-day dollar volume) instead of equally; whole basket only,251,,11.9,,yes,,yes,,
84,S1,costs,0.50% per side charged on every member and 0.03% per side on the S&P 500 fund,97,,199.9,-33.0,yes,no,no,no,
85,S1,liquidity_1m,only members with at least $1 million traded on the moment day,77,,79.0,-2.3,yes,no,no,no,
86,S1,linked_excluded,members linked to a renamed ticker or a successor issuer removed,97,,203.7,-31.6,yes,no,no,no,
87,S1,price_links_as_exits,hand-offs found by price matching treated as exits at the last close,97,,204.0,-31.6,yes,no,no,no,
88,S1,with_leader,the hot stock put back in the basket,98,,205.5,-28.1,yes,no,no,no,
89,S1,qa_excluded,members flagged by our data check removed,96,,206.2,-28.1,yes,no,no,no,
90,S1,exit_minus30,an extra -30% on every collapsed exit,97,,203.6,-31.6,yes,no,no,no,
91,S1,hole_low,unidentified companies added at -100%,103,,180.9,-41.1,yes,no,no,no,
92,S1,hole_high,unidentified companies added at the basket's 90th-percentile member,103,,215.0,-9.3,yes,no,no,no,
93,S1,timing_-63,bought 63 trading days earlier,95,2023-02-24,8.9,-62.6,yes,no,no,no,
94,S1,timing_+63,bought 63 trading days later,97,2023-08-25,136.5,-9.0,yes,no,no,no,
95,S1,dvol_weighted,weighted by trading activity (20-day dollar volume) instead of equally; whole basket only,97,,182.1,,yes,,no,,
96,S2,costs,0.50% per side charged on every member and 0.03% per side on the S&P 500 fund,23,,-42.0,-32.6,no,no,no,no,
97,S2,liquidity_1m,only members with at least $1 million traded on the moment day,23,,-41.1,-31.7,no,no,no,no,
98,S2,linked_excluded,members linked to a renamed ticker or a successor issuer removed,23,,-41.1,-31.7,no,no,no,no,
99,S2,price_links_as_exits,hand-offs found by price matching treated as exits at the last close,23,,-40.7,-31.7,no,no,no,no,
100,S2,with_leader,the hot stock put back in the basket,24,,-40.6,-29.5,no,no,no,no,
101,S2,qa_excluded,members flagged by our data check removed,23,,-41.1,-31.7,no,no,no,no,
102,S2,exit_minus30,an extra -30% on every collapsed exit,23,,-41.1,-31.7,no,no,no,no,
103,S2,hole_low,unidentified companies added at -100%,25,,-48.5,-45.4,no,no,no,no,
104,S2,hole_high,unidentified companies added at the basket's 90th-percentile member,25,,-33.2,-11.9,no,no,no,no,
105,S2,timing_-63,bought 63 trading days earlier,21,2020-10-01,-13.2,3.8,no,yes,no,yes,
106,S2,timing_+63,bought 63 trading days later,22,2021-04-05,-50.7,-46.1,no,no,no,no,
107,S2,dvol_weighted,weighted by trading activity (20-day dollar volume) instead of equally; whole basket only,23,,-91.1,,no,,no,,
108,B-XOM,costs,0.50% per side charged on every member and 0.03% per side on the S&P 500 fund,23,,72.6,-2.8,yes,no,no,no,
109,B-XOM,liquidity_1m,only members with at least $1 million traded on the moment day,19,,37.1,10.4,yes,yes,no,yes,
110,B-XOM,linked_excluded,members linked to a renamed ticker or a successor issuer removed,23,,74.8,-1.4,yes,no,no,no,
111,B-XOM,price_links_as_exits,hand-offs found by price matching treated as exits at the last close,23,,74.8,-1.4,yes,no,no,no,
112,B-XOM,with_leader,the hot stock put back in the basket,24,,69.8,-4.6,yes,no,no,no,
113,B-XOM,qa_excluded,members flagged by our data check removed,23,,74.8,-1.4,yes,no,no,no,
114,B-XOM,exit_minus30,an extra -30% on every collapsed exit,23,,74.8,-1.4,yes,no,no,no,
115,B-XOM,hole_low,unidentified companies added at -100%,36,,-7.3,-33.8,no,no,yes,no,
116,B-XOM,hole_high,unidentified companies added at the basket's 90th-percentile member,36,,105.5,55.7,yes,yes,no,yes,
117,B-XOM,timing_-63,bought 63 trading days earlier,23,2008-09-04,3.2,-3.6,yes,no,no,no,
118,B-XOM,timing_+63,bought 63 trading days later,22,2009-03-06,35.1,-22.5,yes,no,no,no,
119,B-XOM,dvol_weighted,weighted by trading activity (20-day dollar volume) instead of equally; whole basket only,23,,-0.0,,no,,yes,,
120,B-JPM,costs,0.50% per side charged on every member and 0.03% per side on the S&P 500 fund,78,,-38.5,-46.0,no,no,no,no,
121,B-JPM,liquidity_1m,only members with at least $1 million traded on the moment day,36,,-18.1,-33.9,no,no,no,no,
122,B-JPM,linked_excluded,members linked to a renamed ticker or a successor issuer removed,77,,-37.7,-45.5,no,no,no,no,
123,B-JPM,price_links_as_exits,hand-offs found by price matching treated as exits at the last close,78,,-37.1,-44.7,no,no,no,no,
124,B-JPM,with_leader,the hot stock put back in the basket,79,,-36.8,-43.9,no,no,no,no,
125,B-JPM,qa_excluded,members flagged by our data check removed,78,,-37.1,-44.7,no,no,no,no,
126,B-JPM,exit_minus30,an extra -30% on every collapsed exit,78,,-37.1,-44.7,no,no,no,no,
127,B-JPM,hole_low,unidentified companies added at -100%,120,,-88.4,-76.7,no,no,no,no,
128,B-JPM,hole_high,unidentified companies added at the basket's 90th-percentile member,120,,-15.7,-6.9,no,no,no,no,
129,B-JPM,timing_-63,bought 63 trading days earlier,71,2008-12-24,-59.7,-60.6,no,no,no,no,
130,B-JPM,timing_+63,bought 63 trading days later,77,2009-06-26,-30.4,-30.3,no,no,no,no,
131,B-JPM,dvol_weighted,weighted by trading activity (20-day dollar volume) instead of equally; whole basket only,78,,-10.9,,no,,no,,
132,B-AMZN,costs,0.50% per side charged on every member and 0.03% per side on the S&P 500 fund,12,,22.6,41.9,yes,yes,no,no,
133,B-AMZN,liquidity_1m,only members with at least $1 million traded on the moment day,10,,29.4,43.7,yes,yes,no,no,
134,B-AMZN,linked_excluded,members linked to a renamed ticker or a successor issuer removed,12,,24.3,43.7,yes,yes,no,no,
135,B-AMZN,price_links_as_exits,hand-offs found by price matching treated as exits at the last close,12,,24.3,43.7,yes,yes,no,no,
136,B-AMZN,with_leader,the hot stock put back in the basket,13,,29.3,51.6,yes,yes,no,no,
137,B-AMZN,qa_excluded,members flagged by our data check removed,12,,24.3,43.7,yes,yes,no,no,
138,B-AMZN,exit_minus30,an extra -30% on every collapsed exit,12,,24.3,43.7,yes,yes,no,no,
139,B-AMZN,hole_low,unidentified companies added at -100%,14,,-0.7,8.3,no,yes,yes,no,
140,B-AMZN,hole_high,unidentified companies added at the basket's 90th-percentile member,14,,41.0,52.1,yes,yes,no,no,
141,B-AMZN,timing_-63,bought 63 trading days earlier,11,2016-08-12,46.3,23.4,yes,yes,no,no,
142,B-AMZN,timing_+63,bought 63 trading days later,12,2017-02-13,-4.5,-21.1,no,no,yes,yes,
143,B-AMZN,dvol_weighted,weighted by trading activity (20-day dollar volume) instead of equally; whole basket only,12,,13.8,,yes,,no,,
144,B-NVDA,costs,0.50% per side charged on every member and 0.03% per side on the S&P 500 fund,98,,68.0,-21.8,yes,no,no,no,
145,B-NVDA,liquidity_1m,only members with at least $1 million traded on the moment day,78,,7.3,-11.2,yes,no,no,no,
146,B-NVDA,linked_excluded,members linked to a renamed ticker or a successor issuer removed,97,,70.7,-22.2,yes,no,no,no,
147,B-NVDA,price_links_as_exits,hand-offs found by price matching treated as exits at the last close,98,,71.9,-18.9,yes,no,no,no,
148,B-NVDA,with_leader,the hot stock put back in the basket,99,,70.4,-19.2,yes,no,no,no,
149,B-NVDA,qa_excluded,members flagged by our data check removed,96,,72.8,-20.7,yes,no,no,no,
150,B-NVDA,exit_minus30,an extra -30% on every collapsed exit,98,,70.0,-20.7,yes,no,no,no,
151,B-NVDA,hole_low,unidentified companies added at -100%,115,,39.1,-33.8,yes,no,no,no,
152,B-NVDA,hole_high,unidentified companies added at the basket's 90th-percentile member,115,,75.2,-6.6,yes,no,no,no,
153,B-NVDA,timing_-63,bought 63 trading days earlier,97,2017-04-17,18.2,-19.8,yes,no,no,no,
154,B-NVDA,timing_+63,bought 63 trading days later,97,2017-10-13,79.7,-23.2,yes,no,no,no,
155,B-NVDA,dvol_weighted,weighted by trading activity (20-day dollar volume) instead of equally; whole basket only,98,,53.9,,yes,,no,,
156,B-TSLA,costs,0.50% per side charged on every member and 0.03% per side on the S&P 500 fund,18,,2.6,-9.4,yes,no,no,no,
157,B-TSLA,liquidity_1m,only members with at least $1 million traded on the moment day,17,,8.5,-8.0,yes,no,no,no,
158,B-TSLA,linked_excluded,members linked to a renamed ticker or a successor issuer removed,18,,3.8,-8.2,yes,no,no,no,
159,B-TSLA,price_links_as_exits,hand-offs found by price matching treated as exits at the last close,18,,3.1,-8.2,yes,no,no,no,
160,B-TSLA,with_leader,the hot stock put back in the basket,19,,15.8,-8.0,yes,no,no,no,
161,B-TSLA,qa_excluded,members flagged by our data check removed,18,,3.8,-8.2,yes,no,no,no,
162,B-TSLA,exit_minus30,an extra -30% on every collapsed exit,18,,3.8,-8.2,yes,no,no,no,
163,B-TSLA,hole_low,unidentified companies added at -100%,20,,-9.9,-8.6,no,no,yes,no,
164,B-TSLA,hole_high,unidentified companies added at the basket's 90th-percentile member,20,,10.1,-4.6,yes,no,no,no,
165,B-TSLA,timing_-63,bought 63 trading days earlier,18,2019-10-31,13.5,-21.9,yes,no,no,no,
166,B-TSLA,timing_+63,bought 63 trading days later,18,2020-05-04,18.8,28.1,yes,yes,no,yes,
167,B-TSLA,dvol_weighted,weighted by trading activity (20-day dollar volume) instead of equally; whole basket only,18,,37.7,,yes,,no,,
