row,id,moment_date,ticker,sec_cik,identity,held_how,handoffs,listing_ended,collapsed,return_1y_pct,return_3y_pct,sp500_3y_pct,beat_sp500_3y,traded_1m_that_day,data_check_flag_dates,note
1,A1,2022-11-30,AAOI,0001158114,own filings,held,,,no,502.273,1117.273,74.694,yes,no,,
2,A1,2022-11-30,ADEA,0001803696,own filings,held,,,no,-15.051,18.030,74.694,no,yes,,
3,A1,2022-11-30,ADI,0000006281,own filings,held,,,no,8.681,62.798,74.694,no,yes,,
4,A1,2022-11-30,AIP,0001667011,own filings,held,,,no,11.313,189.697,74.694,yes,no,,
5,A1,2022-11-30,ALGM,0000866291,own filings,held,,,no,-12.588,-14.290,74.694,no,yes,,
6,A1,2022-11-30,AMAT,0000006951,own filings,held,,,no,37.934,136.489,74.694,yes,yes,,
7,A1,2022-11-30,AMBA,0001280263,own filings,held,,,no,-20.876,-0.027,74.694,no,yes,,
8,A1,2022-11-30,AMD,0000002488,own filings,held,,,no,56.074,180.214,74.694,yes,yes,,
9,A1,2022-11-30,AMKR,0001047127,own filings,held,,,no,1.679,36.802,74.694,no,yes,,
10,A1,2022-11-30,AOSL,0001387467,own filings,held,,,no,-39.025,-42.189,74.694,no,yes,,
11,A1,2022-11-30,ASTI,0001350102,own filings,held,,,no,-99.850,-99.997,74.694,no,no,,
12,A1,2022-11-30,ASX,0001122411,own filings,held,,,no,35.608,150.882,74.694,yes,yes,,
13,A1,2022-11-30,ATOM,0001420520,own filings,held,,,no,-19.226,-70.926,74.694,no,yes,,
14,A1,2022-11-30,AVGO,0001730168,own filings,held,,,no,72.506,669.816,74.694,yes,yes,,
15,A1,2022-11-30,AXTI,0001051627,own filings,held,,,no,-62.524,101.507,74.694,yes,no,,
16,A1,2022-11-30,BEEM,0001398805,own filings,held,,,no,-70.131,-90.131,74.694,no,yes,,
17,A1,2022-11-30,CAN,0001780652,own filings,held,,,no,-41.923,-61.154,74.694,no,yes,,
18,A1,2022-11-30,CRDO,0001807794,own filings,held,,,no,28.571,1174.946,74.694,yes,yes,,
19,A1,2022-11-30,CRUS,0000772406,own filings,held,,,no,1.606,61.076,74.694,no,yes,,
20,A1,2022-11-30,CSIQ,0001375877,own filings,held,,,no,-41.339,-24.268,74.694,no,yes,,
21,A1,2022-11-30,DIOD,0000029002,own filings,held,,,no,-27.984,-49.897,74.694,no,yes,,
22,A1,2022-11-30,DQ,0001477641,own filings,held,,,no,-58.426,-44.333,74.694,no,yes,,
23,A1,2022-11-30,EBON,0001799290,own filings,held,,,no,35.464,-29.897,74.694,no,no,,
24,A1,2022-11-30,EMAN,0001046995,own filings,sold at last close,,2023-10-17,no,141.625,141.625,74.694,yes,no,,
25,A1,2022-11-30,EMKR,0000808326,own filings,held,"KNW (price-matched hand-off, 2025-03-05); USBC (price-matched hand-off, 2025-08-15)",,no,-66.873,-93.636,74.694,no,no,,
26,A1,2022-11-30,ENPH,0001463101,own filings,held,,,no,-68.489,-91.001,74.694,no,yes,,
27,A1,2022-11-30,FORM,0001039399,own filings,held,,,no,62.896,138.492,74.694,yes,yes,,
28,A1,2022-11-30,FSLR,0001274494,own filings,held,,,no,-8.549,58.187,74.694,no,yes,,
29,A1,2022-11-30,FTCI,0001828161,own filings,held,,,no,-69.340,-55.519,74.694,no,yes,,
30,A1,2022-11-30,GFS,0001709048,own filings,held,,,no,-16.566,-44.305,74.694,no,yes,,
31,A1,2022-11-30,GSIT,0001126741,own filings,held,,,no,14.938,163.900,74.694,yes,no,,
32,A1,2022-11-30,HIMX,0001342338,own filings,held,,,no,-17.071,18.523,74.694,no,yes,,
33,A1,2022-11-30,ICHR,0001652535,own filings,held,,,no,-12.257,-43.586,74.694,no,yes,,
34,A1,2022-11-30,IMOS,0001123134,own filings,held,,,no,22.955,41.810,74.694,no,no,,
35,A1,2022-11-30,INDI,0001841925,own filings,held,,,no,-9.135,-56.638,74.694,no,yes,,
36,A1,2022-11-30,INTC,0000050863,own filings,held,,,no,52.184,39.967,74.694,no,yes,,
37,A1,2022-11-30,IPGP,0001111928,own filings,held,,,no,5.196,-12.512,74.694,no,yes,,
38,A1,2022-11-30,IPWR,0001507957,own filings,held,,,no,-26.325,-68.957,74.694,no,no,,
39,A1,2022-11-30,ISUN,0001634447,own filings,sold at last close,,2024-05-22,yes,-87.994,-92.067,74.694,no,no,,
40,A1,2022-11-30,JKS,0001481513,own filings,held,,,no,-36.144,-39.527,74.694,no,yes,,
41,A1,2022-11-30,KLIC,0000056978,own filings,held,,,no,9.078,-0.845,74.694,no,yes,,
42,A1,2022-11-30,KOPN,0000771266,own filings,held,,,no,-6.173,50.617,74.694,no,yes,,
43,A1,2022-11-30,LASR,0001124796,own filings,held,,,no,21.731,224.401,74.694,yes,yes,,
44,A1,2022-11-30,LEDS,0001333822,own filings,held,,,no,-51.923,-22.308,74.694,no,no,,
45,A1,2022-11-30,LPTH,0000889971,own filings,held,,,no,1.639,502.459,74.694,yes,no,,
46,A1,2022-11-30,LSCC,0000855658,own filings,held,,,no,-19.607,-3.597,74.694,no,yes,,
47,A1,2022-11-30,MAXN,0001796898,own filings,held,,,no,-82.059,-99.868,74.694,no,yes,,
48,A1,2022-11-30,MCHP,0000827054,own filings,held,,,no,7.450,-27.233,74.694,no,yes,,
49,A1,2022-11-30,MMAT,0001431959,own filings,sold at last close,,2024-08-20,yes,-95.037,-99.723,74.694,no,yes,,
50,A1,2022-11-30,MPWR,0001280452,own filings,held,,,no,44.842,148.688,74.694,yes,yes,,
51,A1,2022-11-30,MRAM,0001438423,own filings,held,,,no,31.805,18.639,74.694,no,no,,
52,A1,2022-11-30,MRVL,0001835632,own filings,held,,,no,20.443,94.504,74.694,yes,yes,,
53,A1,2022-11-30,MTSI,0001493594,own filings,held,,,no,22.259,154.753,74.694,yes,yes,,
54,A1,2022-11-30,MU,0000723125,own filings,held,,,no,33.072,316.964,74.694,yes,yes,,
55,A1,2022-11-30,MX,0001325702,own filings,held,,,no,-34.881,-73.913,74.694,no,yes,,
56,A1,2022-11-30,MXL,0001288469,own filings,held,,,no,-48.825,-57.459,74.694,no,yes,,
57,A1,2022-11-30,NA,0001872302,own filings,held,,,no,33.036,-60.982,74.694,no,no,,
58,A1,2022-11-30,NVEC,0000724910,own filings,held,,,no,18.544,18.159,74.694,no,yes,,
59,A1,2022-11-30,NVTS,0001821769,own filings,held,,,no,45.798,83.613,74.694,yes,yes,,
60,A1,2022-11-30,NXPI,0001413447,own filings,held,,,no,18.498,17.311,74.694,no,yes,,
61,A1,2022-11-30,ON,0001097864,own filings,held,,,no,-5.146,-33.191,74.694,no,yes,,
62,A1,2022-11-30,OSIS,0001039065,own filings,held,,,no,39.342,206.114,74.694,yes,yes,,
63,A1,2022-11-30,PLAB,0000810136,own filings,held,,,no,12.394,21.862,74.694,no,yes,,
64,A1,2022-11-30,POET,0001437424,own filings,held,,,no,-71.704,59.164,74.694,no,no,,
65,A1,2022-11-30,POWI,0000833640,own filings,held,,,no,-4.169,-56.569,74.694,no,yes,,
66,A1,2022-11-30,PRSO,0000890394,own filings,held,,,no,-83.162,-98.007,74.694,no,no,,
67,A1,2022-11-30,PXLW,0001040161,own filings,held,,,no,-20.690,-60.460,74.694,no,no,,
68,A1,2022-11-30,QRVO,0001604778,own filings,held,,,no,-2.771,-13.461,74.694,no,yes,,
69,A1,2022-11-30,QUIK,0000882508,own filings,held,,,no,77.544,1.777,74.694,no,no,,
70,A1,2022-11-30,RBCN,0001410172,own filings,sold at last close,,2022-12-29,no,-31.579,-31.579,74.694,no,no,,
71,A1,2022-11-30,RKLY,0001852117,own filings,sold at last close,,2023-01-23,no,-8.381,-8.381,74.694,no,no,,
72,A1,2022-11-30,RMBS,0000917273,own filings,held,,,no,76.316,149.010,74.694,yes,yes,,
73,A1,2022-11-30,SEDG,0001419612,own filings,held,,,no,-73.439,-87.777,74.694,no,yes,,
74,A1,2022-11-30,SGH,0001616533,own filings,held,"PENG (same registrant, 2024-10-15)",,no,-1.478,22.212,74.694,no,yes,,
75,A1,2022-11-30,SHLS,0001831651,own filings,held,,,no,-52.192,-71.039,74.694,no,yes,,
76,A1,2022-11-30,SIMO,0001329394,own filings,held,,,no,-6.013,51.277,74.694,no,yes,,
77,A1,2022-11-30,SITM,0001451809,own filings,held,,,no,4.874,182.287,74.694,yes,yes,,
78,A1,2022-11-30,SKYT,0001819974,own filings,held,,,no,-28.571,55.927,74.694,no,yes,,
79,A1,2022-11-30,SLAB,0001038074,own filings,held,,,no,-27.551,-12.280,74.694,no,yes,,
80,A1,2022-11-30,SMTC,0000088941,own filings,held,,,no,-46.747,141.249,74.694,yes,yes,,
81,A1,2022-11-30,SOL,0001417892,own filings,held,,,no,-48.729,-63.347,74.694,no,yes,,
82,A1,2022-11-30,SPCB,0001291855,own filings,held,,,no,-83.491,-78.137,74.694,no,no,,
83,A1,2022-11-30,SPI,0001210618,own filings,sold at last close,,2025-01-14,no,-56.552,-47.172,74.694,no,no,,
84,A1,2022-11-30,SQNS,0001383395,own filings,held,,,no,-22.372,-93.499,74.694,no,no,,
85,A1,2022-11-30,STM,0000932787,own filings,held,,,no,22.680,-39.267,74.694,no,yes,,
86,A1,2022-11-30,SWKS,0000004127,own filings,held,,,no,3.933,-24.222,74.694,no,yes,,
87,A1,2022-11-30,SYNA,0000817720,own filings,held,,,no,-4.464,-35.350,74.694,no,yes,,
88,A1,2022-11-30,TGAN,0001715768,own filings,sold at last close,,2024-06-20,no,-46.087,-11.304,74.694,no,no,,
89,A1,2022-11-30,TSEM,0000928876,own filings,held,,,no,-38.569,142.562,74.694,yes,yes,,
90,A1,2022-11-30,TSM,0001046179,own filings,held,,,no,19.638,269.026,74.694,yes,yes,,
91,A1,2022-11-30,TXN,0000097476,own filings,held,,,no,-12.737,2.116,74.694,no,yes,,
92,A1,2022-11-30,UCTT,0001275014,own filings,held,,,no,-23.828,-28.824,74.694,no,yes,,
93,A1,2022-11-30,UMC,0001033767,own filings,held,,,no,10.688,18.669,74.694,no,yes,,
94,A1,2022-11-30,VIAO,0001769116,own filings,sold at last close,,2024-04-24,yes,-52.571,-87.251,74.694,no,no,,
95,A1,2022-11-30,VIAV,0000912093,own filings,held,,,no,-28.685,58.341,74.694,no,yes,,
96,A1,2022-11-30,VLN,0001863006,own filings,held,,,no,-48.913,-65.217,74.694,no,yes,,
97,A1,2022-11-30,WISA,0001682149,own filings,held,"DVLT (same registrant, 2025-02-14)",,no,-98.813,-99.882,74.694,no,yes,,
98,A1,2022-11-30,WOLF,0000895419,own filings,held,,,no,-59.459,-77.695,74.694,no,yes,2025-09-29,"Data check flag: a one-day move above +300% or below -75%. Kept in the registered result, removed in the data-check variant."
99,A2,2020-12-21,F,0000037996,own filings,held,,,no,120.720,58.408,34.374,yes,yes,,
100,A2,2020-12-21,FCAU,0001605484,own filings,held,"STLA (same registrant, 2021-01-19)",,no,-2.813,42.947,34.374,yes,yes,,
101,A2,2020-12-21,FSR,0001720990,own filings,held,,,no,7.296,-90.629,34.374,no,yes,,
102,A2,2020-12-21,FSS,0000277509,own filings,held,,,no,29.775,141.267,34.374,yes,yes,,
103,A2,2020-12-21,GM,0001467858,own filings,held,,,no,32.953,-10.703,34.374,no,yes,,
104,A2,2020-12-21,HMC,0000715153,own filings,held,,,no,-1.303,17.535,34.374,no,yes,,
105,A2,2020-12-21,IDEX,0000837852,own filings,held,,,no,-32.843,-99.286,34.374,no,yes,,
106,A2,2020-12-21,LI,0001791706,own filings,held,,,no,-8.795,0.974,34.374,no,yes,,
107,A2,2020-12-21,NAV,0000808450,own filings,sold at last close,,2021-06-30,no,1.090,1.090,34.374,no,yes,,
108,A2,2020-12-21,NIO,0001736541,own filings,held,,,no,-38.386,-83.064,34.374,no,yes,,
109,A2,2020-12-21,NIU,0001744781,own filings,held,,,no,-46.642,-92.646,34.374,no,yes,,
110,A2,2020-12-21,NKLA,0001731289,own filings,held,,,no,-44.653,-95.123,34.374,no,yes,,
111,A2,2020-12-21,OSK,0000775158,own filings,held,,,no,29.261,32.237,34.374,no,yes,,
112,A2,2020-12-21,PCAR,0000075362,own filings,held,,,no,0.304,91.128,34.374,yes,yes,,
113,A2,2020-12-21,RACE,0001648416,own filings,held,,,no,11.306,52.100,34.374,yes,yes,,
114,A2,2020-12-21,REVG,0001687221,own filings,held,,,no,51.474,111.896,34.374,yes,yes,,
115,A2,2020-12-21,RIDE,0001759546,own filings,sold at last close,,2023-07-06,yes,-80.000,-99.242,34.374,no,yes,,
116,A2,2020-12-21,SHYF,0000743238,own filings,held,,,no,68.076,-53.125,34.374,no,yes,,
117,A2,2020-12-21,SOLO,0001637736,own filings,held,,,no,-66.081,-95.081,34.374,no,yes,,
118,A2,2020-12-21,TM,0001094517,own filings,held,,,no,23.761,29.207,34.374,no,yes,,
119,A2,2020-12-21,TTM,0000926042,own filings,sold at last close,"AVTA (price-matched hand-off, 2023-01-26)",2023-11-27,no,171.492,114.041,34.374,yes,yes,,
120,A2,2020-12-21,WKHS,0001425287,own filings,held,,,no,-75.557,-98.185,34.374,no,yes,,
121,A2,2020-12-21,XPEV,0001810997,own filings,held,,,no,-6.813,-69.832,34.374,no,yes,,
122,A3,2018-10-17,CDXC,0001386570,own filings,held,,,no,-11.200,69.600,67.697,yes,no,,
123,A3,2018-10-17,CGC,0001737927,own filings,held,,,no,-59.045,-73.663,67.697,no,yes,,
124,A3,2018-10-17,CRON,0001656472,own filings,held,,,no,-16.808,-48.545,67.697,no,yes,,
125,A3,2018-10-17,CYAN,0000768408,own filings,held,,,no,-22.871,-12.615,67.697,no,no,,
126,A3,2018-10-17,FOMX,0001606645,own filings,sold at last close,,2020-03-06,no,-38.868,-43.585,67.697,no,yes,,
127,A3,2018-10-17,MDWD,0001593984,own filings,held,,,no,-55.041,-43.636,67.697,no,no,,
128,A3,2018-10-17,MTEX,0001056358,own filings,held,,,no,-11.035,108.787,67.697,yes,no,,
129,A3,2018-10-17,NAII,0000787253,own filings,held,,,no,-3.677,42.211,67.697,no,no,,
130,A3,2018-10-17,TLRY,0001731348,own filings,held,,,no,-84.830,-93.093,67.697,no,yes,,
131,A3,2018-10-17,USNA,0000896264,own filings,held,,,no,-33.948,-7.185,67.697,no,yes,,
132,A4,2020-11-09,ABCM,0001492074,own filings,held,,,no,21.014,20.596,27.981,no,yes,,
133,A4,2020-11-09,ACOR,0001008848,own filings,held,,,no,-27.123,-90.580,27.981,no,yes,,
134,A4,2020-11-09,ADAP,0001621227,own filings,held,,,no,5.556,-89.521,27.981,no,yes,,
135,A4,2020-11-09,ADMA,0001368514,own filings,held,,,no,-21.547,111.602,27.981,yes,yes,,
136,A4,2020-11-09,ADPT,0001478320,own filings,held,,,no,-28.203,-91.077,27.981,no,yes,,
137,A4,2020-11-09,ADVM,0001501756,own filings,held,,,no,-82.362,-93.021,27.981,no,yes,,
138,A4,2020-11-09,AERI,0001337553,own filings,sold at last close,,2022-11-18,no,1.333,23.232,27.981,no,yes,,
139,A4,2020-11-09,AGEN,0001098972,own filings,held,,,no,12.091,-81.023,27.981,no,yes,,
140,A4,2020-11-09,AGTC,0001273636,own filings,sold at last close,,2022-11-30,yes,-52.680,-92.725,27.981,no,no,,
141,A4,2020-11-09,ALEC,0001653087,own filings,held,,,no,112.656,-59.659,27.981,no,yes,,
142,A4,2020-11-09,ALGS,0001799448,own filings,held,,,no,-2.670,-95.717,27.981,no,yes,,
143,A4,2020-11-09,ALLO,0001737287,own filings,held,,,no,-31.851,-90.979,27.981,no,yes,,
144,A4,2020-11-09,ALNA,0001624658,own filings,sold at last close,,2022-09-07,yes,-28.933,-94.444,27.981,no,no,,
145,A4,2020-11-09,ALVR,0001754068,own filings,held,,,no,-23.024,-95.575,27.981,no,yes,,
146,A4,2020-11-09,AMGN,0000318154,own filings,held,,,no,-7.284,23.504,27.981,no,yes,,
147,A4,2020-11-09,APTO,0000882361,own filings,held,,,no,-45.898,-95.211,27.981,no,yes,,
148,A4,2020-11-09,ARGX,0001697862,own filings,held,,,no,26.224,88.044,27.981,yes,yes,,
149,A4,2020-11-09,ARMP,0000921114,own filings,held,,,no,7.649,-32.578,27.981,no,no,,
150,A4,2020-11-09,ATHA,0001620463,linked to a renamed ticker,held,,,no,-30.337,-93.753,27.981,no,yes,,
151,A4,2020-11-09,ATRA,0001604464,own filings,held,,,no,24.514,-98.333,27.981,no,yes,2023-11-09,"Data check flag: a one-day move above +300% or below -75%. Kept in the registered result, removed in the data-check variant."
152,A4,2020-11-09,AUTL,0001730463,own filings,held,,,no,-40.420,-69.466,27.981,no,no,,
153,A4,2020-11-09,AVRO,0001681087,own filings,held,,,no,-64.163,-90.825,27.981,no,yes,,
154,A4,2020-11-09,AXLA,0001633070,own filings,held,,,no,-32.150,-96.543,27.981,no,no,,
155,A4,2020-11-09,AYLA,0001797336,own filings,sold at last close,,2023-01-18,yes,0.000,-95.443,27.981,no,no,,
156,A4,2020-11-09,AZYO,0001708527,own filings,held,"ELUT (same registrant, 2023-09-07)",,no,-44.094,-86.126,27.981,no,no,,
157,A4,2020-11-09,BBI,0000819050,own filings,held,"FRTX (same registrant, 2022-09-08)",,no,-22.481,99.786,27.981,yes,no,2022-07-05,"Data check flag: a one-day move above +300% or below -75%. Kept in the registered result, removed in the data-check variant."
158,A4,2020-11-09,BCDA,0000925741,own filings,held,,,no,42.708,-78.646,27.981,no,no,,
159,A4,2020-11-09,BCLI,0001137883,own filings,held,,,no,-72.966,-98.579,27.981,no,yes,,
160,A4,2020-11-09,BCRX,0000882796,own filings,held,,,no,233.505,29.124,27.981,yes,yes,,
161,A4,2020-11-09,BDTX,0001701541,own filings,held,,,no,-74.423,-94.386,27.981,no,yes,,
162,A4,2020-11-09,BEAM,0001745999,own filings,held,,,no,164.555,-39.859,27.981,no,yes,,
163,A4,2020-11-09,BIIB,0000875045,own filings,held,,,no,14.294,-4.914,27.981,no,yes,,
164,A4,2020-11-09,BLUE,0001293971,own filings,held,,,no,-76.582,-93.467,27.981,no,yes,,
165,A4,2020-11-09,BVXV,0001611747,own filings,held,"SCNI (same registrant, 2023-09-07)",,no,-9.600,-73.135,27.981,no,yes,2022-11-25,"Data check flag: a one-day move above +300% or below -75%. Kept in the registered result, removed in the data-check variant."
166,A4,2020-11-09,CABA,0001759138,own filings,held,,,no,-4.893,33.945,27.981,yes,yes,,
167,A4,2020-11-09,CBMG,0001378624,own filings,sold at last close,,2021-02-19,no,14.228,14.228,27.981,no,yes,,
168,A4,2020-11-09,CBPO,0001369868,own filings,sold at last close,,2021-04-20,no,3.368,3.368,27.981,no,yes,,
169,A4,2020-11-09,CCCC,0001662579,own filings,held,,,no,69.109,-93.386,27.981,no,yes,,
170,A4,2020-11-09,CDTX,0001610618,own filings,held,,,no,-21.106,-62.161,27.981,no,yes,,
171,A4,2020-11-09,CGEN,0001119774,own filings,held,,,no,-50.000,-95.373,27.981,no,yes,,
172,A4,2020-11-09,CHRS,0001512762,own filings,held,,,no,5.059,-91.006,27.981,no,yes,,
173,A4,2020-11-09,CLLS,0001627281,own filings,held,,,no,-37.374,-86.592,27.981,no,yes,,
174,A4,2020-11-09,CMPI,0001651431,own filings,sold at last close,,2022-05-27,no,-64.503,-15.865,27.981,no,no,2022-04-19,"Data check flag: a one-day move above +300% or below -75%. Kept in the registered result, removed in the data-check variant."
175,A4,2020-11-09,CRDF,0001213037,own filings,held,,,no,-67.496,-94.579,27.981,no,yes,,
176,A4,2020-11-09,CRIS,0001108205,own filings,held,,,no,429.630,-70.895,27.981,no,no,2020-12-08,"Data check flag: a one-day move above +300% or below -75%. Kept in the registered result, removed in the data-check variant."
177,A4,2020-11-09,CRSP,0001674416,own filings,held,,,no,-8.409,-48.560,27.981,no,yes,,
178,A4,2020-11-09,CSBR,0000771856,own filings,held,,,no,5.000,-41.596,27.981,no,no,,
179,A4,2020-11-09,CVM,0000725363,own filings,held,,,no,5.318,-79.163,27.981,no,yes,,
180,A4,2020-11-09,DBVT,0001613780,own filings,held,,,no,43.578,-57.592,27.981,no,yes,,
181,A4,2020-11-09,DNLI,0001714899,own filings,held,,,no,-5.089,-69.342,27.981,no,yes,,
182,A4,2020-11-09,DTIL,0001357874,own filings,held,,,no,29.436,-94.580,27.981,no,yes,,
183,A4,2020-11-09,DYAI,0001213809,own filings,held,,,no,-40.146,-76.642,27.981,no,no,,
184,A4,2020-11-09,EDIT,0001650664,own filings,held,,,no,33.377,-74.120,27.981,no,yes,,
185,A4,2020-11-09,EIGR,0001305253,own filings,held,,,no,-21.467,-96.429,27.981,no,yes,,
186,A4,2020-11-09,ENTX,0001638097,own filings,held,,,no,259.821,-34.813,27.981,no,no,,
187,A4,2020-11-09,ERYP,0001624422,own filings,held,"PHXM (same registrant, 2023-06-29)",,no,-65.268,-93.184,27.981,no,no,,
188,A4,2020-11-09,FATE,0001434316,own filings,held,,,no,20.379,-95.798,27.981,no,yes,,
189,A4,2020-11-09,FENC,0001211583,own filings,held,,,no,16.398,-3.727,27.981,no,yes,,
190,A4,2020-11-09,FMTX,0001538927,own filings,sold at last close,,2022-10-13,no,-53.145,-49.862,27.981,no,yes,,
191,A4,2020-11-09,FRLN,0001810031,own filings,held,,,no,-81.676,-97.977,27.981,no,no,,
192,A4,2020-11-09,FUSN,0001805890,own filings,held,,,no,-46.271,-66.079,27.981,no,no,,
193,A4,2020-11-09,GENE,0001166272,own filings,held,,,no,-1.389,-76.212,27.981,no,no,,
194,A4,2020-11-09,GILD,0000882095,own filings,held,,,no,16.964,44.049,27.981,yes,yes,,
195,A4,2020-11-09,GMDA,0001600847,own filings,held,,,no,-30.052,-88.945,27.981,no,yes,,
196,A4,2020-11-09,GNCA,0001457612,own filings,sold at last close,,2022-06-02,yes,-16.667,-97.571,27.981,no,yes,,
197,A4,2020-11-09,GNFT,0001757064,own filings,held,,,no,-10.319,-20.639,27.981,no,no,,
198,A4,2020-11-09,GRTS,0001656634,own filings,held,,,no,319.847,-40.458,27.981,no,no,,
199,A4,2020-11-09,HALO,0001159036,own filings,held,,,no,3.318,-1.846,27.981,no,yes,,
200,A4,2020-11-09,HARP,0001708493,own filings,held,,,no,-57.390,-95.944,27.981,no,yes,,
201,A4,2020-11-09,IDRA,0000861838,own filings,sold at last close,"ACGN (same registrant, 2023-01-18)",2023-08-21,yes,-69.512,-99.349,27.981,no,yes,,
202,A4,2020-11-09,IMTX,0001809196,own filings,held,,,no,9.293,-8.485,27.981,no,no,,
203,A4,2020-11-09,IMVT,0001764013,own filings,held,,,no,-81.796,-36.529,27.981,no,yes,,
204,A4,2020-11-09,INMB,0001711754,own filings,held,,,no,100.000,-10.207,27.981,no,no,,
205,A4,2020-11-09,IOVA,0001425205,own filings,held,,,no,-36.645,-89.913,27.981,no,yes,,
206,A4,2020-11-09,IPHA,0001598599,own filings,held,,,no,31.630,-40.146,27.981,no,no,,
207,A4,2020-11-09,ITOS,0001808865,own filings,held,,,no,11.271,-64.326,27.981,no,yes,,
208,A4,2020-11-09,JNCE,0001640455,own filings,sold at last close,,2023-05-03,no,26.563,-73.295,27.981,no,yes,,
209,A4,2020-11-09,KLDO,0001751299,own filings,sold at last close,,2022-04-14,yes,-35.242,-95.742,27.981,no,no,2022-04-08,"Data check flag: a one-day move above +300% or below -75%. Kept in the registered result, removed in the data-check variant."
210,A4,2020-11-09,KOD,0001468748,own filings,held,,,no,4.074,-98.383,27.981,no,yes,2022-02-23,"Data check flag: a one-day move above +300% or below -75%. Kept in the registered result, removed in the data-check variant."
211,A4,2020-11-09,KRBP,0001792581,own filings,sold at last close,,2023-09-13,yes,-71.932,-99.527,27.981,no,no,,
212,A4,2020-11-09,KRYS,0001711279,own filings,held,,,no,13.365,129.117,27.981,yes,yes,,
213,A4,2020-11-09,KYMR,0001815442,own filings,held,,,no,46.339,-68.025,27.981,no,yes,,
214,A4,2020-11-09,LCTX,0000876343,own filings,held,,,no,88.550,-18.321,27.981,no,no,,
215,A4,2020-11-09,LIFE,0001339970,linked to a renamed ticker,held,,,no,175.884,-63.023,27.981,no,no,,
216,A4,2020-11-09,LJPC,0000920465,own filings,sold at last close,,2022-08-19,no,-6.019,43.981,27.981,yes,yes,,
217,A4,2020-11-09,MBOT,0000883975,own filings,held,,,no,-4.775,-81.698,27.981,no,yes,,
218,A4,2020-11-09,MESO,0001345099,own filings,held,,,no,-40.512,-88.615,27.981,no,yes,,
219,A4,2020-11-09,MGTX,0001735438,own filings,held,,,no,40.712,-66.830,27.981,no,yes,,
220,A4,2020-11-09,MRNA,0001682852,own filings,held,,,no,204.669,-10.587,27.981,no,yes,,
221,A4,2020-11-09,NBIX,0000914475,own filings,held,,,no,-10.446,9.085,27.981,no,yes,,
222,A4,2020-11-09,NK,0001326110,own filings,held,"IBRX (same registrant, 2021-03-10)",,no,-4.357,-66.407,27.981,no,yes,,
223,A4,2020-11-09,NSTG,0001401708,own filings,held,,,no,20.005,-96.927,27.981,no,yes,,
224,A4,2020-11-09,NVAX,0001000694,own filings,held,,,no,87.465,-92.570,27.981,no,yes,,
225,A4,2020-11-09,OCGN,0001372299,own filings,held,,,no,2970.568,26.850,27.981,no,yes,,
226,A4,2020-11-09,ONVO,0001497253,own filings,held,,,no,-33.765,-84.250,27.981,no,no,,
227,A4,2020-11-09,OPT,0001815620,own filings,held,,,no,-42.192,-86.769,27.981,no,no,,
228,A4,2020-11-09,ORTX,0001748907,own filings,held,,,no,-62.146,-67.692,27.981,no,yes,,
229,A4,2020-11-09,OTLK,0001649989,own filings,held,,,no,154.425,-45.305,27.981,no,no,2023-08-30,"Data check flag: a one-day move above +300% or below -75%. Kept in the registered result, removed in the data-check variant."
230,A4,2020-11-09,OYST,0001720725,own filings,sold at last close,,2022-12-30,no,-46.890,-54.887,27.981,no,no,,
231,A4,2020-11-09,PASG,0001787297,own filings,held,,,no,-48.573,-96.018,27.981,no,yes,,
232,A4,2020-11-09,PCVX,0001649094,own filings,held,,,no,-31.753,31.616,27.981,yes,yes,,
233,A4,2020-11-09,PDLI,0000882104,own filings,sold at last close,,2020-12-30,no,13.825,13.825,27.981,no,yes,,
234,A4,2020-11-09,PHGE,0001739174,own filings,held,,,no,-64.045,-93.740,27.981,no,no,,
235,A4,2020-11-09,PLX,0001006281,own filings,held,,,no,-64.134,-57.751,27.981,no,no,,
236,A4,2020-11-09,PRVL,0001714798,own filings,held,"RILYT (price-matched hand-off, 2021-01-26)",,no,161.772,118.192,27.981,yes,yes,,
237,A4,2020-11-09,PSTI,0001158780,own filings,held,"PLUR (same registrant, 2022-07-26)",,no,-64.368,-92.547,27.981,no,yes,,
238,A4,2020-11-09,PSTX,0001661460,own filings,held,,,no,-34.369,-78.641,27.981,no,yes,,
239,A4,2020-11-09,PTE,0001076682,own filings,sold at last close,,2023-06-15,yes,-17.528,-98.813,27.981,no,yes,,
240,A4,2020-11-09,QGEN,0001015820,own filings,held,,,no,11.790,-19.937,27.981,no,yes,,
241,A4,2020-11-09,REPL,0001737953,own filings,held,,,no,-24.694,-73.968,27.981,no,yes,,
242,A4,2020-11-09,RGEN,0000730272,own filings,held,,,no,42.482,-23.343,27.981,no,yes,,
243,A4,2020-11-09,RGNX,0001590877,own filings,held,,,no,15.576,-49.061,27.981,no,yes,,
244,A4,2020-11-09,RLAY,0001812364,own filings,held,,,no,-16.229,-81.933,27.981,no,yes,,
245,A4,2020-11-09,RUBY,0001709401,own filings,sold at last close,,2023-03-06,yes,220.335,-98.260,27.981,no,yes,,
246,A4,2020-11-09,RVMD,0001628171,own filings,held,,,no,-5.452,-41.937,27.981,no,yes,,
247,A4,2020-11-09,SGEN,0001060736,own filings,held,,,no,10.329,26.404,27.981,no,yes,,
248,A4,2020-11-09,SGMO,0001001233,own filings,held,,,no,-9.845,-97.158,27.981,no,yes,,
249,A4,2020-11-09,SLDB,0001707502,own filings,held,,,no,-27.532,-95.506,27.981,no,no,,
250,A4,2020-11-09,SNCA,0001357459,own filings,held,"PALI (same registrant, 2021-04-28)",,no,-19.010,-99.704,27.981,no,no,,
251,A4,2020-11-09,SQZ,0001604477,own filings,sold at last close,,2023-07-03,yes,-33.793,-98.000,27.981,no,yes,,
252,A4,2020-11-09,SRNE,0000850261,own filings,sold at last close,,2023-02-22,yes,12.326,-94.665,27.981,no,yes,,
253,A4,2020-11-09,SRRK,0001727196,own filings,held,,,no,-29.826,-75.650,27.981,no,yes,,
254,A4,2020-11-09,STRO,0001382101,own filings,held,,,no,26.628,-86.804,27.981,no,yes,,
255,A4,2020-11-09,SURF,0001718108,own filings,sold at last close,,2023-09-07,yes,-20.872,-87.729,27.981,no,yes,,
256,A4,2020-11-09,SWTX,0001773427,own filings,held,,,no,38.194,-64.037,27.981,no,yes,,
257,A4,2020-11-09,TARA,0001359931,own filings,held,,,no,-61.998,-94.172,27.981,no,yes,,
258,A4,2020-11-09,TARS,0001819790,own filings,held,,,no,18.931,-32.859,27.981,no,yes,,
259,A4,2020-11-09,TCON,0001394319,own filings,held,,,no,-37.117,-97.117,27.981,no,yes,,
260,A4,2020-11-09,TCRR,0001750019,own filings,sold at last close,,2023-05-31,yes,-70.642,-93.872,27.981,no,yes,,
261,A4,2020-11-09,TECH,0000842023,own filings,held,,,no,65.623,-24.343,27.981,no,yes,,
262,A4,2020-11-09,TSHA,0001806310,own filings,held,,,no,-27.189,-91.488,27.981,no,yes,,
263,A4,2020-11-09,TTNP,0000910267,own filings,held,,,no,-46.282,-87.083,27.981,no,yes,,
264,A4,2020-11-09,TWST,0001581280,own filings,held,,,no,33.626,-82.670,27.981,no,yes,,
265,A4,2020-11-09,VCEL,0000887359,own filings,held,,,no,74.318,34.119,27.981,yes,yes,,
266,A4,2020-11-09,VIR,0001706431,own filings,held,,,no,27.362,-68.091,27.981,no,yes,,
267,A4,2020-11-09,VXRT,0000072444,own filings,held,,,no,93.429,-79.140,27.981,no,yes,,
268,A4,2020-11-09,VYGR,0001640266,own filings,held,,,no,-67.768,-43.036,27.981,no,yes,,
269,A4,2020-11-09,WINT,0000946486,own filings,held,,,no,-70.894,-99.671,27.981,no,no,,
270,A4,2020-11-09,XFOR,0001501697,own filings,held,,,no,-16.343,-87.217,27.981,no,no,,
271,A4,2020-11-09,XLRN,0001280600,own filings,sold at last close,,2021-11-19,no,52.196,56.359,27.981,yes,yes,,
272,A4,2020-11-09,XTNT,0001453593,own filings,held,,,no,2.242,5.830,27.981,no,no,,
273,A5,2020-09-01,ALYA,0001734520,own filings,held,,,no,46.392,-10.825,33.904,no,no,,
274,A5,2020-09-01,AUTO,0001023364,own filings,sold at last close,,2022-08-31,yes,-45.766,-92.177,33.904,no,yes,,
275,A5,2020-09-01,BIDU,0001329099,own filings,held,,,no,30.135,15.394,33.904,no,yes,,
276,A5,2020-09-01,CDLX,0001666071,own filings,held,,,no,18.756,-78.410,33.904,no,yes,,
277,A5,2020-09-01,CNET,0001376321,own filings,held,,,no,-2.703,-85.135,33.904,no,yes,,
278,A5,2020-09-01,DADA,0001793862,own filings,held,,,no,4.240,-76.287,33.904,no,yes,,
279,A5,2020-09-01,DOYU,0001762417,own filings,held,,,no,-75.542,-94.014,33.904,no,yes,,
280,A5,2020-09-01,EB,0001475115,own filings,held,,,no,55.194,-7.317,33.904,no,yes,,
281,A5,2020-09-01,EVER,0001640428,own filings,held,,,no,-49.730,-84.006,33.904,no,yes,,
282,A5,2020-09-01,FB,0001326801,linked to a renamed ticker,held,"META (same registrant, 2022-06-09)",,no,29.316,7.210,33.904,no,yes,,
283,A5,2020-09-01,FDS,0001013237,own filings,held,,,no,10.963,27.378,33.904,no,yes,,
284,A5,2020-09-01,GAN,0001799332,own filings,held,,,no,-19.349,-93.204,33.904,no,yes,,
285,A5,2020-09-01,GDS,0001526125,own filings,held,,,no,-24.218,-85.280,33.904,no,yes,,
286,A5,2020-09-01,GIGM,0001105101,own filings,held,,,no,22.831,-48.539,33.904,no,no,,
287,A5,2020-09-01,GOOG,0001652044,own filings,held,,,no,75.638,64.749,33.904,yes,yes,,
288,A5,2020-09-01,HCAT,0001636422,own filings,held,,,no,67.867,-63.614,33.904,no,yes,,
289,A5,2020-09-01,HSTM,0001095565,own filings,held,,,no,47.187,4.327,33.904,no,yes,,
290,A5,2020-09-01,HUYA,0001728190,own filings,held,,,no,-61.866,-91.007,33.904,no,yes,,
291,A5,2020-09-01,IPDN,0001546296,own filings,held,,,no,20.909,19.545,33.904,no,no,,
292,A5,2020-09-01,JG,0001737339,own filings,held,,,no,16.477,-90.222,33.904,no,no,,
293,A5,2020-09-01,JT,0001713923,own filings,held,,,no,-64.774,-79.812,33.904,no,no,,
294,A5,2020-09-01,LIZI,0001783407,own filings,held,,,no,0.711,-86.865,33.904,no,no,,
295,A5,2020-09-01,LN,0001611820,own filings,sold at last close,,2020-12-24,no,2.222,2.222,33.904,no,yes,,
296,A5,2020-09-01,LVGO,0001639225,own filings,sold at last close,,2020-10-29,no,-1.799,-1.799,33.904,no,yes,,
297,A5,2020-09-01,MDLA,0001540184,own filings,sold at last close,,2021-10-28,no,-10.923,-10.317,33.904,no,yes,,
298,A5,2020-09-01,MGNI,0001595974,own filings,held,,,no,300.934,14.476,33.904,no,yes,,
299,A5,2020-09-01,MODN,0001118417,own filings,held,,,no,-15.529,-33.089,33.904,no,yes,,
300,A5,2020-09-01,OBLG,0000746210,own filings,held,,,no,6.494,-97.835,33.904,no,yes,,
301,A5,2020-09-01,OCFT,0001780531,own filings,held,,,no,-78.119,-98.343,33.904,no,yes,,
302,A5,2020-09-01,PINS,0001506293,own filings,held,,,no,48.566,-27.920,33.904,no,yes,,
303,A5,2020-09-01,PT,0001716338,own filings,held,,,no,5.000,-75.778,33.904,no,no,,
304,A5,2020-09-01,QTT,0001733298,own filings,sold at last close,,2023-03-22,yes,-49.470,-99.357,33.904,no,yes,,
305,A5,2020-09-01,RXT,0001810019,own filings,held,,,no,-32.143,-87.381,33.904,no,yes,,
306,A5,2020-09-01,SABR,0001597033,own filings,held,,,no,69.242,-18.636,33.904,no,yes,,
307,A5,2020-09-01,SIFY,0001094324,own filings,held,,,no,229.464,94.643,33.904,yes,no,,
308,A5,2020-09-01,SNAP,0001564408,own filings,held,,,no,230.968,-53.414,33.904,no,yes,,
309,A5,2020-09-01,SVMK,0001739936,own filings,sold at last close,"MNTV (same registrant, 2021-06-15)",2023-05-31,no,-21.244,-62.507,33.904,no,yes,,
310,A5,2020-09-01,SWCH,0001710583,own filings,sold at last close,,2022-12-05,no,53.142,108.843,33.904,yes,yes,,
311,A5,2020-09-01,SYNC,0001408278,own filings,sold at last close,,2021-03-31,no,99.091,99.091,33.904,yes,no,,
312,A5,2020-09-01,TRIP,0001526520,own filings,held,,,no,49.266,-32.642,33.904,no,yes,,
313,A5,2020-09-01,TRUE,0001327318,own filings,held,,,no,-9.833,-48.536,33.904,no,yes,,
314,A5,2020-09-01,TTD,0001671933,own filings,held,,,no,58.579,59.417,33.904,yes,yes,,
315,A5,2020-09-01,TWTR,0001418091,own filings,sold at last close,,2022-10-27,no,59.295,30.498,33.904,no,yes,,
316,A5,2020-09-01,VNET,0001508475,own filings,held,,,no,-15.591,-85.302,33.904,no,yes,,
317,A5,2020-09-01,WB,0001595761,own filings,held,,,no,37.165,-62.433,33.904,no,yes,,
318,A5,2020-09-01,WIX,0001576789,own filings,held,,,no,-25.158,-67.482,33.904,no,yes,,
319,A5,2020-09-01,WUBA,0001525494,own filings,sold at last close,,2020-09-17,no,0.341,0.341,33.904,no,yes,,
320,A5,2020-09-01,YNDX,0001513845,own filings,sold at last close,,2022-02-25,no,14.802,-72.077,33.904,no,yes,,
321,A6,2012-05-18,ABTL,0001023364,own filings,held,,,no,,,74.637,yes,no,2012-07-12,Returns withheld: they rest on a one-day +413.1% jump on 2012-07-12 that we infer to be an unadjusted reverse split (the company filed an 8-K that day; our data has no split record).
322,A6,2012-05-18,BIDU,0001329099,own filings,held,,,no,-17.899,65.832,74.637,no,yes,,
323,A6,2012-05-18,EDGW,0001017968,own filings,held,,,no,1.461,73.049,74.637,no,no,,
324,A6,2012-05-18,ENOC,0001244937,own filings,held,,,no,224.776,77.020,74.637,yes,yes,,
325,A6,2012-05-18,FDS,0001013237,own filings,held,,,no,-4.359,67.366,74.637,no,yes,,
326,A6,2012-05-18,GIGM,0001105101,own filings,held,,,no,-10.811,-35.135,74.637,no,no,,
327,A6,2012-05-18,HSTM,0001095565,own filings,held,,,no,19.398,34.066,74.637,no,yes,,
328,A6,2012-05-18,INAP,0001056386,own filings,held,,,no,13.579,40.311,74.637,no,yes,,
329,A6,2012-05-18,INXN,0001500866,own filings,held,,,no,62.321,75.595,74.637,yes,yes,,
330,A6,2012-05-18,LNKD,0001271024,own filings,held,,,no,84.155,100.343,74.637,yes,yes,,
331,A6,2012-05-18,RAX,0001107694,own filings,held,,,no,-18.404,-9.994,74.637,no,yes,,
332,A6,2012-05-18,RHT,0001087423,own filings,held,,,no,2.727,46.628,74.637,no,yes,,
333,A6,2012-05-18,SIFY,0001094324,own filings,held,,,no,-7.583,-33.872,74.637,no,no,,
334,A6,2012-05-18,SLH,0001324245,own filings,held,,,no,29.415,16.939,74.637,no,yes,,
335,A6,2012-05-18,SYNC,0001408278,own filings,held,,,no,-64.069,-80.364,74.637,no,yes,,
336,A6,2012-05-18,TRIP,0001526520,own filings,held,,,no,47.270,100.418,74.637,yes,yes,,
337,A6,2012-05-18,VNET,0001508475,own filings,held,,,no,-16.502,73.004,74.637,no,yes,,
338,A6,2012-05-18,YNDX,0001513845,own filings,held,,,no,41.720,-5.471,74.637,no,yes,,
339,A7,2022-11-30,ABST,0001071058,own filings,sold at last close,,2023-07-26,no,20.501,20.501,74.694,no,no,,
340,A7,2022-11-30,ACIW,0000935036,own filings,held,,,no,27.943,124.211,74.694,yes,yes,,
341,A7,2022-11-30,ADBE,0000796343,own filings,held,,,no,77.140,-7.190,74.694,no,yes,,
342,A7,2022-11-30,ADSK,0000769397,own filings,held,,,no,8.160,50.205,74.694,no,yes,,
343,A7,2022-11-30,AEYE,0001362190,own filings,held,,,no,-8.955,163.539,74.694,yes,no,,
344,A7,2022-11-30,AHI,0001815436,own filings,sold at last close,,2024-01-31,no,26.829,-8.537,74.694,no,no,2023-06-09,"Data check flag: a one-day move above +300% or below -75%. Kept in the registered result, removed in the data-check variant."
345,A7,2022-11-30,AI,0001577526,own filings,held,,,no,123.828,11.068,74.694,no,yes,,
346,A7,2022-11-30,ALKT,0001529274,own filings,held,,,no,81.146,69.610,74.694,no,yes,,
347,A7,2022-11-30,ALRM,0001459200,own filings,held,,,no,9.178,4.128,74.694,no,yes,,
348,A7,2022-11-30,ALTR,0001701732,own filings,sold at last close,,2025-03-25,no,47.667,127.940,74.694,yes,yes,,
349,A7,2022-11-30,AMPL,0001866692,own filings,held,,,no,-25.628,-28.212,74.694,no,yes,,
350,A7,2022-11-30,AMST,0001807166,own filings,held,,,no,-46.667,-34.722,74.694,no,no,,
351,A7,2022-11-30,AMSWA,0000713425,own filings,sold at last close,"LGTY (same registrant, 2024-10-02)",2025-04-04,no,-30.508,6.798,74.694,no,yes,,
352,A7,2022-11-30,ANSS,0001013462,own filings,sold at last close,,2025-07-16,no,15.360,47.188,74.694,no,yes,,
353,A7,2022-11-30,APCX,0001070050,own filings,sold at last close,,2025-05-19,no,87.500,-76.614,74.694,no,no,,
354,A7,2022-11-30,API,0001802883,own filings,held,,,no,-20.064,14.968,74.694,no,yes,,
355,A7,2022-11-30,APPF,0001433195,own filings,held,,,no,65.878,100.088,74.694,yes,yes,,
356,A7,2022-11-30,APPN,0001441683,own filings,held,,,no,-4.707,6.232,74.694,no,yes,,
357,A7,2022-11-30,ARQQ,0001859690,own filings,held,,,no,-93.545,-85.054,74.694,no,yes,,
358,A7,2022-11-30,ASAN,0001477720,own filings,held,,,no,15.694,-29.075,74.694,no,yes,,
359,A7,2022-11-30,ATVI,0000718877,own filings,sold at last close,,2023-10-12,no,29.056,29.056,74.694,no,yes,,
360,A7,2022-11-30,AUID,0001534154,own filings,held,,,no,6.757,-85.586,74.694,no,no,,
361,A7,2022-11-30,AVDX,0001858257,own filings,sold at last close,,2025-10-14,no,23.782,16.009,74.694,no,yes,,
362,A7,2022-11-30,AVID,0000896841,own filings,sold at last close,,2023-11-06,no,-3.704,-3.704,74.694,no,yes,,
363,A7,2022-11-30,AVPT,0001777921,own filings,held,,,no,73.517,175.424,74.694,yes,yes,,
364,A7,2022-11-30,AVYA,0001418100,own filings,sold at last close,,2023-02-13,no,-71.501,-71.501,74.694,no,yes,,
365,A7,2022-11-30,AWRE,0001015739,own filings,held,,,no,-16.923,10.769,74.694,no,no,,
366,A7,2022-11-30,AYX,0001689923,own filings,sold at last close,,2024-03-18,no,-10.702,7.603,74.694,no,yes,,
367,A7,2022-11-30,BAND,0001514416,own filings,held,,,no,-51.969,-37.708,74.694,no,yes,,
368,A7,2022-11-30,BASE,0001845022,own filings,sold at last close,,2025-09-23,no,44.412,80.221,74.694,yes,yes,,
369,A7,2022-11-30,BB,0001070235,own filings,held,,,no,-24.641,-16.222,74.694,no,yes,,
370,A7,2022-11-30,BBAI,0001836981,own filings,held,,,no,75.258,553.608,74.694,yes,no,,
371,A7,2022-11-30,BCAN,0001888151,own filings,sold at last close,"FMTO (same registrant, 2025-01-28)",2025-06-20,yes,-82.147,-100.000,74.694,no,no,2025-04-08; 2025-04-09,"Data check flag: a one-day move above +300% or below -75%. Kept in the registered result, removed in the data-check variant."
372,A7,2022-11-30,BIGC,0001626450,own filings,held,"CMRC (same registrant, 2025-08-01)",,no,0.926,-43.444,74.694,no,yes,,
373,A7,2022-11-30,BILL,0001786352,own filings,held,,,no,-45.632,-58.354,74.694,no,yes,,
374,A7,2022-11-30,BKI,0001627014,own filings,sold at last close,,2023-09-01,no,22.213,22.213,74.694,no,yes,,
375,A7,2022-11-30,BKKT,0001820302,own filings,held,,,no,-15.254,-64.362,74.694,no,yes,,
376,A7,2022-11-30,BKYI,0001019034,own filings,held,,,no,-76.882,-95.171,74.694,no,no,,
377,A7,2022-11-30,BL,0001666134,own filings,held,,,no,-14.537,-15.807,74.694,no,yes,,
378,A7,2022-11-30,BLIN,0001378590,own filings,held,,,no,-41.727,-28.058,74.694,no,no,,
379,A7,2022-11-30,BLKB,0001280058,own filings,held,,,no,26.944,-4.876,74.694,no,yes,,
380,A7,2022-11-30,BLZE,0001462056,own filings,held,,,no,61.969,6.040,74.694,no,no,,
381,A7,2022-11-30,BNFT,0001576169,own filings,sold at last close (two possible successors),,2023-01-23,no,1.254,1.254,74.694,no,yes,,
382,A7,2022-11-30,BOX,0001372612,own filings,held,,,no,-4.663,7.614,74.694,no,yes,,
383,A7,2022-11-30,BRZE,0001676238,own filings,held,,,no,113.774,11.673,74.694,no,yes,,
384,A7,2022-11-30,BSY,0001031308,own filings,held,,,no,31.865,7.375,74.694,no,yes,,
385,A7,2022-11-30,BTCS,0001436229,own filings,held,,,no,91.146,524.276,74.694,yes,no,,
386,A7,2022-11-30,CANG,0001725123,own filings,held,,,no,-20.155,16.279,74.694,no,yes,,
387,A7,2022-11-30,CCCS,0001818201,own filings,held,"CCC (same registrant, 2025-10-31)",,no,26.957,-18.743,74.694,no,yes,,
388,A7,2022-11-30,CCRD,0000320340,own filings,sold at last close,,2025-10-30,no,-56.436,-21.097,74.694,no,no,,
389,A7,2022-11-30,CCSI,0001866633,own filings,held,,,no,-67.565,-61.543,74.694,no,yes,,
390,A7,2022-11-30,CDAY,0001725057,own filings,held,"DAY (same registrant, 2024-02-01)",,no,0.672,0.358,74.694,no,yes,,
391,A7,2022-11-30,CDNS,0000813672,own filings,held,,,no,58.841,81.260,74.694,yes,yes,,
392,A7,2022-11-30,CERT,0001827090,own filings,held,,,no,-15.135,-46.054,74.694,no,yes,,
393,A7,2022-11-30,CFLT,0001699838,own filings,held,,,no,-7.859,-3.387,74.694,no,yes,,
394,A7,2022-11-30,CGNT,0001824814,own filings,held,,,no,73.898,184.746,74.694,yes,yes,,
395,A7,2022-11-30,CHKP,0001015922,own filings,held,,,no,9.915,40.608,74.694,no,yes,,
396,A7,2022-11-30,CLBT,0001854587,own filings,held,,,no,86.947,273.009,74.694,yes,no,,
397,A7,2022-11-30,CLPS,0001724542,own filings,held,,,no,26.098,7.068,74.694,no,no,,
398,A7,2022-11-30,CMCM,0001597835,own filings,held,,,no,4.233,312.169,74.694,yes,no,,
399,A7,2022-11-30,COUP,0001385867,own filings,sold at last close,,2023-02-27,no,28.036,28.036,74.694,no,yes,,
400,A7,2022-11-30,COUR,0001651562,own filings,held,,,no,41.679,-42.970,74.694,no,yes,,
401,A7,2022-11-30,CRM,0001108524,own filings,held,,,no,57.192,45.397,74.694,no,yes,,
402,A7,2022-11-30,CRNC,0001768267,own filings,held,,,no,-15.700,-45.978,74.694,no,yes,,
403,A7,2022-11-30,CRWD,0001535527,own filings,held,,,no,101.436,332.775,74.694,yes,yes,,
404,A7,2022-11-30,CTV,0001835378,own filings,held,"OSRH (price-matched hand-off, 2025-02-18)",,no,-41.216,-74.626,74.694,no,yes,,
405,A7,2022-11-30,CVLT,0001169561,own filings,held,,,no,11.485,87.121,74.694,yes,yes,,
406,A7,2022-11-30,CVT,0001827075,own filings,sold at last close,,2023-06-14,no,52.143,52.143,74.694,no,yes,,
407,A7,2022-11-30,CWAN,0001866368,own filings,held,,,no,13.593,17.591,74.694,no,yes,,
408,A7,2022-11-30,CXM,0001569345,own filings,held,,,no,82.751,-15.734,74.694,no,yes,,
409,A7,2022-11-30,CYBR,0001598110,own filings,held,,,no,33.675,207.634,74.694,yes,yes,,
410,A7,2022-11-30,CYRN,0001084577,own filings,sold at last close,,2023-03-02,no,-75.221,-75.221,74.694,no,no,,
411,A7,2022-11-30,DBX,0001467623,own filings,held,,,no,19.610,26.825,74.694,no,yes,,
412,A7,2022-11-30,DCBO,0001829959,own filings,held,,,no,39.875,-34.232,74.694,no,yes,,
413,A7,2022-11-30,DCT,0001160951,own filings,sold at last close,,2023-03-29,no,69.705,69.705,74.694,no,yes,,
414,A7,2022-11-30,DDD,0000910638,own filings,held,,,no,-47.337,-79.487,74.694,no,yes,,
415,A7,2022-11-30,DDOG,0001561550,own filings,held,,,no,53.827,111.151,74.694,yes,yes,,
416,A7,2022-11-30,DH,0001861795,own filings,held,,,no,-27.441,-75.022,74.694,no,yes,,
417,A7,2022-11-30,DOCU,0001261333,own filings,held,,,no,-8.434,47.334,74.694,no,yes,,
418,A7,2022-11-30,DOMO,0001505952,own filings,held,,,no,-33.636,-20.000,74.694,no,yes,,
419,A7,2022-11-30,DRTT,0001340476,own filings,sold at last close,,2023-09-14,no,13.399,13.399,74.694,no,no,,
420,A7,2022-11-30,DSGX,0001050140,own filings,held,,,no,16.688,18.675,74.694,no,yes,,
421,A7,2022-11-30,DT,0001773383,own filings,held,,,no,38.194,14.994,74.694,no,yes,,
422,A7,2022-11-30,DUOL,0001562088,own filings,held,,,no,204.708,174.738,74.694,yes,yes,,
423,A7,2022-11-30,DUOT,0001396536,own filings,held,,,no,19.216,294.902,74.694,yes,no,,
424,A7,2022-11-30,EA,0000712515,own filings,held,,,no,6.182,56.855,74.694,no,yes,,
425,A7,2022-11-30,EGAN,0001066194,own filings,held,,,no,-13.409,18.409,74.694,no,no,,
426,A7,2022-11-30,ELYS,0001080319,own filings,sold at last close,,2023-10-16,no,171.703,171.703,74.694,yes,no,,
427,A7,2022-11-30,ENFN,0001868912,own filings,sold at last close,,2025-04-17,no,7.120,12.670,74.694,no,yes,,
428,A7,2022-11-30,ESMT,0001863105,own filings,sold at last close,,2024-01-25,no,34.414,35.828,74.694,no,yes,,
429,A7,2022-11-30,ESTC,0001707753,own filings,held,,,no,31.329,15.264,74.694,no,yes,,
430,A7,2022-11-30,EVBG,0001437352,own filings,sold at last close,,2024-07-01,no,-37.623,7.230,74.694,no,yes,,
431,A7,2022-11-30,EVCM,0001853145,own filings,held,,,no,39.730,30.135,74.694,no,yes,,
432,A7,2022-11-30,EXFY,0001476840,own filings,held,,,no,-75.653,-83.804,74.694,no,yes,,
433,A7,2022-11-30,FNGR,0001602409,own filings,held,,,no,-0.236,-68.160,74.694,no,yes,,
434,A7,2022-11-30,FORG,0001543916,own filings,sold at last close,,2023-08-22,no,6.713,6.713,74.694,no,yes,,
435,A7,2022-11-30,FROG,0001800667,own filings,held,,,no,22.748,177.434,74.694,yes,yes,,
436,A7,2022-11-30,FRSH,0001544522,own filings,held,,,no,35.453,-17.862,74.694,no,yes,,
437,A7,2022-11-30,FRSX,0001691221,own filings,held,,,no,-51.263,-92.172,74.694,no,no,,
438,A7,2022-11-30,FSLY,0001517413,own filings,held,,,no,71.946,20.704,74.694,no,yes,,
439,A7,2022-11-30,GDYN,0001743725,own filings,held,,,no,-0.471,-31.240,74.694,no,yes,,
440,A7,2022-11-30,GEGGL,0001831096,own filings,held,,,no,48.626,97.580,74.694,yes,no,,
441,A7,2022-11-30,GEN,0000849399,own filings,held,,,no,-1.332,22.352,74.694,no,yes,,
442,A7,2022-11-30,GLBE,0001835963,own filings,held,,,no,58.785,87.390,74.694,yes,yes,,
443,A7,2022-11-30,GMGI,0001437925,own filings,held,,,no,4.202,-69.454,74.694,no,no,,
444,A7,2022-11-30,GRRR,0001903145,own filings,held,,,no,-93.720,-86.705,74.694,no,no,,
445,A7,2022-11-30,GTLB,0001653482,own filings,held,,,no,22.225,3.818,74.694,no,yes,,
446,A7,2022-11-30,GVP,0000944480,own filings,sold at last close,,2024-10-31,no,-50.908,-31.924,74.694,no,no,,
447,A7,2022-11-30,GWRE,0001528396,own filings,held,,,no,68.504,264.154,74.694,yes,yes,,
448,A7,2022-11-30,HUBS,0001404655,own filings,held,,,no,62.997,21.216,74.694,no,yes,,
449,A7,2022-11-30,ICLK,0001697818,own filings,held,"AMBR (same registrant, 2025-03-13)",,no,52.057,-14.640,74.694,no,no,,
450,A7,2022-11-30,IDAI,0001718939,own filings,held,,,no,-59.756,-93.203,74.694,no,no,,
451,A7,2022-11-30,IDN,0001040896,own filings,held,,,no,-13.699,189.041,74.694,yes,no,,
452,A7,2022-11-30,IFBD,0001815566,own filings,held,,,no,-97.527,-99.841,74.694,no,no,,
453,A7,2022-11-30,INFA,0001868778,own filings,sold at last close,,2025-11-17,no,46.042,44.296,74.694,no,yes,,
454,A7,2022-11-30,INLX,0001081745,own filings,held,,,no,2.676,111.922,74.694,yes,no,,
455,A7,2022-11-30,INSE,0001615063,own filings,held,,,no,-35.784,-32.843,74.694,no,yes,,
456,A7,2022-11-30,INST,0001841804,own filings,sold at last close,,2024-11-12,no,4.142,-6.014,74.694,no,yes,,
457,A7,2022-11-30,INTA,0001565687,own filings,held,,,no,62.267,86.889,74.694,yes,yes,,
458,A7,2022-11-30,INTU,0000896878,own filings,held,,,no,41.217,58.694,74.694,no,yes,,
459,A7,2022-11-30,IRNT,0001777946,own filings,sold at last close,,2023-08-04,no,-70.938,-70.938,74.694,no,no,,
460,A7,2022-11-30,IVDA,0001397183,own filings,held,,,no,39.927,-74.545,74.694,no,no,,
461,A7,2022-11-30,JAMF,0001721947,own filings,held,,,no,-22.603,-39.239,74.694,no,yes,,
462,A7,2022-11-30,KARO,0001828102,own filings,held,,,no,1.642,93.581,74.694,yes,no,,
463,A7,2022-11-30,KC,0001795589,own filings,held,,,no,44.702,309.272,74.694,yes,yes,,
464,A7,2022-11-30,KINZ,0001820875,own filings,held,"CXAI (same registrant, 2023-03-15)",,no,-67.180,-88.932,74.694,no,no,2023-04-13,"Data check flag: a one-day move above +300% or below -75%. Kept in the registered result, removed in the data-check variant."
465,A7,2022-11-30,KLTR,0001432133,own filings,held,,,no,-10.471,-23.037,74.694,no,no,,
466,A7,2022-11-30,LAW,0001625641,own filings,held,,,no,-23.913,-8.440,74.694,no,yes,,
467,A7,2022-11-30,LFLY,0001785592,own filings,sold at last close,,2025-01-16,yes,-63.937,-95.983,74.694,no,no,,
468,A7,2022-11-30,LPSN,0001102993,own filings,held,,,no,-75.809,-97.172,74.694,no,yes,,
469,A7,2022-11-30,LSPD,0001823306,own filings,held,,,no,-2.488,-31.857,74.694,no,yes,,
470,A7,2022-11-30,LTRY,0001673481,own filings,held,"SEGG (same registrant, 2025-07-08)",,no,-69.427,-97.314,74.694,no,no,,
471,A7,2022-11-30,MANH,0001056696,own filings,held,,,no,77.108,40.106,74.694,no,yes,,
472,A7,2022-11-30,MAPS,0001779474,own filings,held,,,no,-28.906,-27.607,74.694,no,yes,,
473,A7,2022-11-30,MBLY,0001910139,own filings,held,,,no,43.985,-58.541,74.694,no,yes,,
474,A7,2022-11-30,MCLD,0001756499,own filings,sold at last close,,2023-09-28,yes,-87.936,-87.936,74.694,no,no,,
475,A7,2022-11-30,MDB,0001441816,own filings,held,,,no,172.277,117.676,74.694,yes,yes,,
476,A7,2022-11-30,MFGP,0001359711,own filings,sold at last close,,2023-01-30,no,4.180,4.180,74.694,no,yes,,
477,A7,2022-11-30,MGIC,0000876779,own filings,held,,,no,-44.285,51.786,74.694,no,yes,,
478,A7,2022-11-30,MIXT,0001576914,own filings,sold at last close,,2024-03-25,no,-15.461,93.743,74.694,yes,no,,
479,A7,2022-11-30,MKTW,0001805651,own filings,held,,,no,80.574,-46.283,74.694,no,no,,
480,A7,2022-11-30,MLNK,0001834494,own filings,sold at last close,,2025-10-23,no,29.564,36.308,74.694,no,yes,,
481,A7,2022-11-30,MNDY,0001845338,own filings,held,,,no,67.293,33.823,74.694,no,yes,,
482,A7,2022-11-30,MOMO,0001610601,own filings,held,,,no,22.959,53.665,74.694,no,yes,,
483,A7,2022-11-30,MQ,0001522540,own filings,held,,,no,-5.082,-28.401,74.694,no,yes,,
484,A7,2022-11-30,MSFT,0000789019,own filings,held,,,no,49.828,97.442,74.694,yes,yes,,
485,A7,2022-11-30,MSGM,0001821175,own filings,held,,,no,-44.444,-43.636,74.694,no,no,2023-01-31,"Data check flag: a one-day move above +300% or below -75%. Kept in the registered result, removed in the data-check variant."
486,A7,2022-11-30,MSTR,0001050446,own filings,held,,,no,151.552,794.442,74.694,yes,yes,,
487,A7,2022-11-30,MTC,0001742518,own filings,held,,,no,5.505,-68.807,74.694,no,no,2024-05-20; 2025-11-05,"Data check flag: a one-day move above +300% or below -75%. Kept in the registered result, removed in the data-check variant."
488,A7,2022-11-30,MTLS,0001091223,own filings,held,,,no,-34.404,-37.513,74.694,no,yes,,
489,A7,2022-11-30,MTTR,0001819394,own filings,sold at last close,,2025-02-27,no,-20.000,70.794,74.694,no,yes,,
490,A7,2022-11-30,MYPS,0001823878,own filings,held,,,no,-42.823,-84.641,74.694,no,yes,,
491,A7,2022-11-30,MYSZ,0001211805,own filings,held,,,no,-83.463,-97.052,74.694,no,no,,
492,A7,2022-11-30,NABL,0001834488,own filings,held,,,no,6.055,-35.886,74.694,no,yes,,
493,A7,2022-11-30,NATI,0000935494,own filings,sold at last close,,2023-10-10,no,48.400,48.400,74.694,no,yes,,
494,A7,2022-11-30,NCNO,0001902733,own filings,held,,,no,5.781,-5.436,74.694,no,yes,,
495,A7,2022-11-30,NET,0001477333,own filings,held,,,no,57.000,307.428,74.694,yes,yes,,
496,A7,2022-11-30,NEWR,0001448056,own filings,sold at last close,,2023-11-07,no,54.594,54.594,74.694,no,yes,,
497,A7,2022-11-30,NICE,0001003935,own filings,held,,,no,-2.276,-45.373,74.694,no,yes,,
498,A7,2022-11-30,NOW,0001373715,own filings,held,,,no,64.723,95.150,74.694,yes,yes,,
499,A7,2022-11-30,NTES,0001110646,own filings,held,,,no,63.491,108.489,74.694,yes,yes,,
500,A7,2022-11-30,NTNX,0001618732,own filings,held,,,no,52.477,69.144,74.694,no,yes,,
501,A7,2022-11-30,NTWK,0001039280,own filings,held,,,no,-28.571,-2.273,74.694,no,no,,
502,A7,2022-11-30,NYAX,0001901279,own filings,held,,,no,-0.153,126.224,74.694,yes,no,,
503,A7,2022-11-30,OKTA,0001660134,own filings,held,,,no,25.750,50.656,74.694,no,yes,,
504,A7,2022-11-30,ONTF,0001110611,own filings,held,,,no,15.056,-14.426,74.694,no,yes,,
505,A7,2022-11-30,OPRA,0001737450,own filings,held,,,no,140.097,226.598,74.694,yes,no,,
506,A7,2022-11-30,ORCL,0001341439,own filings,held,,,no,42.087,152.485,74.694,yes,yes,,
507,A7,2022-11-30,OTMO,0001842498,own filings,sold at last close,,2023-10-18,no,-10.549,-10.549,74.694,no,no,,
508,A7,2022-11-30,PATH,0001734722,own filings,held,,,no,58.460,11.147,74.694,no,yes,,
509,A7,2022-11-30,PAYC,0001590955,own filings,held,,,no,-46.174,-51.512,74.694,no,yes,,
510,A7,2022-11-30,PCOR,0001611052,own filings,held,,,no,20.666,51.235,74.694,no,yes,,
511,A7,2022-11-30,PCTY,0001591698,own filings,held,,,no,-28.077,-32.365,74.694,no,yes,,
512,A7,2022-11-30,PD,0001568100,own filings,held,,,no,-1.978,-46.043,74.694,no,yes,,
513,A7,2022-11-30,PDFS,0001120914,own filings,held,,,no,-4.399,-13.612,74.694,no,yes,,
514,A7,2022-11-30,PERF,0001899830,own filings,held,,,no,-59.586,-75.310,74.694,no,yes,,
515,A7,2022-11-30,PRCH,0001784535,own filings,held,,,no,-25.490,375.000,74.694,yes,yes,,
516,A7,2022-11-30,PRGS,0000876167,own filings,held,,,no,2.239,-20.623,74.694,no,yes,,
517,A7,2022-11-30,PRST,0001822145,own filings,sold at last close,,2024-08-07,yes,-67.615,-99.029,74.694,no,no,,
518,A7,2022-11-30,PTC,0000857005,own filings,held,,,no,23.701,37.906,74.694,no,yes,,
519,A7,2022-11-30,PTOC,0001838238,own filings,sold at last close,"BLAC (price-matched hand-off, 2023-03-17)",2025-02-14,no,5.435,-69.631,74.694,no,yes,,
520,A7,2022-11-30,PWSC,0001835681,own filings,sold at last close,,2024-09-30,no,14.258,11.759,74.694,no,yes,,
521,A7,2022-11-30,PYCR,0001839439,own filings,sold at last close,,2025-04-11,no,-26.660,-22.234,74.694,no,yes,,
522,A7,2022-11-30,QLYS,0001107843,own filings,held,,,no,49.886,14.215,74.694,no,yes,,
523,A7,2022-11-30,QTWO,0001410384,own filings,held,,,no,30.588,165.184,74.694,yes,yes,,
524,A7,2022-11-30,QUBT,0001758009,own filings,held,,,no,-59.683,429.412,74.694,yes,no,,
525,A7,2022-11-30,QUMU,0000892482,own filings,sold at last close,,2023-02-08,no,72.846,72.846,74.694,no,no,,
526,A7,2022-11-30,RAAS,0001804583,own filings,sold at last close,,2023-05-16,no,-49.778,-49.778,74.694,no,no,,
527,A7,2022-11-30,RBLX,0001315098,own filings,held,,,no,23.733,199.119,74.694,yes,yes,,
528,A7,2022-11-30,RBT,0001862068,own filings,sold at last close,,2024-06-07,yes,-84.868,-98.974,74.694,no,no,,
529,A7,2022-11-30,RCAT,0000748268,own filings,held,,,no,-25.008,528.814,74.694,yes,no,,
530,A7,2022-11-30,RDVT,0001720116,own filings,held,,,no,-8.246,139.634,74.694,yes,no,,
531,A7,2022-11-30,RPD,0001560327,own filings,held,,,no,84.184,-46.667,74.694,no,yes,,
532,A7,2022-11-30,S,0001583708,own filings,held,,,no,31.655,11.793,74.694,no,yes,,
533,A7,2022-11-30,SAP,0001000184,own filings,held,,,no,45.955,126.568,74.694,yes,yes,,
534,A7,2022-11-30,SBET,0001981535,successor issuer,held,,,no,-75.657,-84.275,74.694,no,no,2025-05-27,"Data check flag: a one-day move above +300% or below -75%. Kept in the registered result, removed in the data-check variant."
535,A7,2022-11-30,SCWX,0001468666,own filings,sold at last close,,2025-01-31,no,-16.713,18.524,74.694,no,no,,
536,A7,2022-11-30,SEAC,0001019671,own filings,sold at last close,,2023-08-25,no,-45.958,-45.958,74.694,no,no,,
537,A7,2022-11-30,SEMR,0001831840,own filings,held,,,no,15.190,24.789,74.694,no,no,,
538,A7,2022-11-30,SHOP,0001594805,own filings,held,,,no,78.131,288.063,74.694,yes,yes,,
539,A7,2022-11-30,SKIL,0001774675,own filings,held,,,no,-50.156,-73.984,74.694,no,yes,,
540,A7,2022-11-30,SMAR,0001366561,own filings,sold at last close,,2025-01-21,no,37.866,83.702,74.694,yes,yes,,
541,A7,2022-11-30,SMSI,0000948708,own filings,held,,,no,-69.800,-96.633,74.694,no,no,,
542,A7,2022-11-30,SNAL,0001886894,own filings,held,,,no,-51.923,-66.154,74.694,no,no,,
543,A7,2022-11-30,SNOW,0001640147,own filings,held,,,no,31.337,75.815,74.694,yes,yes,,
544,A7,2022-11-30,SNPS,0000883241,own filings,held,,,no,59.990,23.111,74.694,no,yes,,
545,A7,2022-11-30,SOUN,0001840856,own filings,held,,,no,67.188,841.406,74.694,yes,no,,
546,A7,2022-11-30,SPLK,0001353283,own filings,sold at last close,,2024-03-15,no,95.082,101.982,74.694,yes,yes,,
547,A7,2022-11-30,SPNS,0000885740,own filings,held,,,no,34.943,137.041,74.694,yes,yes,,
548,A7,2022-11-30,SPSC,0001092699,own filings,held,,,no,21.102,-41.431,74.694,no,yes,,
549,A7,2022-11-30,SPT,0001517375,own filings,held,,,no,-4.047,-83.187,74.694,no,yes,,
550,A7,2022-11-30,SQ,0001512673,own filings,held,"XYZ (same registrant, 2025-01-21)",,no,-6.404,-4.229,74.694,no,yes,,
551,A7,2022-11-30,SQSP,0001496963,own filings,sold at last close,,2024-10-16,no,36.798,127.282,74.694,yes,yes,,
552,A7,2022-11-30,SSNC,0001402436,own filings,held,,,no,6.281,66.179,74.694,no,yes,,
553,A7,2022-11-30,SSTI,0001351636,own filings,held,,,no,-33.612,-81.449,74.694,no,yes,,
554,A7,2022-11-30,SUMO,0001643269,own filings,sold at last close,,2023-05-11,no,58.421,58.421,74.694,no,yes,,
555,A7,2022-11-30,SWI,0001739942,own filings,sold at last close,,2025-04-15,no,32.609,130.245,74.694,yes,yes,,
556,A7,2022-11-30,TAOP,0001552670,own filings,held,,,no,-78.767,-98.872,74.694,no,no,,
557,A7,2022-11-30,TDC,0000816761,own filings,held,,,no,38.360,-16.135,74.694,no,yes,,
558,A7,2022-11-30,TEAM,0001650372,own filings,held,,,no,45.154,13.660,74.694,no,yes,,
559,A7,2022-11-30,TENB,0001660280,own filings,held,,,no,8.408,-30.540,74.694,no,yes,,
560,A7,2022-11-30,TTWO,0000946581,own filings,held,,,no,49.683,132.822,74.694,yes,yes,,
561,A7,2022-11-30,TUYA,0001829118,own filings,held,,,no,86.555,104.686,74.694,yes,yes,,
562,A7,2022-11-30,TWLO,0001447669,own filings,held,,,no,31.946,164.565,74.694,yes,yes,,
563,A7,2022-11-30,TWOU,0001459417,own filings,sold at last close,,2024-08-06,yes,-87.766,-99.344,74.694,no,yes,,
564,A7,2022-11-30,TYL,0000860731,own filings,held,,,no,19.286,37.019,74.694,no,yes,,
565,A7,2022-11-30,U,0001810806,own filings,held,,,no,-25.310,7.618,74.694,no,yes,,
566,A7,2022-11-30,UPLD,0001505155,own filings,held,,,no,-37.401,-75.597,74.694,no,yes,,
567,A7,2022-11-30,USER,0001557127,own filings,sold at last close,,2023-01-11,no,1.078,1.078,74.694,no,yes,,
568,A7,2022-11-30,VEEV,0001393052,own filings,held,,,no,-8.431,26.229,74.694,no,yes,,
569,A7,2022-11-30,VERX,0001806837,own filings,held,,,no,63.329,14.494,74.694,no,yes,,
570,A7,2022-11-30,VMW,0001124610,own filings,sold at last close,,2023-11-21,no,17.277,17.277,74.694,no,yes,,
571,A7,2022-11-30,VRNS,0001361113,own filings,held,,,no,97.222,55.697,74.694,no,yes,,
572,A7,2022-11-30,VTEX,0001793663,own filings,held,,,no,74.365,5.330,74.694,no,no,,
573,A7,2022-11-30,WAVD,0000803578,own filings,held,"AIFF (same registrant, 2024-08-13)",,no,-57.458,-88.985,74.694,no,no,,
574,A7,2022-11-30,WEAV,0001609151,own filings,held,,,no,139.594,61.929,74.694,no,yes,,
575,A7,2022-11-30,WFCF,0001360565,own filings,held,,,no,-8.699,-12.146,74.694,no,no,,
576,A7,2022-11-30,WIMI,0001770088,own filings,held,,,no,-16.403,-59.716,74.694,no,no,,
577,A7,2022-11-30,WK,0001445305,own filings,held,,,no,19.377,14.896,74.694,no,yes,,
578,A7,2022-11-30,WKME,0001847584,own filings,sold at last close,,2024-09-11,no,12.229,59.429,74.694,no,yes,,
579,A7,2022-11-30,XM,0001747748,own filings,sold at last close,,2023-06-27,no,76.803,76.803,74.694,yes,yes,,
580,A7,2022-11-30,XNET,0001510593,own filings,held,,,no,-19.415,284.574,74.694,yes,no,,
581,A7,2022-11-30,XPER,0001788999,own filings,held,,,no,-3.641,-45.938,74.694,no,yes,,
582,A7,2022-11-30,YMM,0001838413,own filings,held,,,no,-12.192,38.015,74.694,no,yes,,
583,A7,2022-11-30,YOU,0001856314,own filings,held,,,no,-28.402,26.136,74.694,no,yes,,
584,A7,2022-11-30,YVR,0000884247,own filings,sold at last close,,2023-08-22,no,-50.936,-50.936,74.694,no,no,,
585,A7,2022-11-30,ZDGE,0001667313,own filings,held,,,no,-26.360,-2.917,74.694,no,no,,
586,A7,2022-11-30,ZENV,0001836934,own filings,held,,,no,-28.859,-19.463,74.694,no,no,,
587,A7,2022-11-30,ZETA,0001851003,own filings,held,,,no,-2.506,117.780,74.694,yes,yes,,
588,A7,2022-11-30,ZI,0001794515,own filings,held,"GTM (same registrant, 2025-05-13)",,no,-49.755,-64.346,74.694,no,yes,,
589,A7,2022-11-30,ZUO,0001423774,own filings,sold at last close,,2025-02-13,no,18.750,30.469,74.694,no,yes,,
590,S1,2023-05-25,AAOI,0001158114,own filings,held,,,no,616.571,10270.857,86.879,yes,no,,
591,S1,2023-05-25,ADI,0000006281,own filings,held,,,no,37.445,142.358,86.879,yes,yes,,
592,S1,2023-05-25,AIP,0001667011,own filings,held,,,no,26.636,465.109,86.879,yes,yes,,
593,S1,2023-05-25,ALGM,0000866291,own filings,held,,,no,-18.612,22.175,86.879,no,yes,,
594,S1,2023-05-25,AMAT,0000006951,own filings,held,,,no,70.631,239.501,86.879,yes,yes,,
595,S1,2023-05-25,AMBA,0001280263,own filings,held,,,no,-30.176,21.970,86.879,no,yes,,
596,S1,2023-05-25,AMD,0000002488,own filings,held,,,no,38.230,288.459,86.879,yes,yes,,
597,S1,2023-05-25,AMKR,0001047127,own filings,held,,,no,38.887,186.998,86.879,yes,yes,,
598,S1,2023-05-25,AOSL,0001387467,own filings,held,,,no,3.734,52.709,86.879,no,yes,,
599,S1,2023-05-25,ASTI,0001350102,own filings,held,,,no,-99.470,-99.815,86.879,no,no,,
600,S1,2023-05-25,ASX,0001122411,own filings,held,,,no,58.142,425.437,86.879,yes,yes,,
601,S1,2023-05-25,ATOM,0001420520,own filings,held,,,no,-55.438,-2.429,86.879,no,yes,,
602,S1,2023-05-25,AVGO,0001730168,own filings,held,,,no,97.003,491.280,86.879,yes,yes,,
603,S1,2023-05-25,AXTI,0001051627,own filings,held,,,no,3.593,4116.467,86.879,yes,no,,
604,S1,2023-05-25,BEEM,0001398805,own filings,held,,,no,-47.203,-87.881,86.879,no,yes,,
605,S1,2023-05-25,CAN,0001780652,own filings,held,,,no,-59.302,-83.915,86.879,no,yes,,
606,S1,2023-05-25,CRDO,0001807794,own filings,held,,,no,66.694,1723.122,86.879,yes,yes,,
607,S1,2023-05-25,CRUS,0000772406,own filings,held,,,no,52.005,127.317,86.879,yes,yes,,
608,S1,2023-05-25,CSIQ,0001375877,own filings,held,,,no,-57.477,-55.888,86.879,no,yes,,
609,S1,2023-05-25,DIOD,0000029002,own filings,held,,,no,-19.954,8.421,86.879,no,yes,,
610,S1,2023-05-25,DQ,0001477641,own filings,held,,,no,-46.818,-53.625,86.879,no,yes,,
611,S1,2023-05-25,EBON,0001799290,own filings,held,,,no,39.462,-65.668,86.879,no,no,,
612,S1,2023-05-25,EMAN,0001046995,own filings,sold at last close,,2023-10-17,no,2.985,2.985,86.879,no,yes,,
613,S1,2023-05-25,EMKR,0000808326,own filings,held,"KNW (price-matched hand-off, 2025-03-05); USBC (price-matched hand-off, 2025-08-15)",,no,-88.241,-94.580,86.879,no,no,,
614,S1,2023-05-25,ENPH,0001463101,own filings,held,,,no,-23.944,-61.097,86.879,no,yes,,
615,S1,2023-05-25,FORM,0001039399,own filings,held,,,no,94.084,328.681,86.879,yes,yes,,
616,S1,2023-05-25,FSLR,0001274494,own filings,held,,,no,37.723,28.322,86.879,no,yes,,
617,S1,2023-05-25,FTCI,0001828161,own filings,held,,,no,-82.743,-82.606,86.879,no,yes,,
618,S1,2023-05-25,GFS,0001709048,own filings,held,,,no,-10.034,51.817,86.879,no,yes,,
619,S1,2023-05-25,GSIT,0001126741,own filings,held,,,no,-50.794,70.370,86.879,no,yes,,
620,S1,2023-05-25,HIMX,0001342338,own filings,held,,,no,4.605,268.342,86.879,yes,yes,,
621,S1,2023-05-25,ICG,0001895597,own filings,held,,,no,-5.114,-89.095,86.879,no,no,,
622,S1,2023-05-25,ICHR,0001652535,own filings,held,,,no,27.183,126.395,86.879,yes,yes,,
623,S1,2023-05-25,IMOS,0001123134,own filings,held,,,no,16.535,135.576,86.879,yes,no,,
624,S1,2023-05-25,INDI,0001841925,own filings,held,,,no,-29.153,-47.085,86.879,no,yes,,
625,S1,2023-05-25,INTC,0000050863,own filings,held,,,no,13.673,346.363,86.879,yes,yes,,
626,S1,2023-05-25,IPGP,0001111928,own filings,held,,,no,-23.243,6.669,86.879,no,yes,,
627,S1,2023-05-25,IPWR,0001507957,own filings,held,,,no,-29.524,-45.429,86.879,no,no,,
628,S1,2023-05-25,ISUN,0001634447,own filings,sold at last close,,2024-05-22,no,-78.567,-78.567,86.879,no,no,,
629,S1,2023-05-25,JKS,0001481513,own filings,held,,,no,-36.428,-40.527,86.879,no,yes,,
630,S1,2023-05-25,KLIC,0000056978,own filings,held,,,no,-7.395,112.833,86.879,yes,yes,,
631,S1,2023-05-25,KOPN,0000771266,own filings,held,,,no,-48.750,221.250,86.879,yes,yes,,
632,S1,2023-05-25,LASR,0001124796,own filings,held,,,no,-2.587,480.525,86.879,yes,yes,,
633,S1,2023-05-25,LEDS,0001333822,own filings,held,,,no,-49.147,-18.089,86.879,no,yes,,
634,S1,2023-05-25,LPTH,0000889971,own filings,held,,,no,-3.731,1164.925,86.879,yes,no,,
635,S1,2023-05-25,LSCC,0000855658,own filings,held,,,no,-0.765,85.614,86.879,no,yes,,
636,S1,2023-05-25,MAXN,0001796898,own filings,sold at last close,,2026-04-30,yes,-89.171,-99.973,86.879,no,yes,,
637,S1,2023-05-25,MCHP,0000827054,own filings,held,,,no,35.229,35.746,86.879,no,yes,,
638,S1,2023-05-25,MMAT,0001431959,own filings,sold at last close,,2024-08-20,yes,-85.954,-97.735,86.879,no,yes,,
639,S1,2023-05-25,MPWR,0001280452,own filings,held,,,no,55.443,232.992,86.879,yes,yes,,
640,S1,2023-05-25,MRAM,0001438423,own filings,held,,,no,-21.326,337.971,86.879,yes,yes,,
641,S1,2023-05-25,MRVL,0001835632,own filings,held,,,no,55.627,300.858,86.879,yes,yes,,
642,S1,2023-05-25,MTSI,0001493594,own filings,held,,,no,75.373,561.491,86.879,yes,yes,,
643,S1,2023-05-25,MU,0000723125,own filings,held,,,no,87.115,992.932,86.879,yes,yes,,
644,S1,2023-05-25,MX,0001325702,own filings,held,,,no,-51.801,-46.251,86.879,no,yes,,
645,S1,2023-05-25,MXL,0001288469,own filings,held,,,no,-35.265,248.296,86.879,yes,yes,,
646,S1,2023-05-25,NA,0001872302,own filings,held,,,no,-77.110,-89.536,86.879,no,yes,,
647,S1,2023-05-25,NVEC,0000724910,own filings,held,,,no,-7.330,22.439,86.879,no,yes,,
648,S1,2023-05-25,NVTS,0001821769,own filings,held,,,no,-50.863,288.446,86.879,yes,yes,,
649,S1,2023-05-25,NXPI,0001413447,own filings,held,,,no,64.874,95.239,86.879,yes,yes,,
650,S1,2023-05-25,ON,0001097864,own filings,held,,,no,-11.512,41.707,86.879,no,yes,,
651,S1,2023-05-25,OSIS,0001039065,own filings,held,,,no,18.707,84.576,86.879,no,yes,,
652,S1,2023-05-25,PLAB,0000810136,own filings,held,,,no,30.272,154.123,86.879,yes,yes,,
653,S1,2023-05-25,POET,0001437424,own filings,held,,,no,-58.432,246.556,86.879,yes,no,,
654,S1,2023-05-25,POWI,0000833640,own filings,held,,,no,-8.998,-13.772,86.879,no,yes,,
655,S1,2023-05-25,PRSO,0000890394,own filings,held,,,no,-93.214,-94.694,86.879,no,yes,,
656,S1,2023-05-25,PXLW,0001040161,own filings,held,,,no,-41.631,-65.823,86.879,no,no,,
657,S1,2023-05-25,QRVO,0001604778,own filings,held,,,no,4.242,12.875,86.879,no,yes,,
658,S1,2023-05-25,QUIK,0000882508,own filings,held,,,no,123.498,255.300,86.879,yes,no,,
659,S1,2023-05-25,RMBS,0000917273,own filings,held,,,no,-11.923,126.091,86.879,yes,yes,,
660,S1,2023-05-25,SEDG,0001419612,own filings,held,,,no,-83.829,-79.139,86.879,no,yes,,
661,S1,2023-05-25,SGH,0001616533,own filings,held,"PENG (same registrant, 2024-10-15)",,no,-6.551,147.303,86.879,yes,yes,,
662,S1,2023-05-25,SHLS,0001831651,own filings,held,,,no,-65.672,-57.740,86.879,no,yes,,
663,S1,2023-05-25,SIMO,0001329394,own filings,held,,,no,39.219,415.615,86.879,yes,yes,,
664,S1,2023-05-25,SITM,0001451809,own filings,held,,,no,32.732,672.516,86.879,yes,yes,,
665,S1,2023-05-25,SKYT,0001819974,own filings,held,,,no,-16.700,276.619,86.879,yes,yes,,
666,S1,2023-05-25,SLAB,0001038074,own filings,held,,,no,-8.734,55.324,86.879,no,yes,,
667,S1,2023-05-25,SMTC,0000088941,own filings,held,,,no,90.307,641.277,86.879,yes,yes,,
668,S1,2023-05-25,SOL,0001417892,own filings,sold at last close,,2025-12-12,no,-43.314,-43.605,86.879,no,no,,
669,S1,2023-05-25,SPCB,0001291855,own filings,held,,,no,-82.366,-50.804,86.879,no,no,,
670,S1,2023-05-25,SPI,0001210618,own filings,sold at last close,,2025-01-14,no,-55.257,-39.447,86.879,no,no,,
671,S1,2023-05-25,SQNS,0001383395,own filings,held,,,no,-69.136,-92.364,86.879,no,no,,
672,S1,2023-05-25,STM,0000932787,own filings,held,,,no,-0.894,62.186,86.879,no,yes,,
673,S1,2023-05-25,SWKS,0000004127,own filings,held,,,no,-4.714,-8.861,86.879,no,yes,,
674,S1,2023-05-25,SYNA,0000817720,own filings,held,,,no,11.965,77.614,86.879,no,yes,,
675,S1,2023-05-25,TGAN,0001715768,own filings,sold at last close,,2024-06-20,no,27.013,32.468,86.879,no,no,,
676,S1,2023-05-25,TSEM,0000928876,own filings,held,,,no,-0.895,645.868,86.879,yes,yes,,
677,S1,2023-05-25,TSM,0001046179,own filings,held,,,no,61.354,318.646,86.879,yes,yes,,
678,S1,2023-05-25,TXN,0000097476,own filings,held,,,no,21.151,99.044,86.879,yes,yes,,
679,S1,2023-05-25,TYGO,0001855447,own filings,held,,,no,-88.661,-62.857,86.879,no,yes,,
680,S1,2023-05-25,UCTT,0001275014,own filings,held,,,no,36.708,154.653,86.879,yes,yes,,
681,S1,2023-05-25,UMC,0001033767,own filings,held,,,no,14.349,172.486,86.879,yes,yes,,
682,S1,2023-05-25,VIAO,0001769116,own filings,sold at last close,,2024-04-24,yes,-91.804,-91.804,86.879,no,no,,
683,S1,2023-05-25,VIAV,0000912093,own filings,held,,,no,-23.420,413.057,86.879,yes,yes,,
684,S1,2023-05-25,VLN,0001863006,own filings,held,,,no,19.298,41.228,86.879,no,no,,
685,S1,2023-05-25,WISA,0001682149,own filings,held,"DVLT (same registrant, 2025-02-14)",,no,-98.853,-99.771,86.879,no,yes,,
686,S1,2023-05-25,WOLF,0000895419,own filings,held,,,no,-45.202,45.786,86.879,no,yes,2025-09-29,"Data check flag: a one-day move above +300% or below -75%. Kept in the registered result, removed in the data-check variant."
687,S2,2020-12-31,F,0000037996,own filings,held,,,no,137.499,58.975,32.941,yes,yes,,
688,S2,2020-12-31,FCAU,0001605484,own filings,held,"STLA (same registrant, 2021-01-19)",,no,-4.237,38.009,32.941,yes,yes,,
689,S2,2020-12-31,FSR,0001720990,own filings,held,,,no,7.372,-88.055,32.941,no,yes,,
690,S2,2020-12-31,FSS,0000277509,own filings,held,,,no,31.811,137.150,32.941,yes,yes,,
691,S2,2020-12-31,GM,0001467858,own filings,held,,,no,40.802,-12.429,32.941,no,yes,,
692,S2,2020-12-31,HMC,0000715153,own filings,held,,,no,3.935,21.010,32.941,no,yes,,
693,S2,2020-12-31,IDEX,0000837852,own filings,held,,,no,-39.698,-99.200,32.941,no,yes,,
694,S2,2020-12-31,LI,0001791706,own filings,held,,,no,11.342,29.830,32.941,no,yes,,
695,S2,2020-12-31,NAV,0000808450,own filings,sold at last close,,2021-06-30,no,1.228,1.228,32.941,no,yes,,
696,S2,2020-12-31,NIO,0001736541,own filings,held,,,no,-35.002,-81.391,32.941,no,yes,,
697,S2,2020-12-31,NIU,0001744781,own filings,held,,,no,-42.567,-92.193,32.941,no,yes,,
698,S2,2020-12-31,NKLA,0001731289,own filings,held,,,no,-35.321,-94.267,32.941,no,yes,,
699,S2,2020-12-31,OSK,0000775158,own filings,held,,,no,32.502,31.894,32.941,no,yes,,
700,S2,2020-12-31,PCAR,0000075362,own filings,held,,,no,5.645,91.648,32.941,yes,yes,,
701,S2,2020-12-31,RACE,0001648416,own filings,held,,,no,13.227,49.921,32.941,yes,yes,,
702,S2,2020-12-31,REVG,0001687221,own filings,held,,,no,62.150,114.674,32.941,yes,yes,,
703,S2,2020-12-31,RIDE,0001759546,own filings,sold at last close,,2023-07-06,yes,-82.802,-99.269,32.941,no,yes,,
704,S2,2020-12-31,SHYF,0000743238,own filings,held,,,no,73.542,-56.026,32.941,no,yes,,
705,S2,2020-12-31,SOLO,0001637736,own filings,held,,,no,-63.166,-94.582,32.941,no,yes,,
706,S2,2020-12-31,TM,0001094517,own filings,held,,,no,23.167,28.634,32.941,no,yes,,
707,S2,2020-12-31,TTM,0000926042,own filings,sold at last close,"AVTA (price-matched hand-off, 2023-01-26)",2023-11-27,no,154.683,90.089,32.941,yes,yes,,
708,S2,2020-12-31,WKHS,0001425287,own filings,held,,,no,-77.958,-98.180,32.941,no,yes,,
709,S2,2020-12-31,XPEV,0001810997,own filings,held,,,no,17.511,-65.935,32.941,no,yes,,
710,B-XOM,2008-12-03,ALJ,0001325955,own filings,held,,,no,-14.822,8.222,52.588,no,yes,,
711,B-XOM,2008-12-03,ARSD,0000007039,own filings,held,,,no,358.000,1278.000,52.588,yes,no,,
712,B-XOM,2008-12-03,BP,0000313807,own filings,held,,,no,36.216,7.943,52.588,no,yes,,
713,B-XOM,2008-12-03,BPT,0000850033,own filings,held,,,no,21.483,112.594,52.588,yes,yes,,
714,B-XOM,2008-12-03,COP,0001163165,own filings,held,,,no,7.310,64.205,52.588,yes,yes,,
715,B-XOM,2008-12-03,CVI,0001376139,own filings,held,,,no,106.667,416.667,52.588,yes,yes,,
716,B-XOM,2008-12-03,CVX,0000093410,own filings,held,,,no,8.332,51.210,52.588,no,yes,,
717,B-XOM,2008-12-03,FTO,0000110430,own filings,sold at last close,,2011-06-30,no,9.539,219.277,52.588,yes,yes,,
718,B-XOM,2008-12-03,HES,0000004447,own filings,held,,,no,39.310,42.111,52.588,no,yes,,
719,B-XOM,2008-12-03,HOC,0000048039,own filings,held,"HFC (same registrant, 2011-07-01)",,no,53.799,44.806,52.588,no,yes,,
720,B-XOM,2008-12-03,IMO,0000049938,own filings,held,,,no,17.961,36.954,52.588,no,yes,,
721,B-XOM,2008-12-03,MRO,0000101778,own filings,held,,,no,42.188,29.393,52.588,no,yes,,
722,B-XOM,2008-12-03,MUR,0000717423,own filings,held,,,no,40.105,42.912,52.588,no,yes,,
723,B-XOM,2008-12-03,NBF,0001137469,own filings,sold at last close,,2009-03-30,no,-46.319,-46.319,52.588,no,no,,
724,B-XOM,2008-12-03,NTQ,0001366578,own filings,sold at last close,,2009-01-30,no,2.039,2.039,52.588,no,no,,
725,B-XOM,2008-12-03,REP,0000847838,own filings,sold at last close,,2011-03-04,no,58.882,104.018,52.588,yes,yes,,
726,B-XOM,2008-12-03,SNP,0001123658,own filings,held,,,no,35.408,81.105,52.588,yes,yes,,
727,B-XOM,2008-12-03,STO,0001140625,own filings,held,,,no,58.700,62.970,52.588,yes,yes,,
728,B-XOM,2008-12-03,SU,0000311337,own filings,held,,,no,99.758,66.971,52.588,yes,yes,,
729,B-XOM,2008-12-03,TSO,0000050104,own filings,held,,,no,43.554,184.553,52.588,yes,yes,,
730,B-XOM,2008-12-03,VLO,0001035002,own filings,held,,,no,-7.123,34.251,52.588,no,yes,,
731,B-XOM,2008-12-03,WNR,0001339048,own filings,held,,,no,-28.986,94.493,52.588,yes,yes,,
732,B-XOM,2008-12-03,YPF,0000904851,own filings,held,,,no,-12.185,-9.217,52.588,no,no,,
733,B-JPM,2009-03-27,AMNB,0000741516,own filings,held,,,no,30.683,47.011,83.718,no,no,,
734,B-JPM,2009-03-27,AROW,0000717538,own filings,held,,,no,18.858,16.084,83.718,no,no,,
735,B-JPM,2009-03-27,ASRV,0000707605,own filings,held,,,no,9.195,54.023,83.718,no,no,,
736,B-JPM,2009-03-27,ATLO,0001132651,own filings,held,,,no,19.065,43.812,83.718,no,no,,
737,B-JPM,2009-03-27,BAC,0000070858,own filings,held,,,no,144.542,32.231,83.718,no,yes,,
738,B-JPM,2009-03-27,BANF,0000760498,own filings,held,,,no,14.519,23.766,83.718,no,no,,
739,B-JPM,2009-03-27,BBT,0000092230,linked to a renamed ticker,held,,,no,89.955,87.101,83.718,yes,yes,,
740,B-JPM,2009-03-27,BNCN,0001210227,own filings,held,,,no,33.629,35.866,83.718,no,no,,
741,B-JPM,2009-03-27,BNV,0000742275,own filings,sold at last close,,2009-10-30,no,66.635,66.635,83.718,no,no,,
742,B-JPM,2009-03-27,BOKF,0000875357,own filings,held,,,no,56.184,75.423,83.718,no,yes,,
743,B-JPM,2009-03-27,C,0000831001,own filings,held,,,no,64.504,40.543,83.718,no,yes,,
744,B-JPM,2009-03-27,CAC,0000750686,own filings,held,,,no,48.280,78.309,83.718,no,no,,
745,B-JPM,2009-03-27,CBU,0000723188,own filings,held,,,no,40.878,91.801,83.718,yes,yes,,
746,B-JPM,2009-03-27,CFNB,0000803016,own filings,held,,,no,91.303,149.345,83.718,yes,no,,
747,B-JPM,2009-03-27,CFR,0000039263,own filings,held,,,no,22.257,37.711,83.718,no,yes,,
748,B-JPM,2009-03-27,CHCO,0000726854,own filings,held,,,no,29.381,45.614,83.718,no,yes,,
749,B-JPM,2009-03-27,CMA,0000028412,own filings,held,,,no,92.997,69.811,83.718,no,yes,,
750,B-JPM,2009-03-27,COBZ,0001028734,own filings,held,,,no,7.559,28.483,83.718,no,no,,
751,B-JPM,2009-03-27,CSFL,0001102266,own filings,held,,,no,10.339,-28.740,83.718,no,no,,
752,B-JPM,2009-03-27,CZFC,0001073475,own filings,held,,,no,72.500,98.250,83.718,yes,no,,
753,B-JPM,2009-03-27,DCOM,0000846617,own filings,held,,,no,44.015,88.569,83.718,yes,yes,,
754,B-JPM,2009-03-27,DNBF,0000713671,own filings,held,,,no,-23.881,95.147,83.718,yes,no,,
755,B-JPM,2009-03-27,EVBN,0000842518,own filings,held,,,no,29.827,24.342,83.718,no,no,,
756,B-JPM,2009-03-27,FBMS,0000947559,own filings,held,,,no,-17.552,-18.697,83.718,no,no,,
757,B-JPM,2009-03-27,FCCO,0000932781,own filings,held,,,no,-5.897,21.473,83.718,no,no,,
758,B-JPM,2009-03-27,FCF,0000712537,own filings,held,,,no,-23.064,-27.394,83.718,no,yes,,
759,B-JPM,2009-03-27,FFBC,0000708955,own filings,held,,,no,103.261,107.033,83.718,yes,yes,,
760,B-JPM,2009-03-27,FFKT,0000713095,own filings,held,,,no,-41.298,-57.885,83.718,no,no,,
761,B-JPM,2009-03-27,FHN,0000036966,own filings,held,,,no,29.732,-2.674,83.718,no,yes,,
762,B-JPM,2009-03-27,FISI,0000862831,own filings,held,,,no,92.191,124.783,83.718,yes,no,,
763,B-JPM,2009-03-27,FLIC,0000740663,own filings,held,,,no,24.871,43.531,83.718,no,no,,
764,B-JPM,2009-03-27,FMBI,0000702325,own filings,held,,,no,57.741,41.943,83.718,no,yes,,
765,B-JPM,2009-03-27,FNLC,0000765207,own filings,held,,,no,9.056,19.172,83.718,no,no,,
766,B-JPM,2009-03-27,FRME,0000712534,own filings,held,,,no,-37.738,13.086,83.718,no,yes,,
767,B-JPM,2009-03-27,FULT,0000700564,own filings,held,,,no,55.758,64.238,83.718,no,yes,,
768,B-JPM,2009-03-27,FUNC,0000763907,own filings,held,,,no,-20.588,-25.023,83.718,no,no,,
769,B-JPM,2009-03-27,HBAN,0000049196,own filings,held,,,no,228.702,293.096,83.718,yes,yes,,
770,B-JPM,2009-03-27,HWBK,0000893847,own filings,held,,,no,20.123,-17.209,83.718,no,no,,
771,B-JPM,2009-03-27,KEY,0000091576,own filings,held,,,no,-4.895,3.344,83.718,no,yes,,
772,B-JPM,2009-03-27,MBRG,0000914138,own filings,held,,,no,29.222,61.574,83.718,no,no,,
773,B-JPM,2009-03-27,MBTF,0001118237,own filings,held,,,no,-19.550,18.982,83.718,no,no,,
774,B-JPM,2009-03-27,MFG,0001335730,own filings,held,,,no,-5.594,-19.805,83.718,no,no,,
775,B-JPM,2009-03-27,MSL,0000745981,own filings,held,,,no,57.277,36.132,83.718,no,no,,
776,B-JPM,2009-03-27,NAL,0001264755,own filings,sold at last close,,2011-04-15,no,10.119,31.431,83.718,no,yes,,
777,B-JPM,2009-03-27,NBTB,0000790359,own filings,held,,,no,12.465,16.673,83.718,no,yes,,
778,B-JPM,2009-03-27,NKSH,0000796534,own filings,held,,,no,54.446,78.310,83.718,no,no,,
779,B-JPM,2009-03-27,ONB,0000707179,own filings,held,,,no,12.051,28.910,83.718,no,yes,,
780,B-JPM,2009-03-27,OPOF,0000740971,own filings,held,,,no,-10.698,-31.741,83.718,no,no,,
781,B-JPM,2009-03-27,PACW,0001102112,own filings,held,,,no,59.868,69.696,83.718,no,yes,,
782,B-JPM,2009-03-27,PCBK,0001084717,own filings,held,,,no,-9.849,-16.674,83.718,no,no,,
783,B-JPM,2009-03-27,PEBO,0000318300,own filings,held,,,no,23.655,39.851,83.718,no,no,,
784,B-JPM,2009-03-27,PMBC,0001109546,own filings,held,,,no,-24.866,38.235,83.718,no,no,,
785,B-JPM,2009-03-27,PNC,0000713676,own filings,held,,,no,98.418,116.856,83.718,yes,yes,,
786,B-JPM,2009-03-27,PRK,0000805676,own filings,held,,,no,21.585,56.093,83.718,no,yes,,
787,B-JPM,2009-03-27,RF,0001281761,own filings,held,,,no,77.875,55.578,83.718,no,yes,,
788,B-JPM,2009-03-27,SASR,0000824410,own filings,held,,,no,25.242,69.399,83.718,no,no,,
789,B-JPM,2009-03-27,SBP,0001099958,own filings,sold at last close,,2010-07-29,no,65.276,70.659,83.718,no,no,,
790,B-JPM,2009-03-27,SFNC,0000090498,own filings,held,,,no,12.835,12.509,83.718,no,no,,
791,B-JPM,2009-03-27,SFST,0001090009,own filings,held,,,no,64.541,43.974,83.718,no,no,,
792,B-JPM,2009-03-27,SHBI,0001035092,own filings,held,,,no,-15.384,-51.917,83.718,no,no,,
793,B-JPM,2009-03-27,SHG,0001263043,own filings,held,,,no,97.546,101.033,83.718,yes,yes,,
794,B-JPM,2009-03-27,SMMF,0000811808,own filings,held,,,no,-42.031,-42.166,83.718,no,no,,
795,B-JPM,2009-03-27,SNV,0000018349,own filings,held,,,no,8.153,-32.025,83.718,no,yes,,
796,B-JPM,2009-03-27,SVBI,0000868271,own filings,held,,,no,26.593,27.250,83.718,no,no,,
797,B-JPM,2009-03-27,TBBK,0001295401,own filings,held,,,no,110.118,130.353,83.718,yes,no,,
798,B-JPM,2009-03-27,TCB,0000814184,own filings,held,,,no,30.169,-1.770,83.718,no,yes,,
799,B-JPM,2009-03-27,TRMK,0000036146,own filings,held,,,no,36.532,53.929,83.718,no,yes,,
800,B-JPM,2009-03-27,UBFO,0001137547,own filings,held,,,no,-39.297,-67.091,83.718,no,no,,
801,B-JPM,2009-03-27,UBOH,0001087456,own filings,held,,,no,15.082,-19.993,83.718,no,no,,
802,B-JPM,2009-03-27,UMBF,0000101382,own filings,held,,,no,-4.947,10.599,83.718,no,yes,,
803,B-JPM,2009-03-27,USB,0000036104,own filings,held,,,no,67.772,109.868,83.718,yes,yes,,
804,B-JPM,2009-03-27,VLY,0000714310,own filings,held,,,no,32.690,23.642,83.718,no,yes,,
805,B-JPM,2009-03-27,WABC,0000311094,own filings,held,,,no,27.290,14.003,83.718,no,yes,,
806,B-JPM,2009-03-27,WBS,0000801337,own filings,held,,,no,307.843,411.814,83.718,yes,yes,,
807,B-JPM,2009-03-27,WFC,0000072971,own filings,held,,,no,101.720,126.197,83.718,yes,yes,,
808,B-JPM,2009-03-27,WSBC,0000203596,own filings,held,,,no,-23.721,1.009,83.718,no,yes,,
809,B-JPM,2009-03-27,WSFS,0000828944,own filings,held,,,no,63.128,71.742,83.718,no,no,,
810,B-JPM,2009-03-27,ZION,0000109380,own filings,held,,,no,112.524,107.075,83.718,yes,yes,,
811,B-AMZN,2016-11-10,BZUN,0001625414,own filings,held,,,no,128.353,195.205,50.911,yes,yes,,
812,B-AMZN,2016-11-10,CDW,0001402057,own filings,held,,,no,52.879,210.560,50.911,yes,yes,,
813,B-AMZN,2016-11-10,CNV,0001609653,own filings,sold at last close,,2017-03-02,no,-2.752,-2.752,50.911,no,yes,,
814,B-AMZN,2016-11-10,CNXN,0001050377,own filings,held,,,no,4.705,102.510,50.911,yes,yes,,
815,B-AMZN,2016-11-10,LITB,0001523836,own filings,held,,,no,-28.520,-68.442,50.911,no,no,,
816,B-AMZN,2016-11-10,LVNTA,0001355096,own filings,held,"QRTEA (same registrant, 2018-03-12)",,no,42.673,-53.762,50.911,no,yes,,
817,B-AMZN,2016-11-10,NSIT,0000932696,own filings,held,,,no,24.341,103.473,50.911,yes,yes,,
818,B-AMZN,2016-11-10,NTRI,0001096376,own filings,sold at last close,,2019-03-07,no,39.948,31.777,50.911,no,yes,,
819,B-AMZN,2016-11-10,PCMI,0000937941,own filings,sold at last close,,2019-08-29,no,-46.667,86.720,50.911,yes,yes,,
820,B-AMZN,2016-11-10,SYX,0000945114,own filings,held,,,no,250.120,167.668,50.911,yes,no,,
821,B-AMZN,2016-11-10,VIPS,0001529192,own filings,held,,,no,-36.357,-7.907,50.911,no,yes,,
822,B-AMZN,2016-11-10,W,0001616707,own filings,held,,,no,73.437,137.239,50.911,yes,yes,,
823,B-NVDA,2017-07-17,AAOI,0001158114,own filings,held,,,no,-43.692,-86.648,38.887,no,yes,,
824,B-NVDA,2017-07-17,ACIA,0001651235,own filings,held,,,no,-13.503,69.167,38.887,yes,yes,,
825,B-NVDA,2017-07-17,ADI,0000006281,own filings,held,,,no,23.697,53.226,38.887,yes,yes,,
826,B-NVDA,2017-07-17,AMAT,0000006951,own filings,held,,,no,3.492,41.261,38.887,yes,yes,,
827,B-NVDA,2017-07-17,AMBA,0001280263,own filings,held,,,no,-24.520,-7.154,38.887,no,yes,,
828,B-NVDA,2017-07-17,AMD,0000002488,own filings,held,,,no,22.246,298.841,38.887,yes,yes,,
829,B-NVDA,2017-07-17,AMKR,0001047127,own filings,held,,,no,-18.660,16.364,38.887,no,yes,,
830,B-NVDA,2017-07-17,AOSL,0001387467,own filings,held,,,no,-19.643,-40.346,38.887,no,yes,,
831,B-NVDA,2017-07-17,ASX,0001122411,own filings,held,,,no,-28.879,-26.362,38.887,no,yes,,
832,B-NVDA,2017-07-17,ATOM,0001420520,own filings,held,,,no,12.577,100.000,38.887,yes,no,,
833,B-NVDA,2017-07-17,AUO,0001172494,own filings,sold at last close,,2019-09-30,no,9.634,-28.440,38.887,no,yes,,
834,B-NVDA,2017-07-17,AVGO,0001730168,successor issuer,held,,,no,-14.278,39.873,38.887,yes,yes,,
835,B-NVDA,2017-07-17,AXTI,0001051627,own filings,held,,,no,20.567,-31.489,38.887,no,yes,,
836,B-NVDA,2017-07-17,CAVM,0001175609,own filings,sold at last close,,2018-07-05,no,32.295,32.295,38.887,no,yes,,
837,B-NVDA,2017-07-17,CCMP,0001102934,own filings,held,,,no,50.952,89.533,38.887,yes,yes,,
838,B-NVDA,2017-07-17,CEVA,0001173489,own filings,held,,,no,-30.670,-17.192,38.887,no,yes,,
839,B-NVDA,2017-07-17,CREE,0000895419,own filings,held,,,no,76.997,153.076,38.887,yes,yes,,
840,B-NVDA,2017-07-17,CRUS,0000772406,own filings,held,,,no,-38.560,2.213,38.887,no,yes,,
841,B-NVDA,2017-07-17,CSIQ,0001375877,own filings,held,,,no,-23.767,40.975,38.887,yes,yes,,
842,B-NVDA,2017-07-17,CY,0000791915,own filings,sold at last close,,2020-04-15,no,20.936,78.984,38.887,yes,yes,,
843,B-NVDA,2017-07-17,DIOD,0000029002,own filings,held,,,no,46.911,106.257,38.887,yes,yes,,
844,B-NVDA,2017-07-17,DQ,0001477641,own filings,held,,,no,74.410,327.518,38.887,yes,yes,,
845,B-NVDA,2017-07-17,DSPG,0000915778,own filings,held,,,no,5.285,27.724,38.887,no,yes,,
846,B-NVDA,2017-07-17,EMAN,0001046995,own filings,held,,,no,-34.694,-65.661,38.887,no,no,,
847,B-NVDA,2017-07-17,EMKR,0000808326,own filings,held,,,no,-50.230,-71.429,38.887,no,yes,,
848,B-NVDA,2017-07-17,ENPH,0001463101,own filings,held,,,no,733.962,7360.377,38.887,yes,no,,
849,B-NVDA,2017-07-17,FNSR,0001094739,own filings,held,"SVC (price-matched hand-off, 2019-09-25)",,no,-33.309,-75.688,38.887,no,yes,,
850,B-NVDA,2017-07-17,FORM,0001039399,own filings,held,,,no,9.728,140.000,38.887,yes,yes,,
851,B-NVDA,2017-07-17,FSLR,0001274494,own filings,held,,,no,25.819,42.790,38.887,yes,yes,,
852,B-NVDA,2017-07-17,GSIT,0001126741,own filings,held,,,no,-9.171,-16.457,38.887,no,no,,
853,B-NVDA,2017-07-17,HIMX,0001342338,own filings,held,,,no,-1.705,-50.792,38.887,no,yes,,
854,B-NVDA,2017-07-17,ICHR,0001652535,own filings,held,,,no,-6.106,27.680,38.887,no,yes,,
855,B-NVDA,2017-07-17,IDTI,0000703361,own filings,sold at last close,,2019-03-29,no,32.915,86.203,38.887,yes,yes,,
856,B-NVDA,2017-07-17,IMI,0001311241,own filings,sold at last close,,2019-09-19,no,69.072,23.196,38.887,no,no,,
857,B-NVDA,2017-07-17,IMOS,0001123134,own filings,held,,,no,-26.875,16.656,38.887,no,yes,,
858,B-NVDA,2017-07-17,INTC,0000050863,own filings,held,,,no,54.021,87.248,38.887,yes,yes,,
859,B-NVDA,2017-07-17,IOTS,0001395848,own filings,sold at last close,,2020-06-26,no,37.778,178.667,38.887,yes,no,,
860,B-NVDA,2017-07-17,IPGP,0001111928,own filings,held,,,no,55.699,14.375,38.887,no,yes,,
861,B-NVDA,2017-07-17,IPHI,0001160958,own filings,held,,,no,-7.190,224.118,38.887,yes,yes,,
862,B-NVDA,2017-07-17,IXYS,0000945699,own filings,held,"AVYA (price-matched hand-off, 2018-01-17)",,no,36.599,-20.392,38.887,no,yes,,
863,B-NVDA,2017-07-17,JASO,0001385598,own filings,sold at last close,,2018-07-16,no,19.649,19.649,38.887,no,yes,,
864,B-NVDA,2017-07-17,JKS,0001481513,own filings,held,,,no,-41.814,-13.376,38.887,no,yes,,
865,B-NVDA,2017-07-17,KLIC,0000056978,own filings,held,,,no,25.429,4.818,38.887,no,yes,,
866,B-NVDA,2017-07-17,KOPN,0000771266,own filings,held,,,no,-23.038,-48.861,38.887,no,yes,,
867,B-NVDA,2017-07-17,KYO,0000057083,own filings,held,"ARPO (price-matched hand-off, 2018-06-26)",,no,4.464,-65.597,38.887,no,no,,
868,B-NVDA,2017-07-17,LEDS,0001333822,own filings,held,,,no,88.208,52.358,38.887,yes,no,,
869,B-NVDA,2017-07-17,LPTH,0000889971,own filings,held,,,no,-7.865,20.225,38.887,no,no,,
870,B-NVDA,2017-07-17,LSCC,0000855658,own filings,held,,,no,-3.698,348.225,38.887,yes,yes,,
871,B-NVDA,2017-07-17,MCHP,0000827054,own filings,held,,,no,19.261,37.111,38.887,no,yes,,
872,B-NVDA,2017-07-17,MLNX,0001356104,own filings,sold at last close,,2020-04-24,no,88.013,177.225,38.887,yes,yes,,
873,B-NVDA,2017-07-17,MOSY,0000890394,own filings,held,,,no,46.154,46.154,38.887,yes,yes,2019-08-28,"Data check flag: a one-day move above +300% or below -75%. Kept in the registered result, removed in the data-check variant."
874,B-NVDA,2017-07-17,MPWR,0001280452,own filings,held,,,no,41.105,154.258,38.887,yes,yes,,
875,B-NVDA,2017-07-17,MRAM,0001438423,own filings,held,,,no,-62.098,-69.735,38.887,no,yes,,
876,B-NVDA,2017-07-17,MRVC,0000887969,own filings,sold at last close (two possible successors),"INDU (price-matched hand-off, 2017-08-21)",2018-12-06,no,3.566,-2.281,38.887,no,no,,
877,B-NVDA,2017-07-17,MSCC,0000310568,own filings,sold at last close,,2018-05-25,no,34.837,34.837,38.887,no,yes,,
878,B-NVDA,2017-07-17,MTSI,0001493594,own filings,held,,,no,-59.970,-38.019,38.887,no,yes,,
879,B-NVDA,2017-07-17,MU,0000723125,own filings,held,,,no,79.571,55.958,38.887,yes,yes,,
880,B-NVDA,2017-07-17,MX,0001325702,own filings,held,,,no,3.182,-4.000,38.887,no,yes,,
881,B-NVDA,2017-07-17,MXIM,0000743316,own filings,held,,,no,34.421,64.185,38.887,yes,yes,,
882,B-NVDA,2017-07-17,MXL,0001288469,own filings,held,,,no,-35.329,-3.743,38.887,no,yes,,
883,B-NVDA,2017-07-17,NLST,0001282631,own filings,sold at last close,,2018-09-26,no,-87.411,-50.893,38.887,no,no,,
884,B-NVDA,2017-07-17,NPTN,0001227025,own filings,held,,,no,-20.596,5.087,38.887,no,yes,,
885,B-NVDA,2017-07-17,NVEC,0000724910,own filings,held,,,no,55.403,-13.108,38.887,no,yes,,
886,B-NVDA,2017-07-17,NXPI,0001413447,own filings,held,,,no,-5.281,14.962,38.887,no,yes,,
887,B-NVDA,2017-07-17,OCLR,0001110647,own filings,sold at last close,,2018-12-07,no,-8.342,-15.972,38.887,no,yes,,
888,B-NVDA,2017-07-17,ON,0001097864,own filings,held,,,no,59.294,41.173,38.887,yes,yes,,
889,B-NVDA,2017-07-17,OSIS,0001039065,own filings,held,,,no,0.218,-12.136,38.887,no,yes,,
890,B-NVDA,2017-07-17,OTIV,0001021604,own filings,sold at last close,,2019-10-30,yes,-18.056,-88.194,38.887,no,no,,
891,B-NVDA,2017-07-17,PLAB,0000810136,own filings,held,,,no,-15.271,9.951,38.887,no,yes,,
892,B-NVDA,2017-07-17,POWI,0000833640,own filings,held,,,no,-1.663,58.467,38.887,yes,yes,,
893,B-NVDA,2017-07-17,PXLW,0001040161,own filings,held,,,no,-27.049,-32.172,38.887,no,yes,,
894,B-NVDA,2017-07-17,QRVO,0001604778,own filings,held,,,no,23.463,70.119,38.887,yes,yes,,
895,B-NVDA,2017-07-17,QTNA,0001370702,own filings,sold at last close,,2019-06-18,no,-16.051,25.692,38.887,no,yes,,
896,B-NVDA,2017-07-17,QUIK,0000882508,own filings,held,,,no,-16.912,-81.565,38.887,no,no,,
897,B-NVDA,2017-07-17,RBCN,0001410172,own filings,held,,,no,-9.132,-8.676,38.887,no,no,,
898,B-NVDA,2017-07-17,RESN,0001579910,own filings,held,,,no,4.376,-48.796,38.887,no,no,,
899,B-NVDA,2017-07-17,RMBS,0000917273,own filings,held,,,no,1.979,15.558,38.887,no,yes,,
900,B-NVDA,2017-07-17,SEDG,0001419612,own filings,held,,,no,151.259,685.263,38.887,yes,yes,,
901,B-NVDA,2017-07-17,SGH,0001616533,own filings,held,,,no,92.024,69.702,38.887,yes,yes,,
902,B-NVDA,2017-07-17,SIGM,0000790715,own filings,sold at last close,,2018-08-24,yes,-3.200,-96.232,38.887,no,yes,2018-08-15,"Data check flag: a one-day move above +300% or below -75%. Kept in the registered result, removed in the data-check variant."
903,B-NVDA,2017-07-17,SIMO,0001329394,own filings,held,,,no,22.394,7.246,38.887,no,yes,,
904,B-NVDA,2017-07-17,SLAB,0001038074,own filings,held,,,no,53.527,50.385,38.887,yes,yes,,
905,B-NVDA,2017-07-17,SMTC,0000088941,own filings,held,,,no,36.339,42.638,38.887,yes,yes,,
906,B-NVDA,2017-07-17,SOL,0001417892,own filings,held,,,no,0.403,-49.899,38.887,no,no,,
907,B-NVDA,2017-07-17,SPCB,0001291855,own filings,held,,,no,-46.974,-58.790,38.887,no,no,,
908,B-NVDA,2017-07-17,SPI,0001210618,own filings,held,,,no,-93.706,-98.201,38.887,no,no,,
909,B-NVDA,2017-07-17,SPIL,0001111759,own filings,sold at last close,,2018-04-17,no,9.104,9.104,38.887,no,no,,
910,B-NVDA,2017-07-17,SQNS,0001383395,own filings,held,,,no,-48.684,-55.329,38.887,no,yes,,
911,B-NVDA,2017-07-17,STM,0000932787,own filings,held,,,no,47.255,95.021,38.887,yes,yes,,
912,B-NVDA,2017-07-17,SWKS,0000004127,own filings,held,,,no,-0.343,36.279,38.887,no,yes,,
913,B-NVDA,2017-07-17,TSEM,0000928876,own filings,held,,,no,-17.678,-19.261,38.887,no,yes,,
914,B-NVDA,2017-07-17,TSM,0001046179,own filings,held,,,no,9.736,104.014,38.887,yes,yes,,
915,B-NVDA,2017-07-17,TXN,0000097476,own filings,held,,,no,45.270,77.784,38.887,yes,yes,,
916,B-NVDA,2017-07-17,UCTT,0001275014,own filings,held,,,no,-28.998,3.779,38.887,no,yes,,
917,B-NVDA,2017-07-17,UMC,0001033767,own filings,held,,,no,18.369,28.933,38.887,no,yes,,
918,B-NVDA,2017-07-17,VIAV,0000912093,own filings,held,,,no,-5.244,22.061,38.887,no,yes,,
919,B-NVDA,2017-07-17,XLNX,0000743988,own filings,held,,,no,5.771,60.751,38.887,yes,yes,,
920,B-NVDA,2017-07-17,YGE,0001394029,own filings,sold at last close,,2018-06-29,no,-41.148,-41.148,38.887,no,no,,
921,B-TSLA,2020-02-03,F,0000037996,own filings,held,,,no,24.722,52.882,33.525,yes,yes,,
922,B-TSLA,2020-02-03,FCAU,0001605484,own filings,held,"STLA (same registrant, 2021-01-19)",,no,10.610,25.492,33.525,no,yes,,
923,B-TSLA,2020-02-03,FSS,0000277509,own filings,held,,,no,4.723,73.000,33.525,yes,yes,,
924,B-TSLA,2020-02-03,GM,0001467858,own filings,held,,,no,62.915,24.075,33.525,no,yes,,
925,B-TSLA,2020-02-03,HMC,0000715153,own filings,held,,,no,10.189,4.890,33.525,no,yes,,
926,B-TSLA,2020-02-03,NAV,0000808450,own filings,sold at last close,,2021-06-30,no,23.725,24.650,33.525,no,yes,,
927,B-TSLA,2020-02-03,NIO,0001736541,own filings,held,,,no,1328.079,175.616,33.525,yes,yes,,
928,B-TSLA,2020-02-03,NIU,0001744781,own filings,held,,,no,455.051,-40.863,33.525,no,no,,
929,B-TSLA,2020-02-03,OSK,0000775158,own filings,held,,,no,10.115,25.106,33.525,no,yes,,
930,B-TSLA,2020-02-03,PCAR,0000075362,own filings,held,,,no,31.830,63.691,33.525,yes,yes,,
931,B-TSLA,2020-02-03,RACE,0001648416,own filings,held,,,no,18.320,55.412,33.525,yes,yes,,
932,B-TSLA,2020-02-03,REVG,0001687221,own filings,held,,,no,6.361,32.322,33.525,no,yes,,
933,B-TSLA,2020-02-03,SOLO,0001637736,own filings,held,,,no,279.907,-49.533,33.525,no,yes,,
934,B-TSLA,2020-02-03,SPAR,0000743238,own filings,held,"SHYF (same registrant, 2020-06-01)",,no,84.201,87.840,33.525,yes,yes,,
935,B-TSLA,2020-02-03,TM,0001094517,own filings,held,,,no,10.109,13.383,33.525,no,yes,,
936,B-TSLA,2020-02-03,TTM,0000926042,own filings,held,"AVTA (price-matched hand-off, 2023-01-26)",,no,93.664,128.968,33.525,yes,yes,,
937,B-TSLA,2020-02-03,WBC,0001390844,own filings,sold at last close,,2020-05-28,no,0.419,0.419,33.525,no,yes,,
938,B-TSLA,2020-02-03,WKHS,0001425287,own filings,held,,,no,1051.757,-24.601,33.525,no,yes,,
