id,plan_clause,observation,consequence,status_basis
D01,"H1: original < best 5%, P:28",R/arm_T.json:32-34 meets it; R/arm_T2.json:32-34 does not,Necessary part of CLEAR,Original inventory with current findings M1 dispositions applied below; source result citations retained.
D02,"H2: z < 0.5, P:29",R/arm_T.json:30 meets it; R/arm_T2.json:30 does not,Other part of CLEAR,Original inventory with current findings M1 dispositions applied below; source result citations retained.
D03,"CLEAR class, P:33",R/arm_T.json:31 = CLEARS,Ending A subject to gates,Original inventory with current findings M1 dispositions applied below; source result citations retained.
D04,"GREY class, P:34",R/arm_T.json:31 is not GREY; R/arm_C2_06.json:31 is GREY,"T GREY invokes ending C, not candidate B",Original inventory with current findings M1 dispositions applied below; source result citations retained.
D05,"FLAG class, P:35",R/arm_T2.json:31 = FLAGS; T does not,T FLAG invokes ending B; T2 has its own window rule,Original inventory with current findings M1 dispositions applied below; source result citations retained.
D06,"best 5% <= median makes arm VOID, P:37",R/arm_*.json:33-34: 26 of 26 have best 5% > median,No class when denominator is invalid,Original inventory with current findings M1 dispositions applied below; source result citations retained.
D07,"Only Sharpe decides class; p and other rows descriptive, P:37","R/arm_T.json:30-36,87-95,102",Do not turn another metric into verdict,Original inventory with current findings M1 dispositions applied below; source result citations retained.
D08,"His settings/build remain unknown, P:39,62",No result establishes his actual settings,"Defaults are our test, not proof of his settings",Original inventory with current findings M1 dispositions applied below; source result citations retained.
P01,"T FLAGS, with subjective FLAG/GREY/CLEAR odds; P:43","R/arm_T.json:30-36 = CLEARS, z 0.422: prediction falsified",Apply prewritten ending A; odds do not move bar (P:51),Original inventory with current findings M1 dispositions applied below; source result citations retained.
P02,"F flags, P:53",R/arm_F.json:31 and R/arm_F_exact.json:31 = FLAGS,A CLEAR on T can be interpreted if other gates hold,Original inventory with current findings M1 dispositions applied below; source result citations retained.
P03,"C has 0-2 flags of 10, P:53",R/arm_C00.json:31 through R/arm_C09.json:31: 0 of 10 FLAGS,"C is specific; at 3 or more, T FLAG/GREY loses fold interpretation",Original inventory with current findings M1 dispositions applied below; source result citations retained.
P04,"F_m class equals T, P:53",R/arm_Fm.json:31 and R/arm_T.json:31 both CLEARS,Strength of A's final sentence set by F_m,Original inventory with current findings M1 dispositions applied below; source result citations retained.
P05,"T2 class equals T, P:53",R/arm_T2.json:31 FLAGS versus R/arm_T.json:31 CLEARS: falsified in the 1 of 1 planned window comparison,Report both and name window; primary still T (P:122),Original inventory with current findings M1 dispositions applied below; source result citations retained.
P06,"Low retained-luck fraction should produce FLAG; approximate sketch, P:45-47","No measured retained-luck fraction in the result records; R/arm_T.json:31 falsifies predicted class, not an isolated mechanism",Sketch is explicitly not measurement,Original inventory with current findings M1 dispositions applied below; source result citations retained.
P07,"Falsifier (a): trades settle at preserved scales and inherit luck, P:49","No registered causal-isolation result; R/arm_T.json:31 is compatible, not a test of (a)",Could explain GREY/CLEAR; no separate ending,Original inventory with current findings M1 dispositions applied below; source result citations retained.
P08,"Falsifier (b): price wander widens scenario spread, P:49","R/arm_T.json:17,98 records dropped scenarios and level-wander diagnostic; R/arm_T2.json:17,98 lacks those; spread causality not isolated","Possible reason for wrong prediction, not a filter",Original inventory with current findings M1 dispositions applied below; source result citations retained.
P09,"Falsifier (c): SPY drift dominates daily Sharpe, P:49",No drift-isolation arm; R/arm_C00.json:30 through R/arm_C09.json:30 are descriptive,Possible explanation only,Original inventory with current findings M1 dispositions applied below; source result citations retained.
P10,"Earlier fledgling expectation CLEAR, F:178-183",R/arm_T.json:31 meets it on eleven years; T2:31 does not,P:51 explicitly replaces this expectation with registered FLAG prediction,Original inventory with current findings M1 dispositions applied below; source result citations retained.
P11,"Coronation series never re-tests prior winners, F:185-191",No corpus result grades this prediction,Count re-tests with denominator before asserting it; contrary episode refutes claim,Original inventory with current findings M1 dispositions applied below; source result citations retained.
G01,"Original P0 count/sign parity, P:89; cleaned retry P:211",R/p0_parity.json:14-16 = false for both conditions and aggregate,STOP; Amendment 3 P:232 replaces P0 with determinism,Original inventory with current findings M1 dispositions applied below; source result citations retained.
G02,Cleaned rows and same digest; P:194-200,R/schedules_manifest.json:3-11 records cleaning/digest and aggregation guard; cross-environment equality not independently rerun here,Rebuild object; exclude dirty-data schedules,Original inventory with current findings M1 dispositions applied below; source result citations retained.
G03,"P0-prime repeated winner matches six fields twice, P:232",R/p0prime_IS.json:91-98: 12 of 12 recorded equal,FAIL = STOP before Monte Carlo,Original inventory with current findings M1 dispositions applied below; source result citations retained.
G04,"P0-prime-2 same for T2, P:232",R/p0prime_2Y.json:91-98: 12 of 12 recorded equal,FAIL = STOP before T2 family,Original inventory with current findings M1 dispositions applied below; source result citations retained.
G05,"G1 zero unperturbed Sharpes, P:90",R/arm_*.json:86: 26 of 26 records have zero,Otherwise affected arm VOID,Original inventory with current findings M1 dispositions applied below; source result citations retained.
G06,"G2 same seed/same path, changed seed/different path, P:91","R/g2_pipeline.json:5-11: 3 of 3 identity, difference and timestamp checks true",G2 failure voids arm (P:120),Original inventory with current findings M1 dispositions applied below; source result citations retained.
G07,"G3 returned percentiles equal Jesse table, P:92",R/arm_*.json:87-96: 7 of 7 metric booleans true in 26 of 26 arms,Endings require G1-G4; no ending license on failure,Original inventory with current findings M1 dispositions applied below; source result citations retained.
G08,"G4 valid scenarios >=90%, P:93","R/arm_*.json:16-17,97: 26 of 26 meet bar",Otherwise affected arm VOID,Original inventory with current findings M1 dispositions applied below; source result citations retained.
G09,"F fails to FLAG, P:103","R/arm_F_exact.json:31 FLAGS, so invalidator not triggered",T CLEAR becomes VOID if F cannot fire,Original inventory with current findings M1 dispositions applied below; source result citations retained.
G10,"F2 same invalidator for T2, P:106",R/arm_F2.json:31 FLAGS,"Same as F, for T2",Original inventory with current findings M1 dispositions applied below; source result citations retained.
G11,"C2 same specificity rule for T2, P:106","R/arm_C2_00.json:31 through R/arm_C2_09.json:31: 0 of 10 FLAGS, 1 of 10 GREY","At >=3 flags, T2 FLAG/GREY loses fold interpretation",Original inventory with current findings M1 dispositions applied below; source result citations retained.
G12,"D1 level wander below registered fraction, P:94","R/arm_*.json:98 records counts; T has 8, T2 has 0","Diagnostic, never filter",Original inventory with current findings M1 dispositions applied below; source result citations retained.
G13,"R0 resources, P:183,240",R/arm_*.json:24-27: 26 of 26 recorded resource gates true; search launch records not re-audited,Below either resource floor => STOP,Original inventory with current findings M1 dispositions applied below; source result citations retained.
G14,"D4 runner import and relevant version diff, P:184",R/d4_import_check.json:8 loads_runner true; R/d4_verdict.json:41-42 records no relevant change and PROCEED,Must inspect diff; relevant pipeline/seed/metric change => STOP,Original inventory with current findings M1 dispositions applied below; source result citations retained.
G15,"F alone equals in-run assumption and five-trade guard, P:236","R/jesse_objects_IS.json:22-23 = 5 of 5; full R/f_exact.json:11-12 = 349 of 353, contradicting universal equivalence",Follow literal alone rule; P:147 exclusion/fix/rerun applies to affected outputs,Original inventory with current findings M1 dispositions applied below; source result citations retained.
G16,"F2 alone rule, P:238",R/f_exact.json:22-23 = 235 of 235 same sign,Same literal-rule construction as F,Original inventory with current findings M1 dispositions applied below; source result citations retained.
G17,"F_m runs only if T not FLAG, P:81,237",R/arm_T.json:31 CLEARS; R/arm_Fm.json:31 exists,Conditional arm required to set A's strength,Original inventory with current findings M1 dispositions applied below; source result citations retained.
G18,"F_m smallest phi on fixed grid reaching target; otherwise final-grid shortfall, P:81,237","R/fm_build3.log:9-10,32,37-40: lower phi below target, next phi above; target reached",No post-result retuning; disclose actual dose/shortfall,Original inventory with current findings M1 dispositions applied below; source result citations retained.
G19,"Timing checkpoint and cores, P:95,183,240",R/arm_*.json:18 = six cores in 26 of 26 records; projection logged at :13,"Amendment 3 waives per-pass time checkpoint, retains resources",Original inventory with current findings M1 dispositions applied below; source result citations retained.
G20,"Timestamp evidence, P:185",R/caption_positions.json contains caption positions; human ambiguity remains,Quotes use permitted lines/captions; estimates are not verified timings,Original inventory with current findings M1 dispositions applied below; source result citations retained.
E01,"T alone determines primary, P:112,182",R/arm_T.json:31 CLEARS,"Primary A, subject to recorded validity conditions",Original inventory with current findings M1 dispositions applied below; source result citations retained.
E02,"A if CLEAR with determinism, F FLAG and G1-G4, P:114 as amended",R/arm_T.json:31; R/p0prime_IS.json:98; R/arm_F_exact.json:31; G05-G08,A's pair uses current object's figures; full packaging (P:188),Original inventory with current findings M1 dispositions applied below; source result citations retained.
E03,"Under A, F_m FLAGS, P:114",R/arm_Fm.json:31 CLEARS: branch not taken,Would license catches foresight of this size but not selection,Original inventory with current findings M1 dispositions applied below; source result citations retained.
E04,"Under A, F_m also CLEARS, P:114",R/arm_Fm.json:31 CLEARS; R/fm_build3.log:9-10 dose overshoots,Limited fluke-of-this-kind claim; never general inability to detect overfit,Original inventory with current findings M1 dispositions applied below; source result citations retained.
E05,"B if T FLAGS with specific C and gates, P:116",R/arm_T.json:31 is CLEAR: branch not taken,Better instrument; narrower episode; possible fold is an editorial call; candidate B dead,Original inventory with current findings M1 dispositions applied below; source result citations retained.
E06,"C if T GREY, P:118",R/arm_T.json:31 not GREY,"Half rule passes, half fails; candidate B not licensed; editorial decision required",Original inventory with current findings M1 dispositions applied below; source result citations retained.
E07,"VOID alternatives, P:120",G01 superseded by amendment; G05-G11 show no current recorded invalidator,"Report instrument behavior, never narrate VOID as an ending",Original inventory with current findings M1 dispositions applied below; source result citations retained.
E08,"T/T2 disagreement, P:122",R/arm_T.json:31 and R/arm_T2.json:31 disagree,Report both; every result sentence names window; primary remains T,Original inventory with current findings M1 dispositions applied below; source result citations retained.
E09,"Instrument only; SPY disclosure and banned claims, P:11,124",R/arm_T.json:4 identifies IS; lab never tests source strategy,"No strategy-overfit claim, useless-check claim, derived trade count, unsourced model-cell claim or name in title",Original inventory with current findings M1 dispositions applied below; source result citations retained.
E10,"Amendments replace artifact object and parity, P:202-213,224-240",R/jesse_search_winner_IS.json:4-21 fixes current winner; R/p0prime_IS.json:91-98 replaces parity,Same question and class thresholds; only faithful current-object figures,Original inventory with current findings M1 dispositions applied below; source result citations retained.
R01,"Version 107 code/settings publication OR stated N/pipeline/batch size, P:144","Code and settings OR separately stated scenario count, method or batch size; neither route requires the other.",Rerun the eleven-year primary test with the published specification.,"Current findings M1, superseding the historical inventory discrepancy."
R02,"Evidence of Gaussian pipeline, P:145",The source pipeline remains unknown; evidence of Gaussian use is a separate trigger.,Rerun with the Gaussian pipeline.,"Current findings M1, superseding the historical inventory discrepancy."
R03,"Relevant Jesse code/default change, P:146","Future release condition, not graded by a lab arm",Rerun T,Original inventory with current findings M1 dispositions applied below; source result citations retained.
R04,"Defect in port/trade-list rebuild/pipeline reading, P:147","A defect in our port, rebuilt trade list or reading of the method is sufficient; a changed class is not required.",Keep affected results EXCLUDED; fix and rerun the registered test regardless of whether the class changes.,"Current findings M1, superseding the historical inventory discrepancy."
R05,"Fledgling section 9 bounties stand, P:148",Inherited bounties are retained individually in R06-R09.,Apply the explicit primary-window rule and M1 reconciliation.,"Current findings M1, superseding the historical inventory discrepancy."
R06,"Any Jesse MC-candles run FLAGS known-null search winner, F:195-196, retained P:148","The two-year winner FLAG literally contradicts the older unqualified hunch. The later, specific plan makes the eleven-year test primary; both window results were presented in ratification.",Primary A remains; we chose a standalone episode with both windows. A primary eleven-year FLAG invokes ending B and an editorial fold decision.,"Current findings M1, superseding the historical inventory discrepancy."
R07,"Any coronation episode re-tests previous king on new data, F:197-198",The other videos were not measured here. A prior winner retested on fresh data would be contrary evidence.,Rewrite the secondary expectation; do not assert the unmeasured corpus claim.,"Current findings M1, superseding the historical inventory discrepancy."
R08,"Published version-107 trade count hundreds rather than low tens, F:199-200",DORMANT: the source strategy trade-count beat is excluded; no published count established here.,A published count in the hundreds demotes the low-count premise from the number-pair.,"Current findings M1, superseding the historical inventory discrepancy."
R09,"Preregistered model-class result is top-two factor in comparable design, F:201-202",DORMANT: the model-class premise is excluded from this experiment.,A comparable pre-registered result placing model class among the top two factors defeats that premise.,"Current findings M1, superseding the historical inventory discrepancy."
R10,"Nicer seed, changed N/date cut/annualization, dropped odd scenarios are not reopening, P:150",Existing R/arm_T.json:16-20 documents settings; R/dropped_bound.json descriptive only,Cannot choose a preferred rerun by these changes,Original inventory with current findings M1 dispositions applied below; source result citations retained.
R11,"General instrument-cannot-see-selection premise, F:93, retained first bounty",R/arm_T2.json:31 is one observed counterexample,Claim must narrow; cannot retain universal statement,Original inventory with current findings M1 dispositions applied below; source result citations retained.
