instance,arm,window,valid,requested,z,cls,original,median,best_5,worst_5,p_value,original_return_pct,original_trades,evidence_class,source
1,T,2003-09-10 to 2014-12-31 (eleven years),187,200,0.4215530196537736,CLEARS,0.734945226535124,0.5199176646443632,1.0300019289377738,0.002032713459458819,0.27807486631016043,322.8282137566854,353,pre-registered arm under amended design; cleaning adopted after diagnostic,arm_T.json
2,F,2003-09-10 to 2014-12-31 (eleven years),46,50,6.773926869341494,FLAGS,4.575793358940795,1.2408980096812892,1.7332114659060827,0.598188350225418,0.0,100085.92129554128,93,pre-registered arm under amended design; cleaning adopted after diagnostic,arm_F.json
3,F_exact,2003-09-10 to 2014-12-31 (eleven years),46,50,6.491354389323251,FLAGS,4.3678917270407585,1.2087703698890286,1.6954363516982702,0.5509075747878921,0.0,91951.76077793103,97,corrective literal-rule rerun; not a new pre-registered arm,arm_F_exact.json
4,Fm,2003-09-10 to 2014-12-31 (eleven years),187,200,0.3532470248033315,CLEARS,0.8957919587604072,0.6835026407796954,1.2844682627800585,0.11940693280420744,0.25668449197860965,470.3049891688191,334,pre-registered arm under amended design; cleaning adopted after diagnostic,arm_Fm.json
5,C00,2003-09-10 to 2014-12-31 (eleven years),46,50,-1.1229514537230827,CLEARS,-0.5025273900029288,-0.011667486151264887,0.42544838579871597,-0.6089491749540216,0.8695652173913043,-93.48775857917553,1066,pre-registered arm under amended design; cleaning adopted after diagnostic,arm_C00.json
6,C01,2003-09-10 to 2014-12-31 (eleven years),46,50,-0.15525364739160072,CLEARS,-0.6927077541025466,-0.6188571592896172,-0.14318012333146046,-1.0039584573948455,0.6521739130434783,-97.89151884354911,1309,pre-registered arm under amended design; cleaning adopted after diagnostic,arm_C01.json
7,C02,2003-09-10 to 2014-12-31 (eleven years),46,50,-0.8999671998591025,CLEARS,-0.5413295671985543,-0.10141744415582765,0.3873916181206627,-0.5336602528345249,0.9347826086956522,-90.21213940884172,727,pre-registered arm under amended design; cleaning adopted after diagnostic,arm_C02.json
8,C03,2003-09-10 to 2014-12-31 (eleven years),46,50,-1.5467000035424714,CLEARS,-0.40529398675273387,0.3038698542451765,0.7623710757966622,-0.1238563965102007,0.9782608695652174,-77.91995611359167,546,pre-registered arm under amended design; cleaning adopted after diagnostic,arm_C03.json
9,C04,2003-09-10 to 2014-12-31 (eleven years),46,50,-0.06439610548992905,CLEARS,-0.18035776076783272,-0.1525193583560093,0.27978011379416734,-0.592812022696275,0.5217391304347826,-73.6188806201587,860,pre-registered arm under amended design; cleaning adopted after diagnostic,arm_C04.json
10,C05,2003-09-10 to 2014-12-31 (eleven years),46,50,-0.4770678826103621,CLEARS,-0.0970115357225263,0.22303318551427698,0.8938910086936984,-0.20855559274178,0.8478260869565217,-40.022869303511754,353,pre-registered arm under amended design; cleaning adopted after diagnostic,arm_C05.json
11,C06,2003-09-10 to 2014-12-31 (eleven years),46,50,-0.19824994393424464,CLEARS,0.349699068033144,0.4329423268471258,0.8528327800902897,-0.3337092894631629,0.5217391304347826,71.27944506718262,475,pre-registered arm under amended design; cleaning adopted after diagnostic,arm_C06.json
12,C07,2003-09-10 to 2014-12-31 (eleven years),46,50,0.07423592949302937,CLEARS,0.35564833633464304,0.3215366322859192,0.7810405986493613,-0.24880217842729763,0.45652173913043476,76.48078970076124,549,pre-registered arm under amended design; cleaning adopted after diagnostic,arm_C07.json
13,C08,2003-09-10 to 2014-12-31 (eleven years),46,50,-0.719752310589972,CLEARS,-0.2635972252111038,0.018976367029707897,0.4115747485606954,-0.6720199031086849,0.717391304347826,-74.8405306087174,700,pre-registered arm under amended design; cleaning adopted after diagnostic,arm_C08.json
14,C09,2003-09-10 to 2014-12-31 (eleven years),46,50,-0.8439013827853236,CLEARS,-0.655490595322837,-0.3108993841835916,0.09743175280531954,-0.8369496082155305,0.8478260869565217,-89.29617252346368,567,pre-registered arm under amended design; cleaning adopted after diagnostic,arm_C09.json
15,T2,2013-01-01 to 2014-12-31 (two years),200,200,1.4242297383925369,FLAGS,1.9480632551514427,0.013751029678749088,1.3718972425614149,-1.4887846571688663,0.01,237.2007422170032,235,pre-registered arm under amended design; cleaning adopted after diagnostic,arm_T2.json
16,F2,2013-01-01 to 2014-12-31 (two years),50,50,8.524531838493566,FLAGS,8.635983958947135,0.2819974713190889,1.2619910528908767,-1.006454919286187,0.0,11744.481523555922,64,pre-registered arm under amended design; cleaning adopted after diagnostic,arm_F2.json
17,C2_00,2013-01-01 to 2014-12-31 (two years),50,50,-0.5033694044718356,CLEARS,-0.5607776939973682,-0.008430885315242602,1.0888682428701104,-1.300926036304668,0.78,-36.036465214674315,172,pre-registered arm under amended design; cleaning adopted after diagnostic,arm_C2_00.json
18,C2_01,2013-01-01 to 2014-12-31 (two years),50,50,-0.85362467610374,CLEARS,-0.02886184714113818,0.9601250834375874,2.1186985856620417,-0.16169939543881723,0.92,-9.791744920275555,128,pre-registered arm under amended design; cleaning adopted after diagnostic,arm_C2_01.json
19,C2_02,2013-01-01 to 2014-12-31 (two years),50,50,-0.0735429816349729,CLEARS,-0.3797783199892535,-0.2576613973200248,1.402822308322347,-1.3743728746238242,0.56,-41.562739683506464,338,pre-registered arm under amended design; cleaning adopted after diagnostic,arm_C2_02.json
20,C2_03,2013-01-01 to 2014-12-31 (two years),50,50,0.0750820053768137,CLEARS,1.508672962875859,1.3372897013813536,3.619904032663331,-0.11387272147433075,0.42,76.6928201433415,79,pre-registered arm under amended design; cleaning adopted after diagnostic,arm_C2_03.json
21,C2_04,2013-01-01 to 2014-12-31 (two years),50,50,-0.10811332994504554,CLEARS,0.3659832503167253,0.5120983458531451,1.8635976994545065,-0.7248909649111822,0.62,8.448900574907647,210,pre-registered arm under amended design; cleaning adopted after diagnostic,arm_C2_04.json
22,C2_05,2013-01-01 to 2014-12-31 (two years),50,50,-0.5229397012224916,CLEARS,0.5140489268751671,1.366061703712726,2.99533707684998,0.06362101288496598,0.86,15.794054535161491,77,pre-registered arm under amended design; cleaning adopted after diagnostic,arm_C2_05.json
23,C2_06,2013-01-01 to 2014-12-31 (two years),50,50,0.7123917136111267,GREY,1.3461400072927938,0.44849113117412304,1.7085407063839075,-0.8627290914911214,0.18,60.60582521110426,74,pre-registered arm under amended design; cleaning adopted after diagnostic,arm_C2_06.json
24,C2_07,2013-01-01 to 2014-12-31 (two years),50,50,-1.0678004859250967,CLEARS,0.6010762453932238,1.645230055260869,2.623084835841002,-0.05865591576159783,0.86,18.88766443072272,71,pre-registered arm under amended design; cleaning adopted after diagnostic,arm_C2_07.json
25,C2_08,2013-01-01 to 2014-12-31 (two years),50,50,-1.490745921316847,CLEARS,-0.4373693990559437,1.1985889969134438,2.2959982687256835,0.3715169202819467,1.0,-21.436817186236382,76,pre-registered arm under amended design; cleaning adopted after diagnostic,arm_C2_08.json
26,C2_09,2013-01-01 to 2014-12-31 (two years),50,50,-0.08698353077751869,CLEARS,-0.32055581361836405,-0.25250041345276936,0.5298936737643012,-1.6336334906920489,0.56,-19.056829028500914,110,pre-registered arm under amended design; cleaning adopted after diagnostic,arm_C2_09.json
